sample,fastq_1,fastq_2,marker,run
11240_0323hrs_eb_12_5_23_S130,/hdd0/laucoo/fastq/newfastq/V0347/12S/15_no_primers/11240_0323hrs_eb_12_5_23_S130_R1_cuta_noprim.fastq.gz,/hdd0/laucoo/fastq/newfastq/V0347/12S/15_no_primers/11240_0323hrs_eb_12_5_23_S130_R2_cuta_noprim.fastq.gz,12S,run1
11240_16_11_23_eb_S131,/hdd0/laucoo/fastq/newfastq/V0347/12S/15_no_primers/11240_16_11_23_eb_S131_R1_cuta_noprim.fastq.gz,/hdd0/laucoo/fastq/newfastq/V0347/12S/15_no_primers/11240_16_11_23_eb_S131_R2_cuta_noprim.fastq.gz,12S,run1
11240_18_5_23_eb_S132,/hdd0/laucoo/fastq/newfastq/V0347/12S/15_no_primers/11240_18_5_23_eb_S132_R1_cuta_noprim.fastq.gz,/hdd0/laucoo/fastq/newfastq/V0347/12S/15_no_primers/11240_18_5_23_eb_S132_R2_cuta_noprim.fastq.gz,12S,run1
11240_3_5_23_eb_0323HC_EB_S133,/hdd0/laucoo/fastq/newfastq/V0347/12S/15_no_primers/11240_3_5_23_eb_0323HC_EB_S133_R1_cuta_noprim.fastq.gz,/hdd0/laucoo/fastq/newfastq/V0347/12S/15_no_primers/11240_3_5_23_eb_0323HC_EB_S133_R2_cuta_noprim.fastq.gz,12S,run1
11240_EB1_18_12_23_0088_S134,/hdd0/laucoo/fastq/newfastq/V0347/12S/15_no_primers/11240_EB1_18_12_23_0088_S134_R1_cuta_noprim.fastq.gz,/hdd0/laucoo/fastq/newfastq/V0347/12S/15_no_primers/11240_EB1_18_12_23_0088_S134_R2_cuta_noprim.fastq.gz,12S,run1
11240_EB1_18_12_23_0089_S135,/hdd0/laucoo/fastq/newfastq/V0347/12S/15_no_primers/11240_EB1_18_12_23_0089_S135_R1_cuta_noprim.fastq.gz,/hdd0/laucoo/fastq/newfastq/V0347/12S/15_no_primers/11240_EB1_18_12_23_0089_S135_R2_cuta_noprim.fastq.gz,12S,run1
11240_HC_1123_W1_S136,/hdd0/laucoo/fastq/newfastq/V0347/12S/15_no_primers/11240_HC_1123_W1_S136_R1_cuta_noprim.fastq.gz,/hdd0/laucoo/fastq/newfastq/V0347/12S/15_no_primers/11240_HC_1123_W1_S136_R2_cuta_noprim.fastq.gz,12S,run1
11240_HC_1123_W2_S137,/hdd0/laucoo/fastq/newfastq/V0347/12S/15_no_primers/11240_HC_1123_W2_S137_R1_cuta_noprim.fastq.gz,/hdd0/laucoo/fastq/newfastq/V0347/12S/15_no_primers/11240_HC_1123_W2_S137_R2_cuta_noprim.fastq.gz,12S,run1
11240_HC_1123_W3_S138,/hdd0/laucoo/fastq/newfastq/V0347/12S/15_no_primers/11240_HC_1123_W3_S138_R1_cuta_noprim.fastq.gz,/hdd0/laucoo/fastq/newfastq/V0347/12S/15_no_primers/11240_HC_1123_W3_S138_R2_cuta_noprim.fastq.gz,12S,run1
11240_HC_323_S10_S140,/hdd0/laucoo/fastq/newfastq/V0347/12S/15_no_primers/11240_HC_323_S10_S140_R1_cuta_noprim.fastq.gz,/hdd0/laucoo/fastq/newfastq/V0347/12S/15_no_primers/11240_HC_323_S10_S140_R2_cuta_noprim.fastq.gz,12S,run1
11240_HC_323_S11_S141,/hdd0/laucoo/fastq/newfastq/V0347/12S/15_no_primers/11240_HC_323_S11_S141_R1_cuta_noprim.fastq.gz,/hdd0/laucoo/fastq/newfastq/V0347/12S/15_no_primers/11240_HC_323_S11_S141_R2_cuta_noprim.fastq.gz,12S,run1
11240_HC_323_S12_S142,/hdd0/laucoo/fastq/newfastq/V0347/12S/15_no_primers/11240_HC_323_S12_S142_R1_cuta_noprim.fastq.gz,/hdd0/laucoo/fastq/newfastq/V0347/12S/15_no_primers/11240_HC_323_S12_S142_R2_cuta_noprim.fastq.gz,12S,run1
11240_HC_323_S1_S139,/hdd0/laucoo/fastq/newfastq/V0347/12S/15_no_primers/11240_HC_323_S1_S139_R1_cuta_noprim.fastq.gz,/hdd0/laucoo/fastq/newfastq/V0347/12S/15_no_primers/11240_HC_323_S1_S139_R2_cuta_noprim.fastq.gz,12S,run1
11240_HC_323_S2_S143,/hdd0/laucoo/fastq/newfastq/V0347/12S/15_no_primers/11240_HC_323_S2_S143_R1_cuta_noprim.fastq.gz,/hdd0/laucoo/fastq/newfastq/V0347/12S/15_no_primers/11240_HC_323_S2_S143_R2_cuta_noprim.fastq.gz,12S,run1
11240_HC_323_S3_S144,/hdd0/laucoo/fastq/newfastq/V0347/12S/15_no_primers/11240_HC_323_S3_S144_R1_cuta_noprim.fastq.gz,/hdd0/laucoo/fastq/newfastq/V0347/12S/15_no_primers/11240_HC_323_S3_S144_R2_cuta_noprim.fastq.gz,12S,run1
11240_HC_323_S4_S145,/hdd0/laucoo/fastq/newfastq/V0347/12S/15_no_primers/11240_HC_323_S4_S145_R1_cuta_noprim.fastq.gz,/hdd0/laucoo/fastq/newfastq/V0347/12S/15_no_primers/11240_HC_323_S4_S145_R2_cuta_noprim.fastq.gz,12S,run1
11240_HC_323_S5_S146,/hdd0/laucoo/fastq/newfastq/V0347/12S/15_no_primers/11240_HC_323_S5_S146_R1_cuta_noprim.fastq.gz,/hdd0/laucoo/fastq/newfastq/V0347/12S/15_no_primers/11240_HC_323_S5_S146_R2_cuta_noprim.fastq.gz,12S,run1
11240_HC_323_S6_S147,/hdd0/laucoo/fastq/newfastq/V0347/12S/15_no_primers/11240_HC_323_S6_S147_R1_cuta_noprim.fastq.gz,/prj/DECODE/oysters/nf-edna-pipeline/samplesheets/fixed_fastq/11240_HC_323_S6_S147_R2_cuta_noprim.fastq.gz,12S,run1
11240_HC_323_S7_S148,/hdd0/laucoo/fastq/newfastq/V0347/12S/15_no_primers/11240_HC_323_S7_S148_R1_cuta_noprim.fastq.gz,/hdd0/laucoo/fastq/newfastq/V0347/12S/15_no_primers/11240_HC_323_S7_S148_R2_cuta_noprim.fastq.gz,12S,run1
11240_HC_323_S8_S149,/hdd0/laucoo/fastq/newfastq/V0347/12S/15_no_primers/11240_HC_323_S8_S149_R1_cuta_noprim.fastq.gz,/hdd0/laucoo/fastq/newfastq/V0347/12S/15_no_primers/11240_HC_323_S8_S149_R2_cuta_noprim.fastq.gz,12S,run1
11240_HC_323_S9_S150,/hdd0/laucoo/fastq/newfastq/V0347/12S/15_no_primers/11240_HC_323_S9_S150_R1_cuta_noprim.fastq.gz,/hdd0/laucoo/fastq/newfastq/V0347/12S/15_no_primers/11240_HC_323_S9_S150_R2_cuta_noprim.fastq.gz,12S,run1
11240_HC_323_W1_S151,/hdd0/laucoo/fastq/newfastq/V0347/12S/15_no_primers/11240_HC_323_W1_S151_R1_cuta_noprim.fastq.gz,/hdd0/laucoo/fastq/newfastq/V0347/12S/15_no_primers/11240_HC_323_W1_S151_R2_cuta_noprim.fastq.gz,12S,run1
11240_HC_323_W2_S152,/hdd0/laucoo/fastq/newfastq/V0347/12S/15_no_primers/11240_HC_323_W2_S152_R1_cuta_noprim.fastq.gz,/hdd0/laucoo/fastq/newfastq/V0347/12S/15_no_primers/11240_HC_323_W2_S152_R2_cuta_noprim.fastq.gz,12S,run1
11240_HC_323_W3_S153,/hdd0/laucoo/fastq/newfastq/V0347/12S/15_no_primers/11240_HC_323_W3_S153_R1_cuta_noprim.fastq.gz,/hdd0/laucoo/fastq/newfastq/V0347/12S/15_no_primers/11240_HC_323_W3_S153_R2_cuta_noprim.fastq.gz,12S,run1
11240_HC_621_S10_S155,/hdd0/laucoo/fastq/newfastq/V0347/12S/15_no_primers/11240_HC_621_S10_S155_R1_cuta_noprim.fastq.gz,/hdd0/laucoo/fastq/newfastq/V0347/12S/15_no_primers/11240_HC_621_S10_S155_R2_cuta_noprim.fastq.gz,12S,run1
11240_HC_621_S11_S156,/hdd0/laucoo/fastq/newfastq/V0347/12S/15_no_primers/11240_HC_621_S11_S156_R1_cuta_noprim.fastq.gz,/hdd0/laucoo/fastq/newfastq/V0347/12S/15_no_primers/11240_HC_621_S11_S156_R2_cuta_noprim.fastq.gz,12S,run1
11240_HC_621_S12_S157,/hdd0/laucoo/fastq/newfastq/V0347/12S/15_no_primers/11240_HC_621_S12_S157_R1_cuta_noprim.fastq.gz,/prj/DECODE/oysters/nf-edna-pipeline/samplesheets/fixed_fastq/11240_HC_621_S12_S157_R2_cuta_noprim.fastq.gz,12S,run1
11240_HC_621_S1_S154,/hdd0/laucoo/fastq/newfastq/V0347/12S/15_no_primers/11240_HC_621_S1_S154_R1_cuta_noprim.fastq.gz,/hdd0/laucoo/fastq/newfastq/V0347/12S/15_no_primers/11240_HC_621_S1_S154_R2_cuta_noprim.fastq.gz,12S,run1
11240_HC_621_S2_S158,/hdd0/laucoo/fastq/newfastq/V0347/12S/15_no_primers/11240_HC_621_S2_S158_R1_cuta_noprim.fastq.gz,/hdd0/laucoo/fastq/newfastq/V0347/12S/15_no_primers/11240_HC_621_S2_S158_R2_cuta_noprim.fastq.gz,12S,run1
11240_HC_621_S3_S159,/hdd0/laucoo/fastq/newfastq/V0347/12S/15_no_primers/11240_HC_621_S3_S159_R1_cuta_noprim.fastq.gz,/hdd0/laucoo/fastq/newfastq/V0347/12S/15_no_primers/11240_HC_621_S3_S159_R2_cuta_noprim.fastq.gz,12S,run1
11240_HC_621_S4_S160,/hdd0/laucoo/fastq/newfastq/V0347/12S/15_no_primers/11240_HC_621_S4_S160_R1_cuta_noprim.fastq.gz,/hdd0/laucoo/fastq/newfastq/V0347/12S/15_no_primers/11240_HC_621_S4_S160_R2_cuta_noprim.fastq.gz,12S,run1
11240_HC_621_S5_S161,/hdd0/laucoo/fastq/newfastq/V0347/12S/15_no_primers/11240_HC_621_S5_S161_R1_cuta_noprim.fastq.gz,/hdd0/laucoo/fastq/newfastq/V0347/12S/15_no_primers/11240_HC_621_S5_S161_R2_cuta_noprim.fastq.gz,12S,run1
11240_HC_621_S6_S162,/hdd0/laucoo/fastq/newfastq/V0347/12S/15_no_primers/11240_HC_621_S6_S162_R1_cuta_noprim.fastq.gz,/hdd0/laucoo/fastq/newfastq/V0347/12S/15_no_primers/11240_HC_621_S6_S162_R2_cuta_noprim.fastq.gz,12S,run1
11240_HC_621_S7_S163,/hdd0/laucoo/fastq/newfastq/V0347/12S/15_no_primers/11240_HC_621_S7_S163_R1_cuta_noprim.fastq.gz,/hdd0/laucoo/fastq/newfastq/V0347/12S/15_no_primers/11240_HC_621_S7_S163_R2_cuta_noprim.fastq.gz,12S,run1
11240_HC_621_S8_S164,/hdd0/laucoo/fastq/newfastq/V0347/12S/15_no_primers/11240_HC_621_S8_S164_R1_cuta_noprim.fastq.gz,/hdd0/laucoo/fastq/newfastq/V0347/12S/15_no_primers/11240_HC_621_S8_S164_R2_cuta_noprim.fastq.gz,12S,run1
11240_HC_621_S9_S165,/hdd0/laucoo/fastq/newfastq/V0347/12S/15_no_primers/11240_HC_621_S9_S165_R1_cuta_noprim.fastq.gz,/hdd0/laucoo/fastq/newfastq/V0347/12S/15_no_primers/11240_HC_621_S9_S165_R2_cuta_noprim.fastq.gz,12S,run1
11240_HC_721_W1_S166,/hdd0/laucoo/fastq/newfastq/V0347/12S/15_no_primers/11240_HC_721_W1_S166_R1_cuta_noprim.fastq.gz,/hdd0/laucoo/fastq/newfastq/V0347/12S/15_no_primers/11240_HC_721_W1_S166_R2_cuta_noprim.fastq.gz,12S,run1
11240_HC_721_W2_S167,/hdd0/laucoo/fastq/newfastq/V0347/12S/15_no_primers/11240_HC_721_W2_S167_R1_cuta_noprim.fastq.gz,/hdd0/laucoo/fastq/newfastq/V0347/12S/15_no_primers/11240_HC_721_W2_S167_R2_cuta_noprim.fastq.gz,12S,run1
11240_HC_721_W3_S168,/hdd0/laucoo/fastq/newfastq/V0347/12S/15_no_primers/11240_HC_721_W3_S168_R1_cuta_noprim.fastq.gz,/hdd0/laucoo/fastq/newfastq/V0347/12S/15_no_primers/11240_HC_721_W3_S168_R2_cuta_noprim.fastq.gz,12S,run1
11240_HC_722_S10_S170,/hdd0/laucoo/fastq/newfastq/V0347/12S/15_no_primers/11240_HC_722_S10_S170_R1_cuta_noprim.fastq.gz,/hdd0/laucoo/fastq/newfastq/V0347/12S/15_no_primers/11240_HC_722_S10_S170_R2_cuta_noprim.fastq.gz,12S,run1
11240_HC_722_S11_S171,/hdd0/laucoo/fastq/newfastq/V0347/12S/15_no_primers/11240_HC_722_S11_S171_R1_cuta_noprim.fastq.gz,/hdd0/laucoo/fastq/newfastq/V0347/12S/15_no_primers/11240_HC_722_S11_S171_R2_cuta_noprim.fastq.gz,12S,run1
11240_HC_722_S12_S172,/hdd0/laucoo/fastq/newfastq/V0347/12S/15_no_primers/11240_HC_722_S12_S172_R1_cuta_noprim.fastq.gz,/hdd0/laucoo/fastq/newfastq/V0347/12S/15_no_primers/11240_HC_722_S12_S172_R2_cuta_noprim.fastq.gz,12S,run1
11240_HC_722_S1_S169,/hdd0/laucoo/fastq/newfastq/V0347/12S/15_no_primers/11240_HC_722_S1_S169_R1_cuta_noprim.fastq.gz,/hdd0/laucoo/fastq/newfastq/V0347/12S/15_no_primers/11240_HC_722_S1_S169_R2_cuta_noprim.fastq.gz,12S,run1
11240_HC_722_S2_S173,/hdd0/laucoo/fastq/newfastq/V0347/12S/15_no_primers/11240_HC_722_S2_S173_R1_cuta_noprim.fastq.gz,/hdd0/laucoo/fastq/newfastq/V0347/12S/15_no_primers/11240_HC_722_S2_S173_R2_cuta_noprim.fastq.gz,12S,run1
11240_HC_722_S3_S174,/hdd0/laucoo/fastq/newfastq/V0347/12S/15_no_primers/11240_HC_722_S3_S174_R1_cuta_noprim.fastq.gz,/hdd0/laucoo/fastq/newfastq/V0347/12S/15_no_primers/11240_HC_722_S3_S174_R2_cuta_noprim.fastq.gz,12S,run1
11240_HC_722_S4_S175,/hdd0/laucoo/fastq/newfastq/V0347/12S/15_no_primers/11240_HC_722_S4_S175_R1_cuta_noprim.fastq.gz,/hdd0/laucoo/fastq/newfastq/V0347/12S/15_no_primers/11240_HC_722_S4_S175_R2_cuta_noprim.fastq.gz,12S,run1
11240_HC_722_S5_S176,/hdd0/laucoo/fastq/newfastq/V0347/12S/15_no_primers/11240_HC_722_S5_S176_R1_cuta_noprim.fastq.gz,/hdd0/laucoo/fastq/newfastq/V0347/12S/15_no_primers/11240_HC_722_S5_S176_R2_cuta_noprim.fastq.gz,12S,run1
11240_HC_722_S6_S177,/hdd0/laucoo/fastq/newfastq/V0347/12S/15_no_primers/11240_HC_722_S6_S177_R1_cuta_noprim.fastq.gz,/hdd0/laucoo/fastq/newfastq/V0347/12S/15_no_primers/11240_HC_722_S6_S177_R2_cuta_noprim.fastq.gz,12S,run1
11240_HC_722_S7_S178,/hdd0/laucoo/fastq/newfastq/V0347/12S/15_no_primers/11240_HC_722_S7_S178_R1_cuta_noprim.fastq.gz,/hdd0/laucoo/fastq/newfastq/V0347/12S/15_no_primers/11240_HC_722_S7_S178_R2_cuta_noprim.fastq.gz,12S,run1
11240_HC_722_S8_S179,/hdd0/laucoo/fastq/newfastq/V0347/12S/15_no_primers/11240_HC_722_S8_S179_R1_cuta_noprim.fastq.gz,/hdd0/laucoo/fastq/newfastq/V0347/12S/15_no_primers/11240_HC_722_S8_S179_R2_cuta_noprim.fastq.gz,12S,run1
11240_HC_722_S9_S180,/hdd0/laucoo/fastq/newfastq/V0347/12S/15_no_primers/11240_HC_722_S9_S180_R1_cuta_noprim.fastq.gz,/hdd0/laucoo/fastq/newfastq/V0347/12S/15_no_primers/11240_HC_722_S9_S180_R2_cuta_noprim.fastq.gz,12S,run1
11240_HC_722_W1_S181,/hdd0/laucoo/fastq/newfastq/V0347/12S/15_no_primers/11240_HC_722_W1_S181_R1_cuta_noprim.fastq.gz,/hdd0/laucoo/fastq/newfastq/V0347/12S/15_no_primers/11240_HC_722_W1_S181_R2_cuta_noprim.fastq.gz,12S,run1
11240_HC_722_W2_S182,/hdd0/laucoo/fastq/newfastq/V0347/12S/15_no_primers/11240_HC_722_W2_S182_R1_cuta_noprim.fastq.gz,/hdd0/laucoo/fastq/newfastq/V0347/12S/15_no_primers/11240_HC_722_W2_S182_R2_cuta_noprim.fastq.gz,12S,run1
11240_HC_722_W3_S183,/hdd0/laucoo/fastq/newfastq/V0347/12S/15_no_primers/11240_HC_722_W3_S183_R1_cuta_noprim.fastq.gz,/hdd0/laucoo/fastq/newfastq/V0347/12S/15_no_primers/11240_HC_722_W3_S183_R2_cuta_noprim.fastq.gz,12S,run1
11240_HH_1123_W1_S184,/hdd0/laucoo/fastq/newfastq/V0347/12S/15_no_primers/11240_HH_1123_W1_S184_R1_cuta_noprim.fastq.gz,/hdd0/laucoo/fastq/newfastq/V0347/12S/15_no_primers/11240_HH_1123_W1_S184_R2_cuta_noprim.fastq.gz,12S,run1
11240_HH_1123_W2_S185,/hdd0/laucoo/fastq/newfastq/V0347/12S/15_no_primers/11240_HH_1123_W2_S185_R1_cuta_noprim.fastq.gz,/hdd0/laucoo/fastq/newfastq/V0347/12S/15_no_primers/11240_HH_1123_W2_S185_R2_cuta_noprim.fastq.gz,12S,run1
11240_HH_1123_W3_S186,/hdd0/laucoo/fastq/newfastq/V0347/12S/15_no_primers/11240_HH_1123_W3_S186_R1_cuta_noprim.fastq.gz,/hdd0/laucoo/fastq/newfastq/V0347/12S/15_no_primers/11240_HH_1123_W3_S186_R2_cuta_noprim.fastq.gz,12S,run1
11240_HH_323_W1_S187,/hdd0/laucoo/fastq/newfastq/V0347/12S/15_no_primers/11240_HH_323_W1_S187_R1_cuta_noprim.fastq.gz,/hdd0/laucoo/fastq/newfastq/V0347/12S/15_no_primers/11240_HH_323_W1_S187_R2_cuta_noprim.fastq.gz,12S,run1
11240_HH_323_W2_S188,/hdd0/laucoo/fastq/newfastq/V0347/12S/15_no_primers/11240_HH_323_W2_S188_R1_cuta_noprim.fastq.gz,/hdd0/laucoo/fastq/newfastq/V0347/12S/15_no_primers/11240_HH_323_W2_S188_R2_cuta_noprim.fastq.gz,12S,run1
11240_HH_323_W3_S189,/hdd0/laucoo/fastq/newfastq/V0347/12S/15_no_primers/11240_HH_323_W3_S189_R1_cuta_noprim.fastq.gz,/hdd0/laucoo/fastq/newfastq/V0347/12S/15_no_primers/11240_HH_323_W3_S189_R2_cuta_noprim.fastq.gz,12S,run1
11240_HH_722_S10_S191,/hdd0/laucoo/fastq/newfastq/V0347/12S/15_no_primers/11240_HH_722_S10_S191_R1_cuta_noprim.fastq.gz,/hdd0/laucoo/fastq/newfastq/V0347/12S/15_no_primers/11240_HH_722_S10_S191_R2_cuta_noprim.fastq.gz,12S,run1
11240_HH_722_S11_S192,/hdd0/laucoo/fastq/newfastq/V0347/12S/15_no_primers/11240_HH_722_S11_S192_R1_cuta_noprim.fastq.gz,/hdd0/laucoo/fastq/newfastq/V0347/12S/15_no_primers/11240_HH_722_S11_S192_R2_cuta_noprim.fastq.gz,12S,run1
11240_HH_722_S12_S193,/hdd0/laucoo/fastq/newfastq/V0347/12S/15_no_primers/11240_HH_722_S12_S193_R1_cuta_noprim.fastq.gz,/hdd0/laucoo/fastq/newfastq/V0347/12S/15_no_primers/11240_HH_722_S12_S193_R2_cuta_noprim.fastq.gz,12S,run1
11240_HH_722_S1_S190,/hdd0/laucoo/fastq/newfastq/V0347/12S/15_no_primers/11240_HH_722_S1_S190_R1_cuta_noprim.fastq.gz,/hdd0/laucoo/fastq/newfastq/V0347/12S/15_no_primers/11240_HH_722_S1_S190_R2_cuta_noprim.fastq.gz,12S,run1
11240_HH_722_S2_S194,/hdd0/laucoo/fastq/newfastq/V0347/12S/15_no_primers/11240_HH_722_S2_S194_R1_cuta_noprim.fastq.gz,/hdd0/laucoo/fastq/newfastq/V0347/12S/15_no_primers/11240_HH_722_S2_S194_R2_cuta_noprim.fastq.gz,12S,run1
11240_HH_722_S3_S195,/hdd0/laucoo/fastq/newfastq/V0347/12S/15_no_primers/11240_HH_722_S3_S195_R1_cuta_noprim.fastq.gz,/hdd0/laucoo/fastq/newfastq/V0347/12S/15_no_primers/11240_HH_722_S3_S195_R2_cuta_noprim.fastq.gz,12S,run1
11240_HH_722_S4_S196,/hdd0/laucoo/fastq/newfastq/V0347/12S/15_no_primers/11240_HH_722_S4_S196_R1_cuta_noprim.fastq.gz,/hdd0/laucoo/fastq/newfastq/V0347/12S/15_no_primers/11240_HH_722_S4_S196_R2_cuta_noprim.fastq.gz,12S,run1
11240_HH_722_S5_S197,/hdd0/laucoo/fastq/newfastq/V0347/12S/15_no_primers/11240_HH_722_S5_S197_R1_cuta_noprim.fastq.gz,/hdd0/laucoo/fastq/newfastq/V0347/12S/15_no_primers/11240_HH_722_S5_S197_R2_cuta_noprim.fastq.gz,12S,run1
11240_HH_722_S6_S198,/hdd0/laucoo/fastq/newfastq/V0347/12S/15_no_primers/11240_HH_722_S6_S198_R1_cuta_noprim.fastq.gz,/hdd0/laucoo/fastq/newfastq/V0347/12S/15_no_primers/11240_HH_722_S6_S198_R2_cuta_noprim.fastq.gz,12S,run1
11240_HH_722_S7_S199,/hdd0/laucoo/fastq/newfastq/V0347/12S/15_no_primers/11240_HH_722_S7_S199_R1_cuta_noprim.fastq.gz,/hdd0/laucoo/fastq/newfastq/V0347/12S/15_no_primers/11240_HH_722_S7_S199_R2_cuta_noprim.fastq.gz,12S,run1
11240_HH_722_S8_S200,/hdd0/laucoo/fastq/newfastq/V0347/12S/15_no_primers/11240_HH_722_S8_S200_R1_cuta_noprim.fastq.gz,/hdd0/laucoo/fastq/newfastq/V0347/12S/15_no_primers/11240_HH_722_S8_S200_R2_cuta_noprim.fastq.gz,12S,run1
11240_HH_722_S9_S201,/hdd0/laucoo/fastq/newfastq/V0347/12S/15_no_primers/11240_HH_722_S9_S201_R1_cuta_noprim.fastq.gz,/hdd0/laucoo/fastq/newfastq/V0347/12S/15_no_primers/11240_HH_722_S9_S201_R2_cuta_noprim.fastq.gz,12S,run1
11240_HH_722_W1_S202,/hdd0/laucoo/fastq/newfastq/V0347/12S/15_no_primers/11240_HH_722_W1_S202_R1_cuta_noprim.fastq.gz,/hdd0/laucoo/fastq/newfastq/V0347/12S/15_no_primers/11240_HH_722_W1_S202_R2_cuta_noprim.fastq.gz,12S,run1
11240_HH_722_W2_S203,/hdd0/laucoo/fastq/newfastq/V0347/12S/15_no_primers/11240_HH_722_W2_S203_R1_cuta_noprim.fastq.gz,/hdd0/laucoo/fastq/newfastq/V0347/12S/15_no_primers/11240_HH_722_W2_S203_R2_cuta_noprim.fastq.gz,12S,run1
11240_HH_722_W3_S204,/hdd0/laucoo/fastq/newfastq/V0347/12S/15_no_primers/11240_HH_722_W3_S204_R1_cuta_noprim.fastq.gz,/hdd0/laucoo/fastq/newfastq/V0347/12S/15_no_primers/11240_HH_722_W3_S204_R2_cuta_noprim.fastq.gz,12S,run1
11240_HR6_21_S10_S205,/hdd0/laucoo/fastq/newfastq/V0347/12S/15_no_primers/11240_HR6_21_S10_S205_R1_cuta_noprim.fastq.gz,/hdd0/laucoo/fastq/newfastq/V0347/12S/15_no_primers/11240_HR6_21_S10_S205_R2_cuta_noprim.fastq.gz,12S,run1
11240_HR6_21_S11_S206,/hdd0/laucoo/fastq/newfastq/V0347/12S/15_no_primers/11240_HR6_21_S11_S206_R1_cuta_noprim.fastq.gz,/hdd0/laucoo/fastq/newfastq/V0347/12S/15_no_primers/11240_HR6_21_S11_S206_R2_cuta_noprim.fastq.gz,12S,run1
11240_HR6_21_S12_S207,/hdd0/laucoo/fastq/newfastq/V0347/12S/15_no_primers/11240_HR6_21_S12_S207_R1_cuta_noprim.fastq.gz,/hdd0/laucoo/fastq/newfastq/V0347/12S/15_no_primers/11240_HR6_21_S12_S207_R2_cuta_noprim.fastq.gz,12S,run1
11240_HR6_21_S9_S208,/hdd0/laucoo/fastq/newfastq/V0347/12S/15_no_primers/11240_HR6_21_S9_S208_R1_cuta_noprim.fastq.gz,/hdd0/laucoo/fastq/newfastq/V0347/12S/15_no_primers/11240_HR6_21_S9_S208_R2_cuta_noprim.fastq.gz,12S,run1
11240_HR_1123_W1_S209,/hdd0/laucoo/fastq/newfastq/V0347/12S/15_no_primers/11240_HR_1123_W1_S209_R1_cuta_noprim.fastq.gz,/hdd0/laucoo/fastq/newfastq/V0347/12S/15_no_primers/11240_HR_1123_W1_S209_R2_cuta_noprim.fastq.gz,12S,run1
11240_HR_1123_W2_S210,/hdd0/laucoo/fastq/newfastq/V0347/12S/15_no_primers/11240_HR_1123_W2_S210_R1_cuta_noprim.fastq.gz,/hdd0/laucoo/fastq/newfastq/V0347/12S/15_no_primers/11240_HR_1123_W2_S210_R2_cuta_noprim.fastq.gz,12S,run1
11240_HR_1123_W3_S211,/hdd0/laucoo/fastq/newfastq/V0347/12S/15_no_primers/11240_HR_1123_W3_S211_R1_cuta_noprim.fastq.gz,/hdd0/laucoo/fastq/newfastq/V0347/12S/15_no_primers/11240_HR_1123_W3_S211_R2_cuta_noprim.fastq.gz,12S,run1
11240_HR_323_S10_S213,/hdd0/laucoo/fastq/newfastq/V0347/12S/15_no_primers/11240_HR_323_S10_S213_R1_cuta_noprim.fastq.gz,/hdd0/laucoo/fastq/newfastq/V0347/12S/15_no_primers/11240_HR_323_S10_S213_R2_cuta_noprim.fastq.gz,12S,run1
11240_HR_323_S11_S214,/hdd0/laucoo/fastq/newfastq/V0347/12S/15_no_primers/11240_HR_323_S11_S214_R1_cuta_noprim.fastq.gz,/hdd0/laucoo/fastq/newfastq/V0347/12S/15_no_primers/11240_HR_323_S11_S214_R2_cuta_noprim.fastq.gz,12S,run1
11240_HR_323_S12_S215,/hdd0/laucoo/fastq/newfastq/V0347/12S/15_no_primers/11240_HR_323_S12_S215_R1_cuta_noprim.fastq.gz,/hdd0/laucoo/fastq/newfastq/V0347/12S/15_no_primers/11240_HR_323_S12_S215_R2_cuta_noprim.fastq.gz,12S,run1
11240_HR_323_S1_S212,/hdd0/laucoo/fastq/newfastq/V0347/12S/15_no_primers/11240_HR_323_S1_S212_R1_cuta_noprim.fastq.gz,/hdd0/laucoo/fastq/newfastq/V0347/12S/15_no_primers/11240_HR_323_S1_S212_R2_cuta_noprim.fastq.gz,12S,run1
11240_HR_323_S2_S216,/hdd0/laucoo/fastq/newfastq/V0347/12S/15_no_primers/11240_HR_323_S2_S216_R1_cuta_noprim.fastq.gz,/hdd0/laucoo/fastq/newfastq/V0347/12S/15_no_primers/11240_HR_323_S2_S216_R2_cuta_noprim.fastq.gz,12S,run1
11240_HR_323_S3_S217,/hdd0/laucoo/fastq/newfastq/V0347/12S/15_no_primers/11240_HR_323_S3_S217_R1_cuta_noprim.fastq.gz,/hdd0/laucoo/fastq/newfastq/V0347/12S/15_no_primers/11240_HR_323_S3_S217_R2_cuta_noprim.fastq.gz,12S,run1
11240_HR_323_S4_S218,/hdd0/laucoo/fastq/newfastq/V0347/12S/15_no_primers/11240_HR_323_S4_S218_R1_cuta_noprim.fastq.gz,/hdd0/laucoo/fastq/newfastq/V0347/12S/15_no_primers/11240_HR_323_S4_S218_R2_cuta_noprim.fastq.gz,12S,run1
11240_HR_323_S5_S219,/hdd0/laucoo/fastq/newfastq/V0347/12S/15_no_primers/11240_HR_323_S5_S219_R1_cuta_noprim.fastq.gz,/hdd0/laucoo/fastq/newfastq/V0347/12S/15_no_primers/11240_HR_323_S5_S219_R2_cuta_noprim.fastq.gz,12S,run1
11240_HR_323_S6_S220,/hdd0/laucoo/fastq/newfastq/V0347/12S/15_no_primers/11240_HR_323_S6_S220_R1_cuta_noprim.fastq.gz,/hdd0/laucoo/fastq/newfastq/V0347/12S/15_no_primers/11240_HR_323_S6_S220_R2_cuta_noprim.fastq.gz,12S,run1
11240_HR_323_S7_S221,/hdd0/laucoo/fastq/newfastq/V0347/12S/15_no_primers/11240_HR_323_S7_S221_R1_cuta_noprim.fastq.gz,/hdd0/laucoo/fastq/newfastq/V0347/12S/15_no_primers/11240_HR_323_S7_S221_R2_cuta_noprim.fastq.gz,12S,run1
11240_HR_323_S8_S222,/hdd0/laucoo/fastq/newfastq/V0347/12S/15_no_primers/11240_HR_323_S8_S222_R1_cuta_noprim.fastq.gz,/hdd0/laucoo/fastq/newfastq/V0347/12S/15_no_primers/11240_HR_323_S8_S222_R2_cuta_noprim.fastq.gz,12S,run1
11240_HR_323_S9_S223,/hdd0/laucoo/fastq/newfastq/V0347/12S/15_no_primers/11240_HR_323_S9_S223_R1_cuta_noprim.fastq.gz,/hdd0/laucoo/fastq/newfastq/V0347/12S/15_no_primers/11240_HR_323_S9_S223_R2_cuta_noprim.fastq.gz,12S,run1
11240_HR_323_W1_S224,/hdd0/laucoo/fastq/newfastq/V0347/12S/15_no_primers/11240_HR_323_W1_S224_R1_cuta_noprim.fastq.gz,/hdd0/laucoo/fastq/newfastq/V0347/12S/15_no_primers/11240_HR_323_W1_S224_R2_cuta_noprim.fastq.gz,12S,run1
11240_HR_323_W2_S225,/hdd0/laucoo/fastq/newfastq/V0347/12S/15_no_primers/11240_HR_323_W2_S225_R1_cuta_noprim.fastq.gz,/hdd0/laucoo/fastq/newfastq/V0347/12S/15_no_primers/11240_HR_323_W2_S225_R2_cuta_noprim.fastq.gz,12S,run1
11240_HR_323_W3_S226,/hdd0/laucoo/fastq/newfastq/V0347/12S/15_no_primers/11240_HR_323_W3_S226_R1_cuta_noprim.fastq.gz,/hdd0/laucoo/fastq/newfastq/V0347/12S/15_no_primers/11240_HR_323_W3_S226_R2_cuta_noprim.fastq.gz,12S,run1
11240_HR_621_S1_S227,/hdd0/laucoo/fastq/newfastq/V0347/12S/15_no_primers/11240_HR_621_S1_S227_R1_cuta_noprim.fastq.gz,/hdd0/laucoo/fastq/newfastq/V0347/12S/15_no_primers/11240_HR_621_S1_S227_R2_cuta_noprim.fastq.gz,12S,run1
11240_HR_621_S2_S228,/hdd0/laucoo/fastq/newfastq/V0347/12S/15_no_primers/11240_HR_621_S2_S228_R1_cuta_noprim.fastq.gz,/hdd0/laucoo/fastq/newfastq/V0347/12S/15_no_primers/11240_HR_621_S2_S228_R2_cuta_noprim.fastq.gz,12S,run1
11240_HR_621_S3_S229,/hdd0/laucoo/fastq/newfastq/V0347/12S/15_no_primers/11240_HR_621_S3_S229_R1_cuta_noprim.fastq.gz,/hdd0/laucoo/fastq/newfastq/V0347/12S/15_no_primers/11240_HR_621_S3_S229_R2_cuta_noprim.fastq.gz,12S,run1
11240_HR_621_S4_S230,/hdd0/laucoo/fastq/newfastq/V0347/12S/15_no_primers/11240_HR_621_S4_S230_R1_cuta_noprim.fastq.gz,/hdd0/laucoo/fastq/newfastq/V0347/12S/15_no_primers/11240_HR_621_S4_S230_R2_cuta_noprim.fastq.gz,12S,run1
11240_HR_621_S5_S231,/hdd0/laucoo/fastq/newfastq/V0347/12S/15_no_primers/11240_HR_621_S5_S231_R1_cuta_noprim.fastq.gz,/hdd0/laucoo/fastq/newfastq/V0347/12S/15_no_primers/11240_HR_621_S5_S231_R2_cuta_noprim.fastq.gz,12S,run1
11240_HR_621_S6_S232,/hdd0/laucoo/fastq/newfastq/V0347/12S/15_no_primers/11240_HR_621_S6_S232_R1_cuta_noprim.fastq.gz,/hdd0/laucoo/fastq/newfastq/V0347/12S/15_no_primers/11240_HR_621_S6_S232_R2_cuta_noprim.fastq.gz,12S,run1
11240_HR_621_S7_S233,/hdd0/laucoo/fastq/newfastq/V0347/12S/15_no_primers/11240_HR_621_S7_S233_R1_cuta_noprim.fastq.gz,/hdd0/laucoo/fastq/newfastq/V0347/12S/15_no_primers/11240_HR_621_S7_S233_R2_cuta_noprim.fastq.gz,12S,run1
11240_HR_621_S8_S234,/hdd0/laucoo/fastq/newfastq/V0347/12S/15_no_primers/11240_HR_621_S8_S234_R1_cuta_noprim.fastq.gz,/hdd0/laucoo/fastq/newfastq/V0347/12S/15_no_primers/11240_HR_621_S8_S234_R2_cuta_noprim.fastq.gz,12S,run1
11240_HR_721_W1_S235,/hdd0/laucoo/fastq/newfastq/V0347/12S/15_no_primers/11240_HR_721_W1_S235_R1_cuta_noprim.fastq.gz,/hdd0/laucoo/fastq/newfastq/V0347/12S/15_no_primers/11240_HR_721_W1_S235_R2_cuta_noprim.fastq.gz,12S,run1
11240_HR_721_W2_S236,/hdd0/laucoo/fastq/newfastq/V0347/12S/15_no_primers/11240_HR_721_W2_S236_R1_cuta_noprim.fastq.gz,/hdd0/laucoo/fastq/newfastq/V0347/12S/15_no_primers/11240_HR_721_W2_S236_R2_cuta_noprim.fastq.gz,12S,run1
11240_HR_721_W3_S237,/hdd0/laucoo/fastq/newfastq/V0347/12S/15_no_primers/11240_HR_721_W3_S237_R1_cuta_noprim.fastq.gz,/hdd0/laucoo/fastq/newfastq/V0347/12S/15_no_primers/11240_HR_721_W3_S237_R2_cuta_noprim.fastq.gz,12S,run1
11240_HR_722_S10_S239,/hdd0/laucoo/fastq/newfastq/V0347/12S/15_no_primers/11240_HR_722_S10_S239_R1_cuta_noprim.fastq.gz,/hdd0/laucoo/fastq/newfastq/V0347/12S/15_no_primers/11240_HR_722_S10_S239_R2_cuta_noprim.fastq.gz,12S,run1
11240_HR_722_S11_S240,/hdd0/laucoo/fastq/newfastq/V0347/12S/15_no_primers/11240_HR_722_S11_S240_R1_cuta_noprim.fastq.gz,/hdd0/laucoo/fastq/newfastq/V0347/12S/15_no_primers/11240_HR_722_S11_S240_R2_cuta_noprim.fastq.gz,12S,run1
11240_HR_722_S12_S241,/hdd0/laucoo/fastq/newfastq/V0347/12S/15_no_primers/11240_HR_722_S12_S241_R1_cuta_noprim.fastq.gz,/hdd0/laucoo/fastq/newfastq/V0347/12S/15_no_primers/11240_HR_722_S12_S241_R2_cuta_noprim.fastq.gz,12S,run1
11240_HR_722_S1_S238,/hdd0/laucoo/fastq/newfastq/V0347/12S/15_no_primers/11240_HR_722_S1_S238_R1_cuta_noprim.fastq.gz,/hdd0/laucoo/fastq/newfastq/V0347/12S/15_no_primers/11240_HR_722_S1_S238_R2_cuta_noprim.fastq.gz,12S,run1
11240_HR_722_S2_S242,/hdd0/laucoo/fastq/newfastq/V0347/12S/15_no_primers/11240_HR_722_S2_S242_R1_cuta_noprim.fastq.gz,/hdd0/laucoo/fastq/newfastq/V0347/12S/15_no_primers/11240_HR_722_S2_S242_R2_cuta_noprim.fastq.gz,12S,run1
11240_HR_722_S3_S243,/hdd0/laucoo/fastq/newfastq/V0347/12S/15_no_primers/11240_HR_722_S3_S243_R1_cuta_noprim.fastq.gz,/hdd0/laucoo/fastq/newfastq/V0347/12S/15_no_primers/11240_HR_722_S3_S243_R2_cuta_noprim.fastq.gz,12S,run1
11240_HR_722_S4_S244,/hdd0/laucoo/fastq/newfastq/V0347/12S/15_no_primers/11240_HR_722_S4_S244_R1_cuta_noprim.fastq.gz,/hdd0/laucoo/fastq/newfastq/V0347/12S/15_no_primers/11240_HR_722_S4_S244_R2_cuta_noprim.fastq.gz,12S,run1
11240_HR_722_S5_S245,/hdd0/laucoo/fastq/newfastq/V0347/12S/15_no_primers/11240_HR_722_S5_S245_R1_cuta_noprim.fastq.gz,/hdd0/laucoo/fastq/newfastq/V0347/12S/15_no_primers/11240_HR_722_S5_S245_R2_cuta_noprim.fastq.gz,12S,run1
11240_HR_722_S6_S246,/hdd0/laucoo/fastq/newfastq/V0347/12S/15_no_primers/11240_HR_722_S6_S246_R1_cuta_noprim.fastq.gz,/hdd0/laucoo/fastq/newfastq/V0347/12S/15_no_primers/11240_HR_722_S6_S246_R2_cuta_noprim.fastq.gz,12S,run1
11240_HR_722_S7_S247,/hdd0/laucoo/fastq/newfastq/V0347/12S/15_no_primers/11240_HR_722_S7_S247_R1_cuta_noprim.fastq.gz,/hdd0/laucoo/fastq/newfastq/V0347/12S/15_no_primers/11240_HR_722_S7_S247_R2_cuta_noprim.fastq.gz,12S,run1
11240_HR_722_S8_S248,/hdd0/laucoo/fastq/newfastq/V0347/12S/15_no_primers/11240_HR_722_S8_S248_R1_cuta_noprim.fastq.gz,/hdd0/laucoo/fastq/newfastq/V0347/12S/15_no_primers/11240_HR_722_S8_S248_R2_cuta_noprim.fastq.gz,12S,run1
11240_HR_722_S9_S249,/hdd0/laucoo/fastq/newfastq/V0347/12S/15_no_primers/11240_HR_722_S9_S249_R1_cuta_noprim.fastq.gz,/hdd0/laucoo/fastq/newfastq/V0347/12S/15_no_primers/11240_HR_722_S9_S249_R2_cuta_noprim.fastq.gz,12S,run1
11240_HR_722_W1_S250,/hdd0/laucoo/fastq/newfastq/V0347/12S/15_no_primers/11240_HR_722_W1_S250_R1_cuta_noprim.fastq.gz,/hdd0/laucoo/fastq/newfastq/V0347/12S/15_no_primers/11240_HR_722_W1_S250_R2_cuta_noprim.fastq.gz,12S,run1
11240_HR_722_W2_S251,/hdd0/laucoo/fastq/newfastq/V0347/12S/15_no_primers/11240_HR_722_W2_S251_R1_cuta_noprim.fastq.gz,/hdd0/laucoo/fastq/newfastq/V0347/12S/15_no_primers/11240_HR_722_W2_S251_R2_cuta_noprim.fastq.gz,12S,run1
11240_HR_722_W3_S252,/hdd0/laucoo/fastq/newfastq/V0347/12S/15_no_primers/11240_HR_722_W3_S252_R1_cuta_noprim.fastq.gz,/hdd0/laucoo/fastq/newfastq/V0347/12S/15_no_primers/11240_HR_722_W3_S252_R2_cuta_noprim.fastq.gz,12S,run1
11240_LC_1121_S10_S254,/hdd0/laucoo/fastq/newfastq/V0347/12S/15_no_primers/11240_LC_1121_S10_S254_R1_cuta_noprim.fastq.gz,/hdd0/laucoo/fastq/newfastq/V0347/12S/15_no_primers/11240_LC_1121_S10_S254_R2_cuta_noprim.fastq.gz,12S,run1
11240_LC_1121_S11_S255,/hdd0/laucoo/fastq/newfastq/V0347/12S/15_no_primers/11240_LC_1121_S11_S255_R1_cuta_noprim.fastq.gz,/hdd0/laucoo/fastq/newfastq/V0347/12S/15_no_primers/11240_LC_1121_S11_S255_R2_cuta_noprim.fastq.gz,12S,run1
11240_LC_1121_S12_S256,/hdd0/laucoo/fastq/newfastq/V0347/12S/15_no_primers/11240_LC_1121_S12_S256_R1_cuta_noprim.fastq.gz,/hdd0/laucoo/fastq/newfastq/V0347/12S/15_no_primers/11240_LC_1121_S12_S256_R2_cuta_noprim.fastq.gz,12S,run1
11240_LC_1121_S1_S253,/hdd0/laucoo/fastq/newfastq/V0347/12S/15_no_primers/11240_LC_1121_S1_S253_R1_cuta_noprim.fastq.gz,/hdd0/laucoo/fastq/newfastq/V0347/12S/15_no_primers/11240_LC_1121_S1_S253_R2_cuta_noprim.fastq.gz,12S,run1
11240_LC_1121_S2_S257,/hdd0/laucoo/fastq/newfastq/V0347/12S/15_no_primers/11240_LC_1121_S2_S257_R1_cuta_noprim.fastq.gz,/hdd0/laucoo/fastq/newfastq/V0347/12S/15_no_primers/11240_LC_1121_S2_S257_R2_cuta_noprim.fastq.gz,12S,run1
11240_LC_1121_S3_S258,/hdd0/laucoo/fastq/newfastq/V0347/12S/15_no_primers/11240_LC_1121_S3_S258_R1_cuta_noprim.fastq.gz,/hdd0/laucoo/fastq/newfastq/V0347/12S/15_no_primers/11240_LC_1121_S3_S258_R2_cuta_noprim.fastq.gz,12S,run1
11240_LC_1121_S4_S259,/hdd0/laucoo/fastq/newfastq/V0347/12S/15_no_primers/11240_LC_1121_S4_S259_R1_cuta_noprim.fastq.gz,/hdd0/laucoo/fastq/newfastq/V0347/12S/15_no_primers/11240_LC_1121_S4_S259_R2_cuta_noprim.fastq.gz,12S,run1
11240_LC_1121_S5_S260,/hdd0/laucoo/fastq/newfastq/V0347/12S/15_no_primers/11240_LC_1121_S5_S260_R1_cuta_noprim.fastq.gz,/hdd0/laucoo/fastq/newfastq/V0347/12S/15_no_primers/11240_LC_1121_S5_S260_R2_cuta_noprim.fastq.gz,12S,run1
11240_LC_1121_S6_S261,/hdd0/laucoo/fastq/newfastq/V0347/12S/15_no_primers/11240_LC_1121_S6_S261_R1_cuta_noprim.fastq.gz,/hdd0/laucoo/fastq/newfastq/V0347/12S/15_no_primers/11240_LC_1121_S6_S261_R2_cuta_noprim.fastq.gz,12S,run1
11240_LC_1121_S7_S262,/hdd0/laucoo/fastq/newfastq/V0347/12S/15_no_primers/11240_LC_1121_S7_S262_R1_cuta_noprim.fastq.gz,/hdd0/laucoo/fastq/newfastq/V0347/12S/15_no_primers/11240_LC_1121_S7_S262_R2_cuta_noprim.fastq.gz,12S,run1
11240_LC_1121_S8_S263,/hdd0/laucoo/fastq/newfastq/V0347/12S/15_no_primers/11240_LC_1121_S8_S263_R1_cuta_noprim.fastq.gz,/hdd0/laucoo/fastq/newfastq/V0347/12S/15_no_primers/11240_LC_1121_S8_S263_R2_cuta_noprim.fastq.gz,12S,run1
11240_LC_1121_S9_S264,/hdd0/laucoo/fastq/newfastq/V0347/12S/15_no_primers/11240_LC_1121_S9_S264_R1_cuta_noprim.fastq.gz,/hdd0/laucoo/fastq/newfastq/V0347/12S/15_no_primers/11240_LC_1121_S9_S264_R2_cuta_noprim.fastq.gz,12S,run1
11240_LC_1121_W1_S265,/hdd0/laucoo/fastq/newfastq/V0347/12S/15_no_primers/11240_LC_1121_W1_S265_R1_cuta_noprim.fastq.gz,/hdd0/laucoo/fastq/newfastq/V0347/12S/15_no_primers/11240_LC_1121_W1_S265_R2_cuta_noprim.fastq.gz,12S,run1
11240_LC_1121_W2_S266,/hdd0/laucoo/fastq/newfastq/V0347/12S/15_no_primers/11240_LC_1121_W2_S266_R1_cuta_noprim.fastq.gz,/hdd0/laucoo/fastq/newfastq/V0347/12S/15_no_primers/11240_LC_1121_W2_S266_R2_cuta_noprim.fastq.gz,12S,run1
11240_LC_1121_W3_S267,/hdd0/laucoo/fastq/newfastq/V0347/12S/15_no_primers/11240_LC_1121_W3_S267_R1_cuta_noprim.fastq.gz,/hdd0/laucoo/fastq/newfastq/V0347/12S/15_no_primers/11240_LC_1121_W3_S267_R2_cuta_noprim.fastq.gz,12S,run1
11240_LC_323_S10_S269,/hdd0/laucoo/fastq/newfastq/V0347/12S/15_no_primers/11240_LC_323_S10_S269_R1_cuta_noprim.fastq.gz,/hdd0/laucoo/fastq/newfastq/V0347/12S/15_no_primers/11240_LC_323_S10_S269_R2_cuta_noprim.fastq.gz,12S,run1
11240_LC_323_S11_S270,/hdd0/laucoo/fastq/newfastq/V0347/12S/15_no_primers/11240_LC_323_S11_S270_R1_cuta_noprim.fastq.gz,/hdd0/laucoo/fastq/newfastq/V0347/12S/15_no_primers/11240_LC_323_S11_S270_R2_cuta_noprim.fastq.gz,12S,run1
11240_LC_323_S12_S271,/hdd0/laucoo/fastq/newfastq/V0347/12S/15_no_primers/11240_LC_323_S12_S271_R1_cuta_noprim.fastq.gz,/hdd0/laucoo/fastq/newfastq/V0347/12S/15_no_primers/11240_LC_323_S12_S271_R2_cuta_noprim.fastq.gz,12S,run1
11240_LC_323_S1_S268,/hdd0/laucoo/fastq/newfastq/V0347/12S/15_no_primers/11240_LC_323_S1_S268_R1_cuta_noprim.fastq.gz,/hdd0/laucoo/fastq/newfastq/V0347/12S/15_no_primers/11240_LC_323_S1_S268_R2_cuta_noprim.fastq.gz,12S,run1
11240_LC_323_S2_S272,/hdd0/laucoo/fastq/newfastq/V0347/12S/15_no_primers/11240_LC_323_S2_S272_R1_cuta_noprim.fastq.gz,/hdd0/laucoo/fastq/newfastq/V0347/12S/15_no_primers/11240_LC_323_S2_S272_R2_cuta_noprim.fastq.gz,12S,run1
11240_LC_323_S3_S273,/hdd0/laucoo/fastq/newfastq/V0347/12S/15_no_primers/11240_LC_323_S3_S273_R1_cuta_noprim.fastq.gz,/hdd0/laucoo/fastq/newfastq/V0347/12S/15_no_primers/11240_LC_323_S3_S273_R2_cuta_noprim.fastq.gz,12S,run1
11240_LC_323_S4_S274,/hdd0/laucoo/fastq/newfastq/V0347/12S/15_no_primers/11240_LC_323_S4_S274_R1_cuta_noprim.fastq.gz,/hdd0/laucoo/fastq/newfastq/V0347/12S/15_no_primers/11240_LC_323_S4_S274_R2_cuta_noprim.fastq.gz,12S,run1
11240_LC_323_S5_S275,/hdd0/laucoo/fastq/newfastq/V0347/12S/15_no_primers/11240_LC_323_S5_S275_R1_cuta_noprim.fastq.gz,/hdd0/laucoo/fastq/newfastq/V0347/12S/15_no_primers/11240_LC_323_S5_S275_R2_cuta_noprim.fastq.gz,12S,run1
11240_LC_323_S6_S276,/hdd0/laucoo/fastq/newfastq/V0347/12S/15_no_primers/11240_LC_323_S6_S276_R1_cuta_noprim.fastq.gz,/hdd0/laucoo/fastq/newfastq/V0347/12S/15_no_primers/11240_LC_323_S6_S276_R2_cuta_noprim.fastq.gz,12S,run1
11240_LC_323_S7_S277,/hdd0/laucoo/fastq/newfastq/V0347/12S/15_no_primers/11240_LC_323_S7_S277_R1_cuta_noprim.fastq.gz,/hdd0/laucoo/fastq/newfastq/V0347/12S/15_no_primers/11240_LC_323_S7_S277_R2_cuta_noprim.fastq.gz,12S,run1
11240_LC_323_S8_S278,/hdd0/laucoo/fastq/newfastq/V0347/12S/15_no_primers/11240_LC_323_S8_S278_R1_cuta_noprim.fastq.gz,/hdd0/laucoo/fastq/newfastq/V0347/12S/15_no_primers/11240_LC_323_S8_S278_R2_cuta_noprim.fastq.gz,12S,run1
11240_LC_323_S9_S279,/hdd0/laucoo/fastq/newfastq/V0347/12S/15_no_primers/11240_LC_323_S9_S279_R1_cuta_noprim.fastq.gz,/hdd0/laucoo/fastq/newfastq/V0347/12S/15_no_primers/11240_LC_323_S9_S279_R2_cuta_noprim.fastq.gz,12S,run1
11240_LC_323_W1_S280,/hdd0/laucoo/fastq/newfastq/V0347/12S/15_no_primers/11240_LC_323_W1_S280_R1_cuta_noprim.fastq.gz,/hdd0/laucoo/fastq/newfastq/V0347/12S/15_no_primers/11240_LC_323_W1_S280_R2_cuta_noprim.fastq.gz,12S,run1
11240_LC_323_W2_S281,/hdd0/laucoo/fastq/newfastq/V0347/12S/15_no_primers/11240_LC_323_W2_S281_R1_cuta_noprim.fastq.gz,/hdd0/laucoo/fastq/newfastq/V0347/12S/15_no_primers/11240_LC_323_W2_S281_R2_cuta_noprim.fastq.gz,12S,run1
11240_LC_621_S1_S282,/hdd0/laucoo/fastq/newfastq/V0347/12S/15_no_primers/11240_LC_621_S1_S282_R1_cuta_noprim.fastq.gz,/hdd0/laucoo/fastq/newfastq/V0347/12S/15_no_primers/11240_LC_621_S1_S282_R2_cuta_noprim.fastq.gz,12S,run1
11240_LC_621_S2_S283,/hdd0/laucoo/fastq/newfastq/V0347/12S/15_no_primers/11240_LC_621_S2_S283_R1_cuta_noprim.fastq.gz,/hdd0/laucoo/fastq/newfastq/V0347/12S/15_no_primers/11240_LC_621_S2_S283_R2_cuta_noprim.fastq.gz,12S,run1
11240_LC_621_S3_S284,/hdd0/laucoo/fastq/newfastq/V0347/12S/15_no_primers/11240_LC_621_S3_S284_R1_cuta_noprim.fastq.gz,/hdd0/laucoo/fastq/newfastq/V0347/12S/15_no_primers/11240_LC_621_S3_S284_R2_cuta_noprim.fastq.gz,12S,run1
11240_LC_621_S4_S285,/hdd0/laucoo/fastq/newfastq/V0347/12S/15_no_primers/11240_LC_621_S4_S285_R1_cuta_noprim.fastq.gz,/hdd0/laucoo/fastq/newfastq/V0347/12S/15_no_primers/11240_LC_621_S4_S285_R2_cuta_noprim.fastq.gz,12S,run1
11240_LC_621_S5_S286,/hdd0/laucoo/fastq/newfastq/V0347/12S/15_no_primers/11240_LC_621_S5_S286_R1_cuta_noprim.fastq.gz,/hdd0/laucoo/fastq/newfastq/V0347/12S/15_no_primers/11240_LC_621_S5_S286_R2_cuta_noprim.fastq.gz,12S,run1
11240_LC_621_S6_S287,/hdd0/laucoo/fastq/newfastq/V0347/12S/15_no_primers/11240_LC_621_S6_S287_R1_cuta_noprim.fastq.gz,/hdd0/laucoo/fastq/newfastq/V0347/12S/15_no_primers/11240_LC_621_S6_S287_R2_cuta_noprim.fastq.gz,12S,run1
11240_LC_621_S7_S288,/hdd0/laucoo/fastq/newfastq/V0347/12S/15_no_primers/11240_LC_621_S7_S288_R1_cuta_noprim.fastq.gz,/hdd0/laucoo/fastq/newfastq/V0347/12S/15_no_primers/11240_LC_621_S7_S288_R2_cuta_noprim.fastq.gz,12S,run1
11240_LC_721_W1_S289,/hdd0/laucoo/fastq/newfastq/V0347/12S/15_no_primers/11240_LC_721_W1_S289_R1_cuta_noprim.fastq.gz,/hdd0/laucoo/fastq/newfastq/V0347/12S/15_no_primers/11240_LC_721_W1_S289_R2_cuta_noprim.fastq.gz,12S,run1
11240_LC_721_W2_S290,/hdd0/laucoo/fastq/newfastq/V0347/12S/15_no_primers/11240_LC_721_W2_S290_R1_cuta_noprim.fastq.gz,/hdd0/laucoo/fastq/newfastq/V0347/12S/15_no_primers/11240_LC_721_W2_S290_R2_cuta_noprim.fastq.gz,12S,run1
11240_LC_721_W3_S291,/hdd0/laucoo/fastq/newfastq/V0347/12S/15_no_primers/11240_LC_721_W3_S291_R1_cuta_noprim.fastq.gz,/hdd0/laucoo/fastq/newfastq/V0347/12S/15_no_primers/11240_LC_721_W3_S291_R2_cuta_noprim.fastq.gz,12S,run1
11240_LC_722_S10_S293,/hdd0/laucoo/fastq/newfastq/V0347/12S/15_no_primers/11240_LC_722_S10_S293_R1_cuta_noprim.fastq.gz,/hdd0/laucoo/fastq/newfastq/V0347/12S/15_no_primers/11240_LC_722_S10_S293_R2_cuta_noprim.fastq.gz,12S,run1
11240_LC_722_S11_S294,/hdd0/laucoo/fastq/newfastq/V0347/12S/15_no_primers/11240_LC_722_S11_S294_R1_cuta_noprim.fastq.gz,/hdd0/laucoo/fastq/newfastq/V0347/12S/15_no_primers/11240_LC_722_S11_S294_R2_cuta_noprim.fastq.gz,12S,run1
11240_LC_722_S12_S295,/hdd0/laucoo/fastq/newfastq/V0347/12S/15_no_primers/11240_LC_722_S12_S295_R1_cuta_noprim.fastq.gz,/hdd0/laucoo/fastq/newfastq/V0347/12S/15_no_primers/11240_LC_722_S12_S295_R2_cuta_noprim.fastq.gz,12S,run1
11240_LC_722_S1_S292,/hdd0/laucoo/fastq/newfastq/V0347/12S/15_no_primers/11240_LC_722_S1_S292_R1_cuta_noprim.fastq.gz,/hdd0/laucoo/fastq/newfastq/V0347/12S/15_no_primers/11240_LC_722_S1_S292_R2_cuta_noprim.fastq.gz,12S,run1
11240_LC_722_S2_S296,/hdd0/laucoo/fastq/newfastq/V0347/12S/15_no_primers/11240_LC_722_S2_S296_R1_cuta_noprim.fastq.gz,/hdd0/laucoo/fastq/newfastq/V0347/12S/15_no_primers/11240_LC_722_S2_S296_R2_cuta_noprim.fastq.gz,12S,run1
11240_LC_722_S3_S297,/hdd0/laucoo/fastq/newfastq/V0347/12S/15_no_primers/11240_LC_722_S3_S297_R1_cuta_noprim.fastq.gz,/hdd0/laucoo/fastq/newfastq/V0347/12S/15_no_primers/11240_LC_722_S3_S297_R2_cuta_noprim.fastq.gz,12S,run1
11240_LC_722_S4_S298,/hdd0/laucoo/fastq/newfastq/V0347/12S/15_no_primers/11240_LC_722_S4_S298_R1_cuta_noprim.fastq.gz,/hdd0/laucoo/fastq/newfastq/V0347/12S/15_no_primers/11240_LC_722_S4_S298_R2_cuta_noprim.fastq.gz,12S,run1
11240_LC_722_S5_S299,/hdd0/laucoo/fastq/newfastq/V0347/12S/15_no_primers/11240_LC_722_S5_S299_R1_cuta_noprim.fastq.gz,/hdd0/laucoo/fastq/newfastq/V0347/12S/15_no_primers/11240_LC_722_S5_S299_R2_cuta_noprim.fastq.gz,12S,run1
11240_LC_722_S6_S300,/hdd0/laucoo/fastq/newfastq/V0347/12S/15_no_primers/11240_LC_722_S6_S300_R1_cuta_noprim.fastq.gz,/hdd0/laucoo/fastq/newfastq/V0347/12S/15_no_primers/11240_LC_722_S6_S300_R2_cuta_noprim.fastq.gz,12S,run1
11240_LC_722_S7_S301,/hdd0/laucoo/fastq/newfastq/V0347/12S/15_no_primers/11240_LC_722_S7_S301_R1_cuta_noprim.fastq.gz,/hdd0/laucoo/fastq/newfastq/V0347/12S/15_no_primers/11240_LC_722_S7_S301_R2_cuta_noprim.fastq.gz,12S,run1
11240_LC_722_S8_S302,/hdd0/laucoo/fastq/newfastq/V0347/12S/15_no_primers/11240_LC_722_S8_S302_R1_cuta_noprim.fastq.gz,/hdd0/laucoo/fastq/newfastq/V0347/12S/15_no_primers/11240_LC_722_S8_S302_R2_cuta_noprim.fastq.gz,12S,run1
11240_LC_722_S9_S303,/hdd0/laucoo/fastq/newfastq/V0347/12S/15_no_primers/11240_LC_722_S9_S303_R1_cuta_noprim.fastq.gz,/hdd0/laucoo/fastq/newfastq/V0347/12S/15_no_primers/11240_LC_722_S9_S303_R2_cuta_noprim.fastq.gz,12S,run1
11240_LC_722_W1_S304,/hdd0/laucoo/fastq/newfastq/V0347/12S/15_no_primers/11240_LC_722_W1_S304_R1_cuta_noprim.fastq.gz,/hdd0/laucoo/fastq/newfastq/V0347/12S/15_no_primers/11240_LC_722_W1_S304_R2_cuta_noprim.fastq.gz,12S,run1
11240_LC_722_W2_S305,/hdd0/laucoo/fastq/newfastq/V0347/12S/15_no_primers/11240_LC_722_W2_S305_R1_cuta_noprim.fastq.gz,/hdd0/laucoo/fastq/newfastq/V0347/12S/15_no_primers/11240_LC_722_W2_S305_R2_cuta_noprim.fastq.gz,12S,run1
11240_LC_722_W3_S306,/hdd0/laucoo/fastq/newfastq/V0347/12S/15_no_primers/11240_LC_722_W3_S306_R1_cuta_noprim.fastq.gz,/hdd0/laucoo/fastq/newfastq/V0347/12S/15_no_primers/11240_LC_722_W3_S306_R2_cuta_noprim.fastq.gz,12S,run1
11240_LR_1121_S10_S308,/hdd0/laucoo/fastq/newfastq/V0347/12S/15_no_primers/11240_LR_1121_S10_S308_R1_cuta_noprim.fastq.gz,/hdd0/laucoo/fastq/newfastq/V0347/12S/15_no_primers/11240_LR_1121_S10_S308_R2_cuta_noprim.fastq.gz,12S,run1
11240_LR_1121_S11_S309,/hdd0/laucoo/fastq/newfastq/V0347/12S/15_no_primers/11240_LR_1121_S11_S309_R1_cuta_noprim.fastq.gz,/hdd0/laucoo/fastq/newfastq/V0347/12S/15_no_primers/11240_LR_1121_S11_S309_R2_cuta_noprim.fastq.gz,12S,run1
11240_LR_1121_S12_S310,/hdd0/laucoo/fastq/newfastq/V0347/12S/15_no_primers/11240_LR_1121_S12_S310_R1_cuta_noprim.fastq.gz,/hdd0/laucoo/fastq/newfastq/V0347/12S/15_no_primers/11240_LR_1121_S12_S310_R2_cuta_noprim.fastq.gz,12S,run1
11240_LR_1121_S1_S307,/hdd0/laucoo/fastq/newfastq/V0347/12S/15_no_primers/11240_LR_1121_S1_S307_R1_cuta_noprim.fastq.gz,/hdd0/laucoo/fastq/newfastq/V0347/12S/15_no_primers/11240_LR_1121_S1_S307_R2_cuta_noprim.fastq.gz,12S,run1
11240_LR_1121_S2_S311,/hdd0/laucoo/fastq/newfastq/V0347/12S/15_no_primers/11240_LR_1121_S2_S311_R1_cuta_noprim.fastq.gz,/hdd0/laucoo/fastq/newfastq/V0347/12S/15_no_primers/11240_LR_1121_S2_S311_R2_cuta_noprim.fastq.gz,12S,run1
11240_LR_1121_S3_S312,/hdd0/laucoo/fastq/newfastq/V0347/12S/15_no_primers/11240_LR_1121_S3_S312_R1_cuta_noprim.fastq.gz,/hdd0/laucoo/fastq/newfastq/V0347/12S/15_no_primers/11240_LR_1121_S3_S312_R2_cuta_noprim.fastq.gz,12S,run1
11240_LR_1121_S4_S313,/hdd0/laucoo/fastq/newfastq/V0347/12S/15_no_primers/11240_LR_1121_S4_S313_R1_cuta_noprim.fastq.gz,/hdd0/laucoo/fastq/newfastq/V0347/12S/15_no_primers/11240_LR_1121_S4_S313_R2_cuta_noprim.fastq.gz,12S,run1
11240_LR_1121_S5_S314,/hdd0/laucoo/fastq/newfastq/V0347/12S/15_no_primers/11240_LR_1121_S5_S314_R1_cuta_noprim.fastq.gz,/hdd0/laucoo/fastq/newfastq/V0347/12S/15_no_primers/11240_LR_1121_S5_S314_R2_cuta_noprim.fastq.gz,12S,run1
11240_LR_1121_S6_S315,/hdd0/laucoo/fastq/newfastq/V0347/12S/15_no_primers/11240_LR_1121_S6_S315_R1_cuta_noprim.fastq.gz,/hdd0/laucoo/fastq/newfastq/V0347/12S/15_no_primers/11240_LR_1121_S6_S315_R2_cuta_noprim.fastq.gz,12S,run1
11240_LR_1121_S7_S316,/hdd0/laucoo/fastq/newfastq/V0347/12S/15_no_primers/11240_LR_1121_S7_S316_R1_cuta_noprim.fastq.gz,/hdd0/laucoo/fastq/newfastq/V0347/12S/15_no_primers/11240_LR_1121_S7_S316_R2_cuta_noprim.fastq.gz,12S,run1
11240_LR_1121_S8_S317,/hdd0/laucoo/fastq/newfastq/V0347/12S/15_no_primers/11240_LR_1121_S8_S317_R1_cuta_noprim.fastq.gz,/hdd0/laucoo/fastq/newfastq/V0347/12S/15_no_primers/11240_LR_1121_S8_S317_R2_cuta_noprim.fastq.gz,12S,run1
11240_LR_1121_S9_S318,/hdd0/laucoo/fastq/newfastq/V0347/12S/15_no_primers/11240_LR_1121_S9_S318_R1_cuta_noprim.fastq.gz,/hdd0/laucoo/fastq/newfastq/V0347/12S/15_no_primers/11240_LR_1121_S9_S318_R2_cuta_noprim.fastq.gz,12S,run1
11240_LR_1121_W1_S319,/hdd0/laucoo/fastq/newfastq/V0347/12S/15_no_primers/11240_LR_1121_W1_S319_R1_cuta_noprim.fastq.gz,/hdd0/laucoo/fastq/newfastq/V0347/12S/15_no_primers/11240_LR_1121_W1_S319_R2_cuta_noprim.fastq.gz,12S,run1
11240_LR_1121_W2_S320,/hdd0/laucoo/fastq/newfastq/V0347/12S/15_no_primers/11240_LR_1121_W2_S320_R1_cuta_noprim.fastq.gz,/hdd0/laucoo/fastq/newfastq/V0347/12S/15_no_primers/11240_LR_1121_W2_S320_R2_cuta_noprim.fastq.gz,12S,run1
11240_LR_1121_W3_S321,/hdd0/laucoo/fastq/newfastq/V0347/12S/15_no_primers/11240_LR_1121_W3_S321_R1_cuta_noprim.fastq.gz,/hdd0/laucoo/fastq/newfastq/V0347/12S/15_no_primers/11240_LR_1121_W3_S321_R2_cuta_noprim.fastq.gz,12S,run1
11240_LR_323_S10_S323,/hdd0/laucoo/fastq/newfastq/V0347/12S/15_no_primers/11240_LR_323_S10_S323_R1_cuta_noprim.fastq.gz,/hdd0/laucoo/fastq/newfastq/V0347/12S/15_no_primers/11240_LR_323_S10_S323_R2_cuta_noprim.fastq.gz,12S,run1
11240_LR_323_S11_S324,/hdd0/laucoo/fastq/newfastq/V0347/12S/15_no_primers/11240_LR_323_S11_S324_R1_cuta_noprim.fastq.gz,/hdd0/laucoo/fastq/newfastq/V0347/12S/15_no_primers/11240_LR_323_S11_S324_R2_cuta_noprim.fastq.gz,12S,run1
11240_LR_323_S12_S325,/hdd0/laucoo/fastq/newfastq/V0347/12S/15_no_primers/11240_LR_323_S12_S325_R1_cuta_noprim.fastq.gz,/hdd0/laucoo/fastq/newfastq/V0347/12S/15_no_primers/11240_LR_323_S12_S325_R2_cuta_noprim.fastq.gz,12S,run1
11240_LR_323_S1_S322,/hdd0/laucoo/fastq/newfastq/V0347/12S/15_no_primers/11240_LR_323_S1_S322_R1_cuta_noprim.fastq.gz,/hdd0/laucoo/fastq/newfastq/V0347/12S/15_no_primers/11240_LR_323_S1_S322_R2_cuta_noprim.fastq.gz,12S,run1
11240_LR_323_S2_S326,/hdd0/laucoo/fastq/newfastq/V0347/12S/15_no_primers/11240_LR_323_S2_S326_R1_cuta_noprim.fastq.gz,/hdd0/laucoo/fastq/newfastq/V0347/12S/15_no_primers/11240_LR_323_S2_S326_R2_cuta_noprim.fastq.gz,12S,run1
11240_LR_323_S3_S327,/hdd0/laucoo/fastq/newfastq/V0347/12S/15_no_primers/11240_LR_323_S3_S327_R1_cuta_noprim.fastq.gz,/hdd0/laucoo/fastq/newfastq/V0347/12S/15_no_primers/11240_LR_323_S3_S327_R2_cuta_noprim.fastq.gz,12S,run1
11240_LR_323_S4_S328,/hdd0/laucoo/fastq/newfastq/V0347/12S/15_no_primers/11240_LR_323_S4_S328_R1_cuta_noprim.fastq.gz,/hdd0/laucoo/fastq/newfastq/V0347/12S/15_no_primers/11240_LR_323_S4_S328_R2_cuta_noprim.fastq.gz,12S,run1
11240_LR_323_S5_S329,/hdd0/laucoo/fastq/newfastq/V0347/12S/15_no_primers/11240_LR_323_S5_S329_R1_cuta_noprim.fastq.gz,/hdd0/laucoo/fastq/newfastq/V0347/12S/15_no_primers/11240_LR_323_S5_S329_R2_cuta_noprim.fastq.gz,12S,run1
11240_LR_323_S6_S330,/hdd0/laucoo/fastq/newfastq/V0347/12S/15_no_primers/11240_LR_323_S6_S330_R1_cuta_noprim.fastq.gz,/hdd0/laucoo/fastq/newfastq/V0347/12S/15_no_primers/11240_LR_323_S6_S330_R2_cuta_noprim.fastq.gz,12S,run1
11240_LR_323_S7_S331,/hdd0/laucoo/fastq/newfastq/V0347/12S/15_no_primers/11240_LR_323_S7_S331_R1_cuta_noprim.fastq.gz,/hdd0/laucoo/fastq/newfastq/V0347/12S/15_no_primers/11240_LR_323_S7_S331_R2_cuta_noprim.fastq.gz,12S,run1
11240_LR_323_S8_S332,/hdd0/laucoo/fastq/newfastq/V0347/12S/15_no_primers/11240_LR_323_S8_S332_R1_cuta_noprim.fastq.gz,/hdd0/laucoo/fastq/newfastq/V0347/12S/15_no_primers/11240_LR_323_S8_S332_R2_cuta_noprim.fastq.gz,12S,run1
11240_LR_323_S9_S333,/hdd0/laucoo/fastq/newfastq/V0347/12S/15_no_primers/11240_LR_323_S9_S333_R1_cuta_noprim.fastq.gz,/hdd0/laucoo/fastq/newfastq/V0347/12S/15_no_primers/11240_LR_323_S9_S333_R2_cuta_noprim.fastq.gz,12S,run1
11240_LR_323_W1_S334,/hdd0/laucoo/fastq/newfastq/V0347/12S/15_no_primers/11240_LR_323_W1_S334_R1_cuta_noprim.fastq.gz,/hdd0/laucoo/fastq/newfastq/V0347/12S/15_no_primers/11240_LR_323_W1_S334_R2_cuta_noprim.fastq.gz,12S,run1
11240_LR_323_W3_S335,/hdd0/laucoo/fastq/newfastq/V0347/12S/15_no_primers/11240_LR_323_W3_S335_R1_cuta_noprim.fastq.gz,/hdd0/laucoo/fastq/newfastq/V0347/12S/15_no_primers/11240_LR_323_W3_S335_R2_cuta_noprim.fastq.gz,12S,run1
11240_LR_621_S10_S337,/hdd0/laucoo/fastq/newfastq/V0347/12S/15_no_primers/11240_LR_621_S10_S337_R1_cuta_noprim.fastq.gz,/hdd0/laucoo/fastq/newfastq/V0347/12S/15_no_primers/11240_LR_621_S10_S337_R2_cuta_noprim.fastq.gz,12S,run1
11240_LR_621_S11_S338,/hdd0/laucoo/fastq/newfastq/V0347/12S/15_no_primers/11240_LR_621_S11_S338_R1_cuta_noprim.fastq.gz,/hdd0/laucoo/fastq/newfastq/V0347/12S/15_no_primers/11240_LR_621_S11_S338_R2_cuta_noprim.fastq.gz,12S,run1
11240_LR_621_S12_S339,/hdd0/laucoo/fastq/newfastq/V0347/12S/15_no_primers/11240_LR_621_S12_S339_R1_cuta_noprim.fastq.gz,/hdd0/laucoo/fastq/newfastq/V0347/12S/15_no_primers/11240_LR_621_S12_S339_R2_cuta_noprim.fastq.gz,12S,run1
11240_LR_621_S1_S336,/hdd0/laucoo/fastq/newfastq/V0347/12S/15_no_primers/11240_LR_621_S1_S336_R1_cuta_noprim.fastq.gz,/hdd0/laucoo/fastq/newfastq/V0347/12S/15_no_primers/11240_LR_621_S1_S336_R2_cuta_noprim.fastq.gz,12S,run1
11240_LR_621_S2_S340,/hdd0/laucoo/fastq/newfastq/V0347/12S/15_no_primers/11240_LR_621_S2_S340_R1_cuta_noprim.fastq.gz,/hdd0/laucoo/fastq/newfastq/V0347/12S/15_no_primers/11240_LR_621_S2_S340_R2_cuta_noprim.fastq.gz,12S,run1
11240_LR_621_S3_S341,/hdd0/laucoo/fastq/newfastq/V0347/12S/15_no_primers/11240_LR_621_S3_S341_R1_cuta_noprim.fastq.gz,/hdd0/laucoo/fastq/newfastq/V0347/12S/15_no_primers/11240_LR_621_S3_S341_R2_cuta_noprim.fastq.gz,12S,run1
11240_LR_621_S4_S342,/hdd0/laucoo/fastq/newfastq/V0347/12S/15_no_primers/11240_LR_621_S4_S342_R1_cuta_noprim.fastq.gz,/hdd0/laucoo/fastq/newfastq/V0347/12S/15_no_primers/11240_LR_621_S4_S342_R2_cuta_noprim.fastq.gz,12S,run1
11240_LR_621_S5_S343,/hdd0/laucoo/fastq/newfastq/V0347/12S/15_no_primers/11240_LR_621_S5_S343_R1_cuta_noprim.fastq.gz,/hdd0/laucoo/fastq/newfastq/V0347/12S/15_no_primers/11240_LR_621_S5_S343_R2_cuta_noprim.fastq.gz,12S,run1
11240_LR_621_S6_S344,/hdd0/laucoo/fastq/newfastq/V0347/12S/15_no_primers/11240_LR_621_S6_S344_R1_cuta_noprim.fastq.gz,/hdd0/laucoo/fastq/newfastq/V0347/12S/15_no_primers/11240_LR_621_S6_S344_R2_cuta_noprim.fastq.gz,12S,run1
11240_LR_621_S7_S345,/hdd0/laucoo/fastq/newfastq/V0347/12S/15_no_primers/11240_LR_621_S7_S345_R1_cuta_noprim.fastq.gz,/hdd0/laucoo/fastq/newfastq/V0347/12S/15_no_primers/11240_LR_621_S7_S345_R2_cuta_noprim.fastq.gz,12S,run1
11240_LR_621_S8_S346,/hdd0/laucoo/fastq/newfastq/V0347/12S/15_no_primers/11240_LR_621_S8_S346_R1_cuta_noprim.fastq.gz,/hdd0/laucoo/fastq/newfastq/V0347/12S/15_no_primers/11240_LR_621_S8_S346_R2_cuta_noprim.fastq.gz,12S,run1
11240_LR_621_S9_S347,/hdd0/laucoo/fastq/newfastq/V0347/12S/15_no_primers/11240_LR_621_S9_S347_R1_cuta_noprim.fastq.gz,/hdd0/laucoo/fastq/newfastq/V0347/12S/15_no_primers/11240_LR_621_S9_S347_R2_cuta_noprim.fastq.gz,12S,run1
11240_LR_721_W1_S348,/hdd0/laucoo/fastq/newfastq/V0347/12S/15_no_primers/11240_LR_721_W1_S348_R1_cuta_noprim.fastq.gz,/hdd0/laucoo/fastq/newfastq/V0347/12S/15_no_primers/11240_LR_721_W1_S348_R2_cuta_noprim.fastq.gz,12S,run1
11240_LR_721_W2_S349,/hdd0/laucoo/fastq/newfastq/V0347/12S/15_no_primers/11240_LR_721_W2_S349_R1_cuta_noprim.fastq.gz,/hdd0/laucoo/fastq/newfastq/V0347/12S/15_no_primers/11240_LR_721_W2_S349_R2_cuta_noprim.fastq.gz,12S,run1
11240_LR_721_W3_S350,/hdd0/laucoo/fastq/newfastq/V0347/12S/15_no_primers/11240_LR_721_W3_S350_R1_cuta_noprim.fastq.gz,/hdd0/laucoo/fastq/newfastq/V0347/12S/15_no_primers/11240_LR_721_W3_S350_R2_cuta_noprim.fastq.gz,12S,run1
11240_LR_722_S10_S352,/hdd0/laucoo/fastq/newfastq/V0347/12S/15_no_primers/11240_LR_722_S10_S352_R1_cuta_noprim.fastq.gz,/hdd0/laucoo/fastq/newfastq/V0347/12S/15_no_primers/11240_LR_722_S10_S352_R2_cuta_noprim.fastq.gz,12S,run1
11240_LR_722_S11_S353,/hdd0/laucoo/fastq/newfastq/V0347/12S/15_no_primers/11240_LR_722_S11_S353_R1_cuta_noprim.fastq.gz,/hdd0/laucoo/fastq/newfastq/V0347/12S/15_no_primers/11240_LR_722_S11_S353_R2_cuta_noprim.fastq.gz,12S,run1
11240_LR_722_S12_S354,/hdd0/laucoo/fastq/newfastq/V0347/12S/15_no_primers/11240_LR_722_S12_S354_R1_cuta_noprim.fastq.gz,/hdd0/laucoo/fastq/newfastq/V0347/12S/15_no_primers/11240_LR_722_S12_S354_R2_cuta_noprim.fastq.gz,12S,run1
11240_LR_722_S1_S351,/hdd0/laucoo/fastq/newfastq/V0347/12S/15_no_primers/11240_LR_722_S1_S351_R1_cuta_noprim.fastq.gz,/hdd0/laucoo/fastq/newfastq/V0347/12S/15_no_primers/11240_LR_722_S1_S351_R2_cuta_noprim.fastq.gz,12S,run1
11240_LR_722_S2_S355,/hdd0/laucoo/fastq/newfastq/V0347/12S/15_no_primers/11240_LR_722_S2_S355_R1_cuta_noprim.fastq.gz,/hdd0/laucoo/fastq/newfastq/V0347/12S/15_no_primers/11240_LR_722_S2_S355_R2_cuta_noprim.fastq.gz,12S,run1
11240_LR_722_S3_S356,/hdd0/laucoo/fastq/newfastq/V0347/12S/15_no_primers/11240_LR_722_S3_S356_R1_cuta_noprim.fastq.gz,/hdd0/laucoo/fastq/newfastq/V0347/12S/15_no_primers/11240_LR_722_S3_S356_R2_cuta_noprim.fastq.gz,12S,run1
11240_LR_722_S4_S357,/hdd0/laucoo/fastq/newfastq/V0347/12S/15_no_primers/11240_LR_722_S4_S357_R1_cuta_noprim.fastq.gz,/hdd0/laucoo/fastq/newfastq/V0347/12S/15_no_primers/11240_LR_722_S4_S357_R2_cuta_noprim.fastq.gz,12S,run1
11240_LR_722_S5_S358,/hdd0/laucoo/fastq/newfastq/V0347/12S/15_no_primers/11240_LR_722_S5_S358_R1_cuta_noprim.fastq.gz,/hdd0/laucoo/fastq/newfastq/V0347/12S/15_no_primers/11240_LR_722_S5_S358_R2_cuta_noprim.fastq.gz,12S,run1
11240_LR_722_S6_S359,/hdd0/laucoo/fastq/newfastq/V0347/12S/15_no_primers/11240_LR_722_S6_S359_R1_cuta_noprim.fastq.gz,/hdd0/laucoo/fastq/newfastq/V0347/12S/15_no_primers/11240_LR_722_S6_S359_R2_cuta_noprim.fastq.gz,12S,run1
11240_LR_722_S7_S360,/hdd0/laucoo/fastq/newfastq/V0347/12S/15_no_primers/11240_LR_722_S7_S360_R1_cuta_noprim.fastq.gz,/hdd0/laucoo/fastq/newfastq/V0347/12S/15_no_primers/11240_LR_722_S7_S360_R2_cuta_noprim.fastq.gz,12S,run1
11240_LR_722_S8_S361,/hdd0/laucoo/fastq/newfastq/V0347/12S/15_no_primers/11240_LR_722_S8_S361_R1_cuta_noprim.fastq.gz,/hdd0/laucoo/fastq/newfastq/V0347/12S/15_no_primers/11240_LR_722_S8_S361_R2_cuta_noprim.fastq.gz,12S,run1
11240_LR_722_S9_S362,/hdd0/laucoo/fastq/newfastq/V0347/12S/15_no_primers/11240_LR_722_S9_S362_R1_cuta_noprim.fastq.gz,/hdd0/laucoo/fastq/newfastq/V0347/12S/15_no_primers/11240_LR_722_S9_S362_R2_cuta_noprim.fastq.gz,12S,run1
11240_LR_722_W1_S363,/hdd0/laucoo/fastq/newfastq/V0347/12S/15_no_primers/11240_LR_722_W1_S363_R1_cuta_noprim.fastq.gz,/hdd0/laucoo/fastq/newfastq/V0347/12S/15_no_primers/11240_LR_722_W1_S363_R2_cuta_noprim.fastq.gz,12S,run1
11240_LR_722_W2_S364,/hdd0/laucoo/fastq/newfastq/V0347/12S/15_no_primers/11240_LR_722_W2_S364_R1_cuta_noprim.fastq.gz,/hdd0/laucoo/fastq/newfastq/V0347/12S/15_no_primers/11240_LR_722_W2_S364_R2_cuta_noprim.fastq.gz,12S,run1
11240_LR_722_W3_S365,/hdd0/laucoo/fastq/newfastq/V0347/12S/15_no_primers/11240_LR_722_W3_S365_R1_cuta_noprim.fastq.gz,/hdd0/laucoo/fastq/newfastq/V0347/12S/15_no_primers/11240_LR_722_W3_S365_R2_cuta_noprim.fastq.gz,12S,run1
11240_NTC_2021_F1_S366,/hdd0/laucoo/fastq/newfastq/V0347/12S/15_no_primers/11240_NTC_2021_F1_S366_R1_cuta_noprim.fastq.gz,/hdd0/laucoo/fastq/newfastq/V0347/12S/15_no_primers/11240_NTC_2021_F1_S366_R2_cuta_noprim.fastq.gz,12S,run1
11240_NTC_2021_G1_S367,/hdd0/laucoo/fastq/newfastq/V0347/12S/15_no_primers/11240_NTC_2021_G1_S367_R1_cuta_noprim.fastq.gz,/hdd0/laucoo/fastq/newfastq/V0347/12S/15_no_primers/11240_NTC_2021_G1_S367_R2_cuta_noprim.fastq.gz,12S,run1
11240_Negative_p1_S368,/hdd0/laucoo/fastq/newfastq/V0347/12S/15_no_primers/11240_Negative_p1_S368_R1_cuta_noprim.fastq.gz,/hdd0/laucoo/fastq/newfastq/V0347/12S/15_no_primers/11240_Negative_p1_S368_R2_cuta_noprim.fastq.gz,12S,run1
11240_Negative_p2_S369,/hdd0/laucoo/fastq/newfastq/V0347/12S/15_no_primers/11240_Negative_p2_S369_R1_cuta_noprim.fastq.gz,/hdd0/laucoo/fastq/newfastq/V0347/12S/15_no_primers/11240_Negative_p2_S369_R2_cuta_noprim.fastq.gz,12S,run1
11240_Negative_p3_S370,/hdd0/laucoo/fastq/newfastq/V0347/12S/15_no_primers/11240_Negative_p3_S370_R1_cuta_noprim.fastq.gz,/hdd0/laucoo/fastq/newfastq/V0347/12S/15_no_primers/11240_Negative_p3_S370_R2_cuta_noprim.fastq.gz,12S,run1
11240_Positive_p1_S371,/hdd0/laucoo/fastq/newfastq/V0347/12S/15_no_primers/11240_Positive_p1_S371_R1_cuta_noprim.fastq.gz,/hdd0/laucoo/fastq/newfastq/V0347/12S/15_no_primers/11240_Positive_p1_S371_R2_cuta_noprim.fastq.gz,12S,run1
11240_Positive_p2_S372,/hdd0/laucoo/fastq/newfastq/V0347/12S/15_no_primers/11240_Positive_p2_S372_R1_cuta_noprim.fastq.gz,/hdd0/laucoo/fastq/newfastq/V0347/12S/15_no_primers/11240_Positive_p2_S372_R2_cuta_noprim.fastq.gz,12S,run1
11240_Positive_p3_S373,/hdd0/laucoo/fastq/newfastq/V0347/12S/15_no_primers/11240_Positive_p3_S373_R1_cuta_noprim.fastq.gz,/hdd0/laucoo/fastq/newfastq/V0347/12S/15_no_primers/11240_Positive_p3_S373_R2_cuta_noprim.fastq.gz,12S,run1
11240_non_autoclaved_filter_S374,/hdd0/laucoo/fastq/newfastq/V0347/12S/15_no_primers/11240_non_autoclaved_filter_S374_R1_cuta_noprim.fastq.gz,/hdd0/laucoo/fastq/newfastq/V0347/12S/15_no_primers/11240_non_autoclaved_filter_S374_R2_cuta_noprim.fastq.gz,12S,run1
11240_0323hrs_eb_12_5_23_S130,/hdd0/laucoo/fastq/newfastq/V0347/ITS/15_no_primers/11240_0323hrs_eb_12_5_23_S130_R1_cuta_noprim.fastq.gz,/hdd0/laucoo/fastq/newfastq/V0347/ITS/15_no_primers/11240_0323hrs_eb_12_5_23_S130_R2_cuta_noprim.fastq.gz,ITS,run1
11240_16_11_23_eb_S131,/hdd0/laucoo/fastq/newfastq/V0347/ITS/15_no_primers/11240_16_11_23_eb_S131_R1_cuta_noprim.fastq.gz,/hdd0/laucoo/fastq/newfastq/V0347/ITS/15_no_primers/11240_16_11_23_eb_S131_R2_cuta_noprim.fastq.gz,ITS,run1
11240_18_5_23_eb_S132,/hdd0/laucoo/fastq/newfastq/V0347/ITS/15_no_primers/11240_18_5_23_eb_S132_R1_cuta_noprim.fastq.gz,/hdd0/laucoo/fastq/newfastq/V0347/ITS/15_no_primers/11240_18_5_23_eb_S132_R2_cuta_noprim.fastq.gz,ITS,run1
11240_3_5_23_eb_0323HC_EB_S133,/hdd0/laucoo/fastq/newfastq/V0347/ITS/15_no_primers/11240_3_5_23_eb_0323HC_EB_S133_R1_cuta_noprim.fastq.gz,/hdd0/laucoo/fastq/newfastq/V0347/ITS/15_no_primers/11240_3_5_23_eb_0323HC_EB_S133_R2_cuta_noprim.fastq.gz,ITS,run1
11240_EB1_18_12_23_0088_S134,/hdd0/laucoo/fastq/newfastq/V0347/ITS/15_no_primers/11240_EB1_18_12_23_0088_S134_R1_cuta_noprim.fastq.gz,/hdd0/laucoo/fastq/newfastq/V0347/ITS/15_no_primers/11240_EB1_18_12_23_0088_S134_R2_cuta_noprim.fastq.gz,ITS,run1
11240_EB1_18_12_23_0089_S135,/hdd0/laucoo/fastq/newfastq/V0347/ITS/15_no_primers/11240_EB1_18_12_23_0089_S135_R1_cuta_noprim.fastq.gz,/hdd0/laucoo/fastq/newfastq/V0347/ITS/15_no_primers/11240_EB1_18_12_23_0089_S135_R2_cuta_noprim.fastq.gz,ITS,run1
11240_HC_1123_W1_S136,/hdd0/laucoo/fastq/newfastq/V0347/ITS/15_no_primers/11240_HC_1123_W1_S136_R1_cuta_noprim.fastq.gz,/hdd0/laucoo/fastq/newfastq/V0347/ITS/15_no_primers/11240_HC_1123_W1_S136_R2_cuta_noprim.fastq.gz,ITS,run1
11240_HC_1123_W2_S137,/hdd0/laucoo/fastq/newfastq/V0347/ITS/15_no_primers/11240_HC_1123_W2_S137_R1_cuta_noprim.fastq.gz,/hdd0/laucoo/fastq/newfastq/V0347/ITS/15_no_primers/11240_HC_1123_W2_S137_R2_cuta_noprim.fastq.gz,ITS,run1
11240_HC_1123_W3_S138,/hdd0/laucoo/fastq/newfastq/V0347/ITS/15_no_primers/11240_HC_1123_W3_S138_R1_cuta_noprim.fastq.gz,/hdd0/laucoo/fastq/newfastq/V0347/ITS/15_no_primers/11240_HC_1123_W3_S138_R2_cuta_noprim.fastq.gz,ITS,run1
11240_HC_323_S10_S140,/hdd0/laucoo/fastq/newfastq/V0347/ITS/15_no_primers/11240_HC_323_S10_S140_R1_cuta_noprim.fastq.gz,/hdd0/laucoo/fastq/newfastq/V0347/ITS/15_no_primers/11240_HC_323_S10_S140_R2_cuta_noprim.fastq.gz,ITS,run1
11240_HC_323_S11_S141,/hdd0/laucoo/fastq/newfastq/V0347/ITS/15_no_primers/11240_HC_323_S11_S141_R1_cuta_noprim.fastq.gz,/hdd0/laucoo/fastq/newfastq/V0347/ITS/15_no_primers/11240_HC_323_S11_S141_R2_cuta_noprim.fastq.gz,ITS,run1
11240_HC_323_S12_S142,/hdd0/laucoo/fastq/newfastq/V0347/ITS/15_no_primers/11240_HC_323_S12_S142_R1_cuta_noprim.fastq.gz,/hdd0/laucoo/fastq/newfastq/V0347/ITS/15_no_primers/11240_HC_323_S12_S142_R2_cuta_noprim.fastq.gz,ITS,run1
11240_HC_323_S1_S139,/hdd0/laucoo/fastq/newfastq/V0347/ITS/15_no_primers/11240_HC_323_S1_S139_R1_cuta_noprim.fastq.gz,/hdd0/laucoo/fastq/newfastq/V0347/ITS/15_no_primers/11240_HC_323_S1_S139_R2_cuta_noprim.fastq.gz,ITS,run1
11240_HC_323_S2_S143,/hdd0/laucoo/fastq/newfastq/V0347/ITS/15_no_primers/11240_HC_323_S2_S143_R1_cuta_noprim.fastq.gz,/hdd0/laucoo/fastq/newfastq/V0347/ITS/15_no_primers/11240_HC_323_S2_S143_R2_cuta_noprim.fastq.gz,ITS,run1
11240_HC_323_S3_S144,/hdd0/laucoo/fastq/newfastq/V0347/ITS/15_no_primers/11240_HC_323_S3_S144_R1_cuta_noprim.fastq.gz,/hdd0/laucoo/fastq/newfastq/V0347/ITS/15_no_primers/11240_HC_323_S3_S144_R2_cuta_noprim.fastq.gz,ITS,run1
11240_HC_323_S4_S145,/hdd0/laucoo/fastq/newfastq/V0347/ITS/15_no_primers/11240_HC_323_S4_S145_R1_cuta_noprim.fastq.gz,/hdd0/laucoo/fastq/newfastq/V0347/ITS/15_no_primers/11240_HC_323_S4_S145_R2_cuta_noprim.fastq.gz,ITS,run1
11240_HC_323_S5_S146,/hdd0/laucoo/fastq/newfastq/V0347/ITS/15_no_primers/11240_HC_323_S5_S146_R1_cuta_noprim.fastq.gz,/hdd0/laucoo/fastq/newfastq/V0347/ITS/15_no_primers/11240_HC_323_S5_S146_R2_cuta_noprim.fastq.gz,ITS,run1
11240_HC_323_S6_S147,/hdd0/laucoo/fastq/newfastq/V0347/ITS/15_no_primers/11240_HC_323_S6_S147_R1_cuta_noprim.fastq.gz,/hdd0/laucoo/fastq/newfastq/V0347/ITS/15_no_primers/11240_HC_323_S6_S147_R2_cuta_noprim.fastq.gz,ITS,run1
11240_HC_323_S7_S148,/hdd0/laucoo/fastq/newfastq/V0347/ITS/15_no_primers/11240_HC_323_S7_S148_R1_cuta_noprim.fastq.gz,/hdd0/laucoo/fastq/newfastq/V0347/ITS/15_no_primers/11240_HC_323_S7_S148_R2_cuta_noprim.fastq.gz,ITS,run1
11240_HC_323_S8_S149,/hdd0/laucoo/fastq/newfastq/V0347/ITS/15_no_primers/11240_HC_323_S8_S149_R1_cuta_noprim.fastq.gz,/hdd0/laucoo/fastq/newfastq/V0347/ITS/15_no_primers/11240_HC_323_S8_S149_R2_cuta_noprim.fastq.gz,ITS,run1
11240_HC_323_S9_S150,/hdd0/laucoo/fastq/newfastq/V0347/ITS/15_no_primers/11240_HC_323_S9_S150_R1_cuta_noprim.fastq.gz,/hdd0/laucoo/fastq/newfastq/V0347/ITS/15_no_primers/11240_HC_323_S9_S150_R2_cuta_noprim.fastq.gz,ITS,run1
11240_HC_323_W1_S151,/hdd0/laucoo/fastq/newfastq/V0347/ITS/15_no_primers/11240_HC_323_W1_S151_R1_cuta_noprim.fastq.gz,/hdd0/laucoo/fastq/newfastq/V0347/ITS/15_no_primers/11240_HC_323_W1_S151_R2_cuta_noprim.fastq.gz,ITS,run1
11240_HC_323_W2_S152,/hdd0/laucoo/fastq/newfastq/V0347/ITS/15_no_primers/11240_HC_323_W2_S152_R1_cuta_noprim.fastq.gz,/hdd0/laucoo/fastq/newfastq/V0347/ITS/15_no_primers/11240_HC_323_W2_S152_R2_cuta_noprim.fastq.gz,ITS,run1
11240_HC_323_W3_S153,/hdd0/laucoo/fastq/newfastq/V0347/ITS/15_no_primers/11240_HC_323_W3_S153_R1_cuta_noprim.fastq.gz,/hdd0/laucoo/fastq/newfastq/V0347/ITS/15_no_primers/11240_HC_323_W3_S153_R2_cuta_noprim.fastq.gz,ITS,run1
11240_HC_621_S10_S155,/hdd0/laucoo/fastq/newfastq/V0347/ITS/15_no_primers/11240_HC_621_S10_S155_R1_cuta_noprim.fastq.gz,/hdd0/laucoo/fastq/newfastq/V0347/ITS/15_no_primers/11240_HC_621_S10_S155_R2_cuta_noprim.fastq.gz,ITS,run1
11240_HC_621_S11_S156,/hdd0/laucoo/fastq/newfastq/V0347/ITS/15_no_primers/11240_HC_621_S11_S156_R1_cuta_noprim.fastq.gz,/hdd0/laucoo/fastq/newfastq/V0347/ITS/15_no_primers/11240_HC_621_S11_S156_R2_cuta_noprim.fastq.gz,ITS,run1
11240_HC_621_S12_S157,/hdd0/laucoo/fastq/newfastq/V0347/ITS/15_no_primers/11240_HC_621_S12_S157_R1_cuta_noprim.fastq.gz,/hdd0/laucoo/fastq/newfastq/V0347/ITS/15_no_primers/11240_HC_621_S12_S157_R2_cuta_noprim.fastq.gz,ITS,run1
11240_HC_621_S1_S154,/hdd0/laucoo/fastq/newfastq/V0347/ITS/15_no_primers/11240_HC_621_S1_S154_R1_cuta_noprim.fastq.gz,/hdd0/laucoo/fastq/newfastq/V0347/ITS/15_no_primers/11240_HC_621_S1_S154_R2_cuta_noprim.fastq.gz,ITS,run1
11240_HC_621_S2_S158,/hdd0/laucoo/fastq/newfastq/V0347/ITS/15_no_primers/11240_HC_621_S2_S158_R1_cuta_noprim.fastq.gz,/hdd0/laucoo/fastq/newfastq/V0347/ITS/15_no_primers/11240_HC_621_S2_S158_R2_cuta_noprim.fastq.gz,ITS,run1
11240_HC_621_S3_S159,/hdd0/laucoo/fastq/newfastq/V0347/ITS/15_no_primers/11240_HC_621_S3_S159_R1_cuta_noprim.fastq.gz,/hdd0/laucoo/fastq/newfastq/V0347/ITS/15_no_primers/11240_HC_621_S3_S159_R2_cuta_noprim.fastq.gz,ITS,run1
11240_HC_621_S4_S160,/hdd0/laucoo/fastq/newfastq/V0347/ITS/15_no_primers/11240_HC_621_S4_S160_R1_cuta_noprim.fastq.gz,/hdd0/laucoo/fastq/newfastq/V0347/ITS/15_no_primers/11240_HC_621_S4_S160_R2_cuta_noprim.fastq.gz,ITS,run1
11240_HC_621_S5_S161,/hdd0/laucoo/fastq/newfastq/V0347/ITS/15_no_primers/11240_HC_621_S5_S161_R1_cuta_noprim.fastq.gz,/hdd0/laucoo/fastq/newfastq/V0347/ITS/15_no_primers/11240_HC_621_S5_S161_R2_cuta_noprim.fastq.gz,ITS,run1
11240_HC_621_S6_S162,/hdd0/laucoo/fastq/newfastq/V0347/ITS/15_no_primers/11240_HC_621_S6_S162_R1_cuta_noprim.fastq.gz,/hdd0/laucoo/fastq/newfastq/V0347/ITS/15_no_primers/11240_HC_621_S6_S162_R2_cuta_noprim.fastq.gz,ITS,run1
11240_HC_621_S7_S163,/hdd0/laucoo/fastq/newfastq/V0347/ITS/15_no_primers/11240_HC_621_S7_S163_R1_cuta_noprim.fastq.gz,/hdd0/laucoo/fastq/newfastq/V0347/ITS/15_no_primers/11240_HC_621_S7_S163_R2_cuta_noprim.fastq.gz,ITS,run1
11240_HC_621_S8_S164,/hdd0/laucoo/fastq/newfastq/V0347/ITS/15_no_primers/11240_HC_621_S8_S164_R1_cuta_noprim.fastq.gz,/hdd0/laucoo/fastq/newfastq/V0347/ITS/15_no_primers/11240_HC_621_S8_S164_R2_cuta_noprim.fastq.gz,ITS,run1
11240_HC_621_S9_S165,/hdd0/laucoo/fastq/newfastq/V0347/ITS/15_no_primers/11240_HC_621_S9_S165_R1_cuta_noprim.fastq.gz,/hdd0/laucoo/fastq/newfastq/V0347/ITS/15_no_primers/11240_HC_621_S9_S165_R2_cuta_noprim.fastq.gz,ITS,run1
11240_HC_721_W1_S166,/hdd0/laucoo/fastq/newfastq/V0347/ITS/15_no_primers/11240_HC_721_W1_S166_R1_cuta_noprim.fastq.gz,/hdd0/laucoo/fastq/newfastq/V0347/ITS/15_no_primers/11240_HC_721_W1_S166_R2_cuta_noprim.fastq.gz,ITS,run1
11240_HC_721_W2_S167,/hdd0/laucoo/fastq/newfastq/V0347/ITS/15_no_primers/11240_HC_721_W2_S167_R1_cuta_noprim.fastq.gz,/hdd0/laucoo/fastq/newfastq/V0347/ITS/15_no_primers/11240_HC_721_W2_S167_R2_cuta_noprim.fastq.gz,ITS,run1
11240_HC_721_W3_S168,/hdd0/laucoo/fastq/newfastq/V0347/ITS/15_no_primers/11240_HC_721_W3_S168_R1_cuta_noprim.fastq.gz,/hdd0/laucoo/fastq/newfastq/V0347/ITS/15_no_primers/11240_HC_721_W3_S168_R2_cuta_noprim.fastq.gz,ITS,run1
11240_HC_722_S10_S170,/hdd0/laucoo/fastq/newfastq/V0347/ITS/15_no_primers/11240_HC_722_S10_S170_R1_cuta_noprim.fastq.gz,/hdd0/laucoo/fastq/newfastq/V0347/ITS/15_no_primers/11240_HC_722_S10_S170_R2_cuta_noprim.fastq.gz,ITS,run1
11240_HC_722_S11_S171,/hdd0/laucoo/fastq/newfastq/V0347/ITS/15_no_primers/11240_HC_722_S11_S171_R1_cuta_noprim.fastq.gz,/hdd0/laucoo/fastq/newfastq/V0347/ITS/15_no_primers/11240_HC_722_S11_S171_R2_cuta_noprim.fastq.gz,ITS,run1
11240_HC_722_S12_S172,/hdd0/laucoo/fastq/newfastq/V0347/ITS/15_no_primers/11240_HC_722_S12_S172_R1_cuta_noprim.fastq.gz,/hdd0/laucoo/fastq/newfastq/V0347/ITS/15_no_primers/11240_HC_722_S12_S172_R2_cuta_noprim.fastq.gz,ITS,run1
11240_HC_722_S1_S169,/hdd0/laucoo/fastq/newfastq/V0347/ITS/15_no_primers/11240_HC_722_S1_S169_R1_cuta_noprim.fastq.gz,/hdd0/laucoo/fastq/newfastq/V0347/ITS/15_no_primers/11240_HC_722_S1_S169_R2_cuta_noprim.fastq.gz,ITS,run1
11240_HC_722_S2_S173,/hdd0/laucoo/fastq/newfastq/V0347/ITS/15_no_primers/11240_HC_722_S2_S173_R1_cuta_noprim.fastq.gz,/hdd0/laucoo/fastq/newfastq/V0347/ITS/15_no_primers/11240_HC_722_S2_S173_R2_cuta_noprim.fastq.gz,ITS,run1
11240_HC_722_S3_S174,/hdd0/laucoo/fastq/newfastq/V0347/ITS/15_no_primers/11240_HC_722_S3_S174_R1_cuta_noprim.fastq.gz,/hdd0/laucoo/fastq/newfastq/V0347/ITS/15_no_primers/11240_HC_722_S3_S174_R2_cuta_noprim.fastq.gz,ITS,run1
11240_HC_722_S4_S175,/hdd0/laucoo/fastq/newfastq/V0347/ITS/15_no_primers/11240_HC_722_S4_S175_R1_cuta_noprim.fastq.gz,/hdd0/laucoo/fastq/newfastq/V0347/ITS/15_no_primers/11240_HC_722_S4_S175_R2_cuta_noprim.fastq.gz,ITS,run1
11240_HC_722_S5_S176,/hdd0/laucoo/fastq/newfastq/V0347/ITS/15_no_primers/11240_HC_722_S5_S176_R1_cuta_noprim.fastq.gz,/hdd0/laucoo/fastq/newfastq/V0347/ITS/15_no_primers/11240_HC_722_S5_S176_R2_cuta_noprim.fastq.gz,ITS,run1
11240_HC_722_S6_S177,/hdd0/laucoo/fastq/newfastq/V0347/ITS/15_no_primers/11240_HC_722_S6_S177_R1_cuta_noprim.fastq.gz,/hdd0/laucoo/fastq/newfastq/V0347/ITS/15_no_primers/11240_HC_722_S6_S177_R2_cuta_noprim.fastq.gz,ITS,run1
11240_HC_722_S7_S178,/hdd0/laucoo/fastq/newfastq/V0347/ITS/15_no_primers/11240_HC_722_S7_S178_R1_cuta_noprim.fastq.gz,/hdd0/laucoo/fastq/newfastq/V0347/ITS/15_no_primers/11240_HC_722_S7_S178_R2_cuta_noprim.fastq.gz,ITS,run1
11240_HC_722_S8_S179,/hdd0/laucoo/fastq/newfastq/V0347/ITS/15_no_primers/11240_HC_722_S8_S179_R1_cuta_noprim.fastq.gz,/hdd0/laucoo/fastq/newfastq/V0347/ITS/15_no_primers/11240_HC_722_S8_S179_R2_cuta_noprim.fastq.gz,ITS,run1
11240_HC_722_S9_S180,/hdd0/laucoo/fastq/newfastq/V0347/ITS/15_no_primers/11240_HC_722_S9_S180_R1_cuta_noprim.fastq.gz,/hdd0/laucoo/fastq/newfastq/V0347/ITS/15_no_primers/11240_HC_722_S9_S180_R2_cuta_noprim.fastq.gz,ITS,run1
11240_HC_722_W1_S181,/hdd0/laucoo/fastq/newfastq/V0347/ITS/15_no_primers/11240_HC_722_W1_S181_R1_cuta_noprim.fastq.gz,/hdd0/laucoo/fastq/newfastq/V0347/ITS/15_no_primers/11240_HC_722_W1_S181_R2_cuta_noprim.fastq.gz,ITS,run1
11240_HC_722_W2_S182,/hdd0/laucoo/fastq/newfastq/V0347/ITS/15_no_primers/11240_HC_722_W2_S182_R1_cuta_noprim.fastq.gz,/hdd0/laucoo/fastq/newfastq/V0347/ITS/15_no_primers/11240_HC_722_W2_S182_R2_cuta_noprim.fastq.gz,ITS,run1
11240_HC_722_W3_S183,/hdd0/laucoo/fastq/newfastq/V0347/ITS/15_no_primers/11240_HC_722_W3_S183_R1_cuta_noprim.fastq.gz,/hdd0/laucoo/fastq/newfastq/V0347/ITS/15_no_primers/11240_HC_722_W3_S183_R2_cuta_noprim.fastq.gz,ITS,run1
11240_HH_1123_W1_S184,/hdd0/laucoo/fastq/newfastq/V0347/ITS/15_no_primers/11240_HH_1123_W1_S184_R1_cuta_noprim.fastq.gz,/hdd0/laucoo/fastq/newfastq/V0347/ITS/15_no_primers/11240_HH_1123_W1_S184_R2_cuta_noprim.fastq.gz,ITS,run1
11240_HH_1123_W2_S185,/hdd0/laucoo/fastq/newfastq/V0347/ITS/15_no_primers/11240_HH_1123_W2_S185_R1_cuta_noprim.fastq.gz,/hdd0/laucoo/fastq/newfastq/V0347/ITS/15_no_primers/11240_HH_1123_W2_S185_R2_cuta_noprim.fastq.gz,ITS,run1
11240_HH_1123_W3_S186,/hdd0/laucoo/fastq/newfastq/V0347/ITS/15_no_primers/11240_HH_1123_W3_S186_R1_cuta_noprim.fastq.gz,/hdd0/laucoo/fastq/newfastq/V0347/ITS/15_no_primers/11240_HH_1123_W3_S186_R2_cuta_noprim.fastq.gz,ITS,run1
11240_HH_323_W1_S187,/hdd0/laucoo/fastq/newfastq/V0347/ITS/15_no_primers/11240_HH_323_W1_S187_R1_cuta_noprim.fastq.gz,/hdd0/laucoo/fastq/newfastq/V0347/ITS/15_no_primers/11240_HH_323_W1_S187_R2_cuta_noprim.fastq.gz,ITS,run1
11240_HH_323_W2_S188,/hdd0/laucoo/fastq/newfastq/V0347/ITS/15_no_primers/11240_HH_323_W2_S188_R1_cuta_noprim.fastq.gz,/hdd0/laucoo/fastq/newfastq/V0347/ITS/15_no_primers/11240_HH_323_W2_S188_R2_cuta_noprim.fastq.gz,ITS,run1
11240_HH_323_W3_S189,/hdd0/laucoo/fastq/newfastq/V0347/ITS/15_no_primers/11240_HH_323_W3_S189_R1_cuta_noprim.fastq.gz,/hdd0/laucoo/fastq/newfastq/V0347/ITS/15_no_primers/11240_HH_323_W3_S189_R2_cuta_noprim.fastq.gz,ITS,run1
11240_HH_722_S10_S191,/hdd0/laucoo/fastq/newfastq/V0347/ITS/15_no_primers/11240_HH_722_S10_S191_R1_cuta_noprim.fastq.gz,/hdd0/laucoo/fastq/newfastq/V0347/ITS/15_no_primers/11240_HH_722_S10_S191_R2_cuta_noprim.fastq.gz,ITS,run1
11240_HH_722_S11_S192,/hdd0/laucoo/fastq/newfastq/V0347/ITS/15_no_primers/11240_HH_722_S11_S192_R1_cuta_noprim.fastq.gz,/hdd0/laucoo/fastq/newfastq/V0347/ITS/15_no_primers/11240_HH_722_S11_S192_R2_cuta_noprim.fastq.gz,ITS,run1
11240_HH_722_S12_S193,/hdd0/laucoo/fastq/newfastq/V0347/ITS/15_no_primers/11240_HH_722_S12_S193_R1_cuta_noprim.fastq.gz,/hdd0/laucoo/fastq/newfastq/V0347/ITS/15_no_primers/11240_HH_722_S12_S193_R2_cuta_noprim.fastq.gz,ITS,run1
11240_HH_722_S1_S190,/hdd0/laucoo/fastq/newfastq/V0347/ITS/15_no_primers/11240_HH_722_S1_S190_R1_cuta_noprim.fastq.gz,/hdd0/laucoo/fastq/newfastq/V0347/ITS/15_no_primers/11240_HH_722_S1_S190_R2_cuta_noprim.fastq.gz,ITS,run1
11240_HH_722_S2_S194,/hdd0/laucoo/fastq/newfastq/V0347/ITS/15_no_primers/11240_HH_722_S2_S194_R1_cuta_noprim.fastq.gz,/hdd0/laucoo/fastq/newfastq/V0347/ITS/15_no_primers/11240_HH_722_S2_S194_R2_cuta_noprim.fastq.gz,ITS,run1
11240_HH_722_S3_S195,/hdd0/laucoo/fastq/newfastq/V0347/ITS/15_no_primers/11240_HH_722_S3_S195_R1_cuta_noprim.fastq.gz,/hdd0/laucoo/fastq/newfastq/V0347/ITS/15_no_primers/11240_HH_722_S3_S195_R2_cuta_noprim.fastq.gz,ITS,run1
11240_HH_722_S4_S196,/hdd0/laucoo/fastq/newfastq/V0347/ITS/15_no_primers/11240_HH_722_S4_S196_R1_cuta_noprim.fastq.gz,/hdd0/laucoo/fastq/newfastq/V0347/ITS/15_no_primers/11240_HH_722_S4_S196_R2_cuta_noprim.fastq.gz,ITS,run1
11240_HH_722_S5_S197,/hdd0/laucoo/fastq/newfastq/V0347/ITS/15_no_primers/11240_HH_722_S5_S197_R1_cuta_noprim.fastq.gz,/hdd0/laucoo/fastq/newfastq/V0347/ITS/15_no_primers/11240_HH_722_S5_S197_R2_cuta_noprim.fastq.gz,ITS,run1
11240_HH_722_S6_S198,/hdd0/laucoo/fastq/newfastq/V0347/ITS/15_no_primers/11240_HH_722_S6_S198_R1_cuta_noprim.fastq.gz,/hdd0/laucoo/fastq/newfastq/V0347/ITS/15_no_primers/11240_HH_722_S6_S198_R2_cuta_noprim.fastq.gz,ITS,run1
11240_HH_722_S7_S199,/hdd0/laucoo/fastq/newfastq/V0347/ITS/15_no_primers/11240_HH_722_S7_S199_R1_cuta_noprim.fastq.gz,/hdd0/laucoo/fastq/newfastq/V0347/ITS/15_no_primers/11240_HH_722_S7_S199_R2_cuta_noprim.fastq.gz,ITS,run1
11240_HH_722_S8_S200,/hdd0/laucoo/fastq/newfastq/V0347/ITS/15_no_primers/11240_HH_722_S8_S200_R1_cuta_noprim.fastq.gz,/hdd0/laucoo/fastq/newfastq/V0347/ITS/15_no_primers/11240_HH_722_S8_S200_R2_cuta_noprim.fastq.gz,ITS,run1
11240_HH_722_S9_S201,/hdd0/laucoo/fastq/newfastq/V0347/ITS/15_no_primers/11240_HH_722_S9_S201_R1_cuta_noprim.fastq.gz,/hdd0/laucoo/fastq/newfastq/V0347/ITS/15_no_primers/11240_HH_722_S9_S201_R2_cuta_noprim.fastq.gz,ITS,run1
11240_HH_722_W1_S202,/hdd0/laucoo/fastq/newfastq/V0347/ITS/15_no_primers/11240_HH_722_W1_S202_R1_cuta_noprim.fastq.gz,/hdd0/laucoo/fastq/newfastq/V0347/ITS/15_no_primers/11240_HH_722_W1_S202_R2_cuta_noprim.fastq.gz,ITS,run1
11240_HH_722_W2_S203,/hdd0/laucoo/fastq/newfastq/V0347/ITS/15_no_primers/11240_HH_722_W2_S203_R1_cuta_noprim.fastq.gz,/hdd0/laucoo/fastq/newfastq/V0347/ITS/15_no_primers/11240_HH_722_W2_S203_R2_cuta_noprim.fastq.gz,ITS,run1
11240_HH_722_W3_S204,/hdd0/laucoo/fastq/newfastq/V0347/ITS/15_no_primers/11240_HH_722_W3_S204_R1_cuta_noprim.fastq.gz,/hdd0/laucoo/fastq/newfastq/V0347/ITS/15_no_primers/11240_HH_722_W3_S204_R2_cuta_noprim.fastq.gz,ITS,run1
11240_HR6_21_S10_S205,/hdd0/laucoo/fastq/newfastq/V0347/ITS/15_no_primers/11240_HR6_21_S10_S205_R1_cuta_noprim.fastq.gz,/hdd0/laucoo/fastq/newfastq/V0347/ITS/15_no_primers/11240_HR6_21_S10_S205_R2_cuta_noprim.fastq.gz,ITS,run1
11240_HR6_21_S11_S206,/hdd0/laucoo/fastq/newfastq/V0347/ITS/15_no_primers/11240_HR6_21_S11_S206_R1_cuta_noprim.fastq.gz,/hdd0/laucoo/fastq/newfastq/V0347/ITS/15_no_primers/11240_HR6_21_S11_S206_R2_cuta_noprim.fastq.gz,ITS,run1
11240_HR6_21_S12_S207,/hdd0/laucoo/fastq/newfastq/V0347/ITS/15_no_primers/11240_HR6_21_S12_S207_R1_cuta_noprim.fastq.gz,/hdd0/laucoo/fastq/newfastq/V0347/ITS/15_no_primers/11240_HR6_21_S12_S207_R2_cuta_noprim.fastq.gz,ITS,run1
11240_HR6_21_S9_S208,/hdd0/laucoo/fastq/newfastq/V0347/ITS/15_no_primers/11240_HR6_21_S9_S208_R1_cuta_noprim.fastq.gz,/hdd0/laucoo/fastq/newfastq/V0347/ITS/15_no_primers/11240_HR6_21_S9_S208_R2_cuta_noprim.fastq.gz,ITS,run1
11240_HR_1123_W1_S209,/hdd0/laucoo/fastq/newfastq/V0347/ITS/15_no_primers/11240_HR_1123_W1_S209_R1_cuta_noprim.fastq.gz,/hdd0/laucoo/fastq/newfastq/V0347/ITS/15_no_primers/11240_HR_1123_W1_S209_R2_cuta_noprim.fastq.gz,ITS,run1
11240_HR_1123_W2_S210,/hdd0/laucoo/fastq/newfastq/V0347/ITS/15_no_primers/11240_HR_1123_W2_S210_R1_cuta_noprim.fastq.gz,/hdd0/laucoo/fastq/newfastq/V0347/ITS/15_no_primers/11240_HR_1123_W2_S210_R2_cuta_noprim.fastq.gz,ITS,run1
11240_HR_1123_W3_S211,/hdd0/laucoo/fastq/newfastq/V0347/ITS/15_no_primers/11240_HR_1123_W3_S211_R1_cuta_noprim.fastq.gz,/hdd0/laucoo/fastq/newfastq/V0347/ITS/15_no_primers/11240_HR_1123_W3_S211_R2_cuta_noprim.fastq.gz,ITS,run1
11240_HR_323_S10_S213,/hdd0/laucoo/fastq/newfastq/V0347/ITS/15_no_primers/11240_HR_323_S10_S213_R1_cuta_noprim.fastq.gz,/hdd0/laucoo/fastq/newfastq/V0347/ITS/15_no_primers/11240_HR_323_S10_S213_R2_cuta_noprim.fastq.gz,ITS,run1
11240_HR_323_S11_S214,/hdd0/laucoo/fastq/newfastq/V0347/ITS/15_no_primers/11240_HR_323_S11_S214_R1_cuta_noprim.fastq.gz,/hdd0/laucoo/fastq/newfastq/V0347/ITS/15_no_primers/11240_HR_323_S11_S214_R2_cuta_noprim.fastq.gz,ITS,run1
11240_HR_323_S12_S215,/hdd0/laucoo/fastq/newfastq/V0347/ITS/15_no_primers/11240_HR_323_S12_S215_R1_cuta_noprim.fastq.gz,/hdd0/laucoo/fastq/newfastq/V0347/ITS/15_no_primers/11240_HR_323_S12_S215_R2_cuta_noprim.fastq.gz,ITS,run1
11240_HR_323_S1_S212,/hdd0/laucoo/fastq/newfastq/V0347/ITS/15_no_primers/11240_HR_323_S1_S212_R1_cuta_noprim.fastq.gz,/hdd0/laucoo/fastq/newfastq/V0347/ITS/15_no_primers/11240_HR_323_S1_S212_R2_cuta_noprim.fastq.gz,ITS,run1
11240_HR_323_S2_S216,/hdd0/laucoo/fastq/newfastq/V0347/ITS/15_no_primers/11240_HR_323_S2_S216_R1_cuta_noprim.fastq.gz,/hdd0/laucoo/fastq/newfastq/V0347/ITS/15_no_primers/11240_HR_323_S2_S216_R2_cuta_noprim.fastq.gz,ITS,run1
11240_HR_323_S3_S217,/hdd0/laucoo/fastq/newfastq/V0347/ITS/15_no_primers/11240_HR_323_S3_S217_R1_cuta_noprim.fastq.gz,/hdd0/laucoo/fastq/newfastq/V0347/ITS/15_no_primers/11240_HR_323_S3_S217_R2_cuta_noprim.fastq.gz,ITS,run1
11240_HR_323_S4_S218,/hdd0/laucoo/fastq/newfastq/V0347/ITS/15_no_primers/11240_HR_323_S4_S218_R1_cuta_noprim.fastq.gz,/hdd0/laucoo/fastq/newfastq/V0347/ITS/15_no_primers/11240_HR_323_S4_S218_R2_cuta_noprim.fastq.gz,ITS,run1
11240_HR_323_S5_S219,/hdd0/laucoo/fastq/newfastq/V0347/ITS/15_no_primers/11240_HR_323_S5_S219_R1_cuta_noprim.fastq.gz,/hdd0/laucoo/fastq/newfastq/V0347/ITS/15_no_primers/11240_HR_323_S5_S219_R2_cuta_noprim.fastq.gz,ITS,run1
11240_HR_323_S6_S220,/hdd0/laucoo/fastq/newfastq/V0347/ITS/15_no_primers/11240_HR_323_S6_S220_R1_cuta_noprim.fastq.gz,/hdd0/laucoo/fastq/newfastq/V0347/ITS/15_no_primers/11240_HR_323_S6_S220_R2_cuta_noprim.fastq.gz,ITS,run1
11240_HR_323_S7_S221,/hdd0/laucoo/fastq/newfastq/V0347/ITS/15_no_primers/11240_HR_323_S7_S221_R1_cuta_noprim.fastq.gz,/hdd0/laucoo/fastq/newfastq/V0347/ITS/15_no_primers/11240_HR_323_S7_S221_R2_cuta_noprim.fastq.gz,ITS,run1
11240_HR_323_S8_S222,/hdd0/laucoo/fastq/newfastq/V0347/ITS/15_no_primers/11240_HR_323_S8_S222_R1_cuta_noprim.fastq.gz,/hdd0/laucoo/fastq/newfastq/V0347/ITS/15_no_primers/11240_HR_323_S8_S222_R2_cuta_noprim.fastq.gz,ITS,run1
11240_HR_323_S9_S223,/hdd0/laucoo/fastq/newfastq/V0347/ITS/15_no_primers/11240_HR_323_S9_S223_R1_cuta_noprim.fastq.gz,/hdd0/laucoo/fastq/newfastq/V0347/ITS/15_no_primers/11240_HR_323_S9_S223_R2_cuta_noprim.fastq.gz,ITS,run1
11240_HR_323_W1_S224,/hdd0/laucoo/fastq/newfastq/V0347/ITS/15_no_primers/11240_HR_323_W1_S224_R1_cuta_noprim.fastq.gz,/hdd0/laucoo/fastq/newfastq/V0347/ITS/15_no_primers/11240_HR_323_W1_S224_R2_cuta_noprim.fastq.gz,ITS,run1
11240_HR_323_W2_S225,/hdd0/laucoo/fastq/newfastq/V0347/ITS/15_no_primers/11240_HR_323_W2_S225_R1_cuta_noprim.fastq.gz,/hdd0/laucoo/fastq/newfastq/V0347/ITS/15_no_primers/11240_HR_323_W2_S225_R2_cuta_noprim.fastq.gz,ITS,run1
11240_HR_323_W3_S226,/hdd0/laucoo/fastq/newfastq/V0347/ITS/15_no_primers/11240_HR_323_W3_S226_R1_cuta_noprim.fastq.gz,/hdd0/laucoo/fastq/newfastq/V0347/ITS/15_no_primers/11240_HR_323_W3_S226_R2_cuta_noprim.fastq.gz,ITS,run1
11240_HR_621_S1_S227,/hdd0/laucoo/fastq/newfastq/V0347/ITS/15_no_primers/11240_HR_621_S1_S227_R1_cuta_noprim.fastq.gz,/hdd0/laucoo/fastq/newfastq/V0347/ITS/15_no_primers/11240_HR_621_S1_S227_R2_cuta_noprim.fastq.gz,ITS,run1
11240_HR_621_S2_S228,/hdd0/laucoo/fastq/newfastq/V0347/ITS/15_no_primers/11240_HR_621_S2_S228_R1_cuta_noprim.fastq.gz,/hdd0/laucoo/fastq/newfastq/V0347/ITS/15_no_primers/11240_HR_621_S2_S228_R2_cuta_noprim.fastq.gz,ITS,run1
11240_HR_621_S3_S229,/hdd0/laucoo/fastq/newfastq/V0347/ITS/15_no_primers/11240_HR_621_S3_S229_R1_cuta_noprim.fastq.gz,/hdd0/laucoo/fastq/newfastq/V0347/ITS/15_no_primers/11240_HR_621_S3_S229_R2_cuta_noprim.fastq.gz,ITS,run1
11240_HR_621_S4_S230,/hdd0/laucoo/fastq/newfastq/V0347/ITS/15_no_primers/11240_HR_621_S4_S230_R1_cuta_noprim.fastq.gz,/hdd0/laucoo/fastq/newfastq/V0347/ITS/15_no_primers/11240_HR_621_S4_S230_R2_cuta_noprim.fastq.gz,ITS,run1
11240_HR_621_S5_S231,/hdd0/laucoo/fastq/newfastq/V0347/ITS/15_no_primers/11240_HR_621_S5_S231_R1_cuta_noprim.fastq.gz,/hdd0/laucoo/fastq/newfastq/V0347/ITS/15_no_primers/11240_HR_621_S5_S231_R2_cuta_noprim.fastq.gz,ITS,run1
11240_HR_621_S6_S232,/hdd0/laucoo/fastq/newfastq/V0347/ITS/15_no_primers/11240_HR_621_S6_S232_R1_cuta_noprim.fastq.gz,/hdd0/laucoo/fastq/newfastq/V0347/ITS/15_no_primers/11240_HR_621_S6_S232_R2_cuta_noprim.fastq.gz,ITS,run1
11240_HR_621_S7_S233,/hdd0/laucoo/fastq/newfastq/V0347/ITS/15_no_primers/11240_HR_621_S7_S233_R1_cuta_noprim.fastq.gz,/hdd0/laucoo/fastq/newfastq/V0347/ITS/15_no_primers/11240_HR_621_S7_S233_R2_cuta_noprim.fastq.gz,ITS,run1
11240_HR_621_S8_S234,/hdd0/laucoo/fastq/newfastq/V0347/ITS/15_no_primers/11240_HR_621_S8_S234_R1_cuta_noprim.fastq.gz,/hdd0/laucoo/fastq/newfastq/V0347/ITS/15_no_primers/11240_HR_621_S8_S234_R2_cuta_noprim.fastq.gz,ITS,run1
11240_HR_721_W1_S235,/hdd0/laucoo/fastq/newfastq/V0347/ITS/15_no_primers/11240_HR_721_W1_S235_R1_cuta_noprim.fastq.gz,/hdd0/laucoo/fastq/newfastq/V0347/ITS/15_no_primers/11240_HR_721_W1_S235_R2_cuta_noprim.fastq.gz,ITS,run1
11240_HR_721_W2_S236,/hdd0/laucoo/fastq/newfastq/V0347/ITS/15_no_primers/11240_HR_721_W2_S236_R1_cuta_noprim.fastq.gz,/hdd0/laucoo/fastq/newfastq/V0347/ITS/15_no_primers/11240_HR_721_W2_S236_R2_cuta_noprim.fastq.gz,ITS,run1
11240_HR_721_W3_S237,/hdd0/laucoo/fastq/newfastq/V0347/ITS/15_no_primers/11240_HR_721_W3_S237_R1_cuta_noprim.fastq.gz,/hdd0/laucoo/fastq/newfastq/V0347/ITS/15_no_primers/11240_HR_721_W3_S237_R2_cuta_noprim.fastq.gz,ITS,run1
11240_HR_722_S10_S239,/hdd0/laucoo/fastq/newfastq/V0347/ITS/15_no_primers/11240_HR_722_S10_S239_R1_cuta_noprim.fastq.gz,/hdd0/laucoo/fastq/newfastq/V0347/ITS/15_no_primers/11240_HR_722_S10_S239_R2_cuta_noprim.fastq.gz,ITS,run1
11240_HR_722_S11_S240,/hdd0/laucoo/fastq/newfastq/V0347/ITS/15_no_primers/11240_HR_722_S11_S240_R1_cuta_noprim.fastq.gz,/hdd0/laucoo/fastq/newfastq/V0347/ITS/15_no_primers/11240_HR_722_S11_S240_R2_cuta_noprim.fastq.gz,ITS,run1
11240_HR_722_S12_S241,/hdd0/laucoo/fastq/newfastq/V0347/ITS/15_no_primers/11240_HR_722_S12_S241_R1_cuta_noprim.fastq.gz,/hdd0/laucoo/fastq/newfastq/V0347/ITS/15_no_primers/11240_HR_722_S12_S241_R2_cuta_noprim.fastq.gz,ITS,run1
11240_HR_722_S1_S238,/hdd0/laucoo/fastq/newfastq/V0347/ITS/15_no_primers/11240_HR_722_S1_S238_R1_cuta_noprim.fastq.gz,/hdd0/laucoo/fastq/newfastq/V0347/ITS/15_no_primers/11240_HR_722_S1_S238_R2_cuta_noprim.fastq.gz,ITS,run1
11240_HR_722_S2_S242,/hdd0/laucoo/fastq/newfastq/V0347/ITS/15_no_primers/11240_HR_722_S2_S242_R1_cuta_noprim.fastq.gz,/hdd0/laucoo/fastq/newfastq/V0347/ITS/15_no_primers/11240_HR_722_S2_S242_R2_cuta_noprim.fastq.gz,ITS,run1
11240_HR_722_S3_S243,/hdd0/laucoo/fastq/newfastq/V0347/ITS/15_no_primers/11240_HR_722_S3_S243_R1_cuta_noprim.fastq.gz,/hdd0/laucoo/fastq/newfastq/V0347/ITS/15_no_primers/11240_HR_722_S3_S243_R2_cuta_noprim.fastq.gz,ITS,run1
11240_HR_722_S4_S244,/hdd0/laucoo/fastq/newfastq/V0347/ITS/15_no_primers/11240_HR_722_S4_S244_R1_cuta_noprim.fastq.gz,/hdd0/laucoo/fastq/newfastq/V0347/ITS/15_no_primers/11240_HR_722_S4_S244_R2_cuta_noprim.fastq.gz,ITS,run1
11240_HR_722_S5_S245,/hdd0/laucoo/fastq/newfastq/V0347/ITS/15_no_primers/11240_HR_722_S5_S245_R1_cuta_noprim.fastq.gz,/hdd0/laucoo/fastq/newfastq/V0347/ITS/15_no_primers/11240_HR_722_S5_S245_R2_cuta_noprim.fastq.gz,ITS,run1
11240_HR_722_S6_S246,/hdd0/laucoo/fastq/newfastq/V0347/ITS/15_no_primers/11240_HR_722_S6_S246_R1_cuta_noprim.fastq.gz,/hdd0/laucoo/fastq/newfastq/V0347/ITS/15_no_primers/11240_HR_722_S6_S246_R2_cuta_noprim.fastq.gz,ITS,run1
11240_HR_722_S7_S247,/hdd0/laucoo/fastq/newfastq/V0347/ITS/15_no_primers/11240_HR_722_S7_S247_R1_cuta_noprim.fastq.gz,/hdd0/laucoo/fastq/newfastq/V0347/ITS/15_no_primers/11240_HR_722_S7_S247_R2_cuta_noprim.fastq.gz,ITS,run1
11240_HR_722_S8_S248,/hdd0/laucoo/fastq/newfastq/V0347/ITS/15_no_primers/11240_HR_722_S8_S248_R1_cuta_noprim.fastq.gz,/hdd0/laucoo/fastq/newfastq/V0347/ITS/15_no_primers/11240_HR_722_S8_S248_R2_cuta_noprim.fastq.gz,ITS,run1
11240_HR_722_S9_S249,/hdd0/laucoo/fastq/newfastq/V0347/ITS/15_no_primers/11240_HR_722_S9_S249_R1_cuta_noprim.fastq.gz,/hdd0/laucoo/fastq/newfastq/V0347/ITS/15_no_primers/11240_HR_722_S9_S249_R2_cuta_noprim.fastq.gz,ITS,run1
11240_HR_722_W1_S250,/hdd0/laucoo/fastq/newfastq/V0347/ITS/15_no_primers/11240_HR_722_W1_S250_R1_cuta_noprim.fastq.gz,/hdd0/laucoo/fastq/newfastq/V0347/ITS/15_no_primers/11240_HR_722_W1_S250_R2_cuta_noprim.fastq.gz,ITS,run1
11240_HR_722_W2_S251,/hdd0/laucoo/fastq/newfastq/V0347/ITS/15_no_primers/11240_HR_722_W2_S251_R1_cuta_noprim.fastq.gz,/hdd0/laucoo/fastq/newfastq/V0347/ITS/15_no_primers/11240_HR_722_W2_S251_R2_cuta_noprim.fastq.gz,ITS,run1
11240_HR_722_W3_S252,/hdd0/laucoo/fastq/newfastq/V0347/ITS/15_no_primers/11240_HR_722_W3_S252_R1_cuta_noprim.fastq.gz,/hdd0/laucoo/fastq/newfastq/V0347/ITS/15_no_primers/11240_HR_722_W3_S252_R2_cuta_noprim.fastq.gz,ITS,run1
11240_LC_1121_S10_S254,/hdd0/laucoo/fastq/newfastq/V0347/ITS/15_no_primers/11240_LC_1121_S10_S254_R1_cuta_noprim.fastq.gz,/hdd0/laucoo/fastq/newfastq/V0347/ITS/15_no_primers/11240_LC_1121_S10_S254_R2_cuta_noprim.fastq.gz,ITS,run1
11240_LC_1121_S11_S255,/hdd0/laucoo/fastq/newfastq/V0347/ITS/15_no_primers/11240_LC_1121_S11_S255_R1_cuta_noprim.fastq.gz,/hdd0/laucoo/fastq/newfastq/V0347/ITS/15_no_primers/11240_LC_1121_S11_S255_R2_cuta_noprim.fastq.gz,ITS,run1
11240_LC_1121_S12_S256,/hdd0/laucoo/fastq/newfastq/V0347/ITS/15_no_primers/11240_LC_1121_S12_S256_R1_cuta_noprim.fastq.gz,/hdd0/laucoo/fastq/newfastq/V0347/ITS/15_no_primers/11240_LC_1121_S12_S256_R2_cuta_noprim.fastq.gz,ITS,run1
11240_LC_1121_S1_S253,/hdd0/laucoo/fastq/newfastq/V0347/ITS/15_no_primers/11240_LC_1121_S1_S253_R1_cuta_noprim.fastq.gz,/hdd0/laucoo/fastq/newfastq/V0347/ITS/15_no_primers/11240_LC_1121_S1_S253_R2_cuta_noprim.fastq.gz,ITS,run1
11240_LC_1121_S2_S257,/hdd0/laucoo/fastq/newfastq/V0347/ITS/15_no_primers/11240_LC_1121_S2_S257_R1_cuta_noprim.fastq.gz,/hdd0/laucoo/fastq/newfastq/V0347/ITS/15_no_primers/11240_LC_1121_S2_S257_R2_cuta_noprim.fastq.gz,ITS,run1
11240_LC_1121_S3_S258,/hdd0/laucoo/fastq/newfastq/V0347/ITS/15_no_primers/11240_LC_1121_S3_S258_R1_cuta_noprim.fastq.gz,/hdd0/laucoo/fastq/newfastq/V0347/ITS/15_no_primers/11240_LC_1121_S3_S258_R2_cuta_noprim.fastq.gz,ITS,run1
11240_LC_1121_S4_S259,/hdd0/laucoo/fastq/newfastq/V0347/ITS/15_no_primers/11240_LC_1121_S4_S259_R1_cuta_noprim.fastq.gz,/hdd0/laucoo/fastq/newfastq/V0347/ITS/15_no_primers/11240_LC_1121_S4_S259_R2_cuta_noprim.fastq.gz,ITS,run1
11240_LC_1121_S5_S260,/hdd0/laucoo/fastq/newfastq/V0347/ITS/15_no_primers/11240_LC_1121_S5_S260_R1_cuta_noprim.fastq.gz,/hdd0/laucoo/fastq/newfastq/V0347/ITS/15_no_primers/11240_LC_1121_S5_S260_R2_cuta_noprim.fastq.gz,ITS,run1
11240_LC_1121_S6_S261,/hdd0/laucoo/fastq/newfastq/V0347/ITS/15_no_primers/11240_LC_1121_S6_S261_R1_cuta_noprim.fastq.gz,/hdd0/laucoo/fastq/newfastq/V0347/ITS/15_no_primers/11240_LC_1121_S6_S261_R2_cuta_noprim.fastq.gz,ITS,run1
11240_LC_1121_S7_S262,/hdd0/laucoo/fastq/newfastq/V0347/ITS/15_no_primers/11240_LC_1121_S7_S262_R1_cuta_noprim.fastq.gz,/hdd0/laucoo/fastq/newfastq/V0347/ITS/15_no_primers/11240_LC_1121_S7_S262_R2_cuta_noprim.fastq.gz,ITS,run1
11240_LC_1121_S8_S263,/hdd0/laucoo/fastq/newfastq/V0347/ITS/15_no_primers/11240_LC_1121_S8_S263_R1_cuta_noprim.fastq.gz,/hdd0/laucoo/fastq/newfastq/V0347/ITS/15_no_primers/11240_LC_1121_S8_S263_R2_cuta_noprim.fastq.gz,ITS,run1
11240_LC_1121_S9_S264,/hdd0/laucoo/fastq/newfastq/V0347/ITS/15_no_primers/11240_LC_1121_S9_S264_R1_cuta_noprim.fastq.gz,/hdd0/laucoo/fastq/newfastq/V0347/ITS/15_no_primers/11240_LC_1121_S9_S264_R2_cuta_noprim.fastq.gz,ITS,run1
11240_LC_1121_W1_S265,/hdd0/laucoo/fastq/newfastq/V0347/ITS/15_no_primers/11240_LC_1121_W1_S265_R1_cuta_noprim.fastq.gz,/hdd0/laucoo/fastq/newfastq/V0347/ITS/15_no_primers/11240_LC_1121_W1_S265_R2_cuta_noprim.fastq.gz,ITS,run1
11240_LC_1121_W2_S266,/hdd0/laucoo/fastq/newfastq/V0347/ITS/15_no_primers/11240_LC_1121_W2_S266_R1_cuta_noprim.fastq.gz,/hdd0/laucoo/fastq/newfastq/V0347/ITS/15_no_primers/11240_LC_1121_W2_S266_R2_cuta_noprim.fastq.gz,ITS,run1
11240_LC_1121_W3_S267,/hdd0/laucoo/fastq/newfastq/V0347/ITS/15_no_primers/11240_LC_1121_W3_S267_R1_cuta_noprim.fastq.gz,/hdd0/laucoo/fastq/newfastq/V0347/ITS/15_no_primers/11240_LC_1121_W3_S267_R2_cuta_noprim.fastq.gz,ITS,run1
11240_LC_323_S10_S269,/hdd0/laucoo/fastq/newfastq/V0347/ITS/15_no_primers/11240_LC_323_S10_S269_R1_cuta_noprim.fastq.gz,/hdd0/laucoo/fastq/newfastq/V0347/ITS/15_no_primers/11240_LC_323_S10_S269_R2_cuta_noprim.fastq.gz,ITS,run1
11240_LC_323_S11_S270,/hdd0/laucoo/fastq/newfastq/V0347/ITS/15_no_primers/11240_LC_323_S11_S270_R1_cuta_noprim.fastq.gz,/hdd0/laucoo/fastq/newfastq/V0347/ITS/15_no_primers/11240_LC_323_S11_S270_R2_cuta_noprim.fastq.gz,ITS,run1
11240_LC_323_S12_S271,/hdd0/laucoo/fastq/newfastq/V0347/ITS/15_no_primers/11240_LC_323_S12_S271_R1_cuta_noprim.fastq.gz,/hdd0/laucoo/fastq/newfastq/V0347/ITS/15_no_primers/11240_LC_323_S12_S271_R2_cuta_noprim.fastq.gz,ITS,run1
11240_LC_323_S1_S268,/hdd0/laucoo/fastq/newfastq/V0347/ITS/15_no_primers/11240_LC_323_S1_S268_R1_cuta_noprim.fastq.gz,/hdd0/laucoo/fastq/newfastq/V0347/ITS/15_no_primers/11240_LC_323_S1_S268_R2_cuta_noprim.fastq.gz,ITS,run1
11240_LC_323_S2_S272,/hdd0/laucoo/fastq/newfastq/V0347/ITS/15_no_primers/11240_LC_323_S2_S272_R1_cuta_noprim.fastq.gz,/hdd0/laucoo/fastq/newfastq/V0347/ITS/15_no_primers/11240_LC_323_S2_S272_R2_cuta_noprim.fastq.gz,ITS,run1
11240_LC_323_S3_S273,/hdd0/laucoo/fastq/newfastq/V0347/ITS/15_no_primers/11240_LC_323_S3_S273_R1_cuta_noprim.fastq.gz,/hdd0/laucoo/fastq/newfastq/V0347/ITS/15_no_primers/11240_LC_323_S3_S273_R2_cuta_noprim.fastq.gz,ITS,run1
11240_LC_323_S4_S274,/hdd0/laucoo/fastq/newfastq/V0347/ITS/15_no_primers/11240_LC_323_S4_S274_R1_cuta_noprim.fastq.gz,/hdd0/laucoo/fastq/newfastq/V0347/ITS/15_no_primers/11240_LC_323_S4_S274_R2_cuta_noprim.fastq.gz,ITS,run1
11240_LC_323_S5_S275,/hdd0/laucoo/fastq/newfastq/V0347/ITS/15_no_primers/11240_LC_323_S5_S275_R1_cuta_noprim.fastq.gz,/hdd0/laucoo/fastq/newfastq/V0347/ITS/15_no_primers/11240_LC_323_S5_S275_R2_cuta_noprim.fastq.gz,ITS,run1
11240_LC_323_S6_S276,/hdd0/laucoo/fastq/newfastq/V0347/ITS/15_no_primers/11240_LC_323_S6_S276_R1_cuta_noprim.fastq.gz,/hdd0/laucoo/fastq/newfastq/V0347/ITS/15_no_primers/11240_LC_323_S6_S276_R2_cuta_noprim.fastq.gz,ITS,run1
11240_LC_323_S7_S277,/hdd0/laucoo/fastq/newfastq/V0347/ITS/15_no_primers/11240_LC_323_S7_S277_R1_cuta_noprim.fastq.gz,/hdd0/laucoo/fastq/newfastq/V0347/ITS/15_no_primers/11240_LC_323_S7_S277_R2_cuta_noprim.fastq.gz,ITS,run1
11240_LC_323_S8_S278,/hdd0/laucoo/fastq/newfastq/V0347/ITS/15_no_primers/11240_LC_323_S8_S278_R1_cuta_noprim.fastq.gz,/hdd0/laucoo/fastq/newfastq/V0347/ITS/15_no_primers/11240_LC_323_S8_S278_R2_cuta_noprim.fastq.gz,ITS,run1
11240_LC_323_S9_S279,/hdd0/laucoo/fastq/newfastq/V0347/ITS/15_no_primers/11240_LC_323_S9_S279_R1_cuta_noprim.fastq.gz,/hdd0/laucoo/fastq/newfastq/V0347/ITS/15_no_primers/11240_LC_323_S9_S279_R2_cuta_noprim.fastq.gz,ITS,run1
11240_LC_323_W1_S280,/hdd0/laucoo/fastq/newfastq/V0347/ITS/15_no_primers/11240_LC_323_W1_S280_R1_cuta_noprim.fastq.gz,/hdd0/laucoo/fastq/newfastq/V0347/ITS/15_no_primers/11240_LC_323_W1_S280_R2_cuta_noprim.fastq.gz,ITS,run1
11240_LC_323_W2_S281,/hdd0/laucoo/fastq/newfastq/V0347/ITS/15_no_primers/11240_LC_323_W2_S281_R1_cuta_noprim.fastq.gz,/hdd0/laucoo/fastq/newfastq/V0347/ITS/15_no_primers/11240_LC_323_W2_S281_R2_cuta_noprim.fastq.gz,ITS,run1
11240_LC_621_S1_S282,/hdd0/laucoo/fastq/newfastq/V0347/ITS/15_no_primers/11240_LC_621_S1_S282_R1_cuta_noprim.fastq.gz,/hdd0/laucoo/fastq/newfastq/V0347/ITS/15_no_primers/11240_LC_621_S1_S282_R2_cuta_noprim.fastq.gz,ITS,run1
11240_LC_621_S2_S283,/hdd0/laucoo/fastq/newfastq/V0347/ITS/15_no_primers/11240_LC_621_S2_S283_R1_cuta_noprim.fastq.gz,/hdd0/laucoo/fastq/newfastq/V0347/ITS/15_no_primers/11240_LC_621_S2_S283_R2_cuta_noprim.fastq.gz,ITS,run1
11240_LC_621_S3_S284,/hdd0/laucoo/fastq/newfastq/V0347/ITS/15_no_primers/11240_LC_621_S3_S284_R1_cuta_noprim.fastq.gz,/hdd0/laucoo/fastq/newfastq/V0347/ITS/15_no_primers/11240_LC_621_S3_S284_R2_cuta_noprim.fastq.gz,ITS,run1
11240_LC_621_S4_S285,/hdd0/laucoo/fastq/newfastq/V0347/ITS/15_no_primers/11240_LC_621_S4_S285_R1_cuta_noprim.fastq.gz,/hdd0/laucoo/fastq/newfastq/V0347/ITS/15_no_primers/11240_LC_621_S4_S285_R2_cuta_noprim.fastq.gz,ITS,run1
11240_LC_621_S5_S286,/hdd0/laucoo/fastq/newfastq/V0347/ITS/15_no_primers/11240_LC_621_S5_S286_R1_cuta_noprim.fastq.gz,/hdd0/laucoo/fastq/newfastq/V0347/ITS/15_no_primers/11240_LC_621_S5_S286_R2_cuta_noprim.fastq.gz,ITS,run1
11240_LC_621_S6_S287,/hdd0/laucoo/fastq/newfastq/V0347/ITS/15_no_primers/11240_LC_621_S6_S287_R1_cuta_noprim.fastq.gz,/hdd0/laucoo/fastq/newfastq/V0347/ITS/15_no_primers/11240_LC_621_S6_S287_R2_cuta_noprim.fastq.gz,ITS,run1
11240_LC_621_S7_S288,/hdd0/laucoo/fastq/newfastq/V0347/ITS/15_no_primers/11240_LC_621_S7_S288_R1_cuta_noprim.fastq.gz,/hdd0/laucoo/fastq/newfastq/V0347/ITS/15_no_primers/11240_LC_621_S7_S288_R2_cuta_noprim.fastq.gz,ITS,run1
11240_LC_721_W1_S289,/hdd0/laucoo/fastq/newfastq/V0347/ITS/15_no_primers/11240_LC_721_W1_S289_R1_cuta_noprim.fastq.gz,/hdd0/laucoo/fastq/newfastq/V0347/ITS/15_no_primers/11240_LC_721_W1_S289_R2_cuta_noprim.fastq.gz,ITS,run1
11240_LC_721_W2_S290,/hdd0/laucoo/fastq/newfastq/V0347/ITS/15_no_primers/11240_LC_721_W2_S290_R1_cuta_noprim.fastq.gz,/hdd0/laucoo/fastq/newfastq/V0347/ITS/15_no_primers/11240_LC_721_W2_S290_R2_cuta_noprim.fastq.gz,ITS,run1
11240_LC_721_W3_S291,/hdd0/laucoo/fastq/newfastq/V0347/ITS/15_no_primers/11240_LC_721_W3_S291_R1_cuta_noprim.fastq.gz,/hdd0/laucoo/fastq/newfastq/V0347/ITS/15_no_primers/11240_LC_721_W3_S291_R2_cuta_noprim.fastq.gz,ITS,run1
11240_LC_722_S10_S293,/hdd0/laucoo/fastq/newfastq/V0347/ITS/15_no_primers/11240_LC_722_S10_S293_R1_cuta_noprim.fastq.gz,/hdd0/laucoo/fastq/newfastq/V0347/ITS/15_no_primers/11240_LC_722_S10_S293_R2_cuta_noprim.fastq.gz,ITS,run1
11240_LC_722_S11_S294,/hdd0/laucoo/fastq/newfastq/V0347/ITS/15_no_primers/11240_LC_722_S11_S294_R1_cuta_noprim.fastq.gz,/hdd0/laucoo/fastq/newfastq/V0347/ITS/15_no_primers/11240_LC_722_S11_S294_R2_cuta_noprim.fastq.gz,ITS,run1
11240_LC_722_S12_S295,/hdd0/laucoo/fastq/newfastq/V0347/ITS/15_no_primers/11240_LC_722_S12_S295_R1_cuta_noprim.fastq.gz,/hdd0/laucoo/fastq/newfastq/V0347/ITS/15_no_primers/11240_LC_722_S12_S295_R2_cuta_noprim.fastq.gz,ITS,run1
11240_LC_722_S1_S292,/hdd0/laucoo/fastq/newfastq/V0347/ITS/15_no_primers/11240_LC_722_S1_S292_R1_cuta_noprim.fastq.gz,/hdd0/laucoo/fastq/newfastq/V0347/ITS/15_no_primers/11240_LC_722_S1_S292_R2_cuta_noprim.fastq.gz,ITS,run1
11240_LC_722_S2_S296,/hdd0/laucoo/fastq/newfastq/V0347/ITS/15_no_primers/11240_LC_722_S2_S296_R1_cuta_noprim.fastq.gz,/hdd0/laucoo/fastq/newfastq/V0347/ITS/15_no_primers/11240_LC_722_S2_S296_R2_cuta_noprim.fastq.gz,ITS,run1
11240_LC_722_S3_S297,/hdd0/laucoo/fastq/newfastq/V0347/ITS/15_no_primers/11240_LC_722_S3_S297_R1_cuta_noprim.fastq.gz,/hdd0/laucoo/fastq/newfastq/V0347/ITS/15_no_primers/11240_LC_722_S3_S297_R2_cuta_noprim.fastq.gz,ITS,run1
11240_LC_722_S4_S298,/hdd0/laucoo/fastq/newfastq/V0347/ITS/15_no_primers/11240_LC_722_S4_S298_R1_cuta_noprim.fastq.gz,/hdd0/laucoo/fastq/newfastq/V0347/ITS/15_no_primers/11240_LC_722_S4_S298_R2_cuta_noprim.fastq.gz,ITS,run1
11240_LC_722_S5_S299,/hdd0/laucoo/fastq/newfastq/V0347/ITS/15_no_primers/11240_LC_722_S5_S299_R1_cuta_noprim.fastq.gz,/hdd0/laucoo/fastq/newfastq/V0347/ITS/15_no_primers/11240_LC_722_S5_S299_R2_cuta_noprim.fastq.gz,ITS,run1
11240_LC_722_S6_S300,/hdd0/laucoo/fastq/newfastq/V0347/ITS/15_no_primers/11240_LC_722_S6_S300_R1_cuta_noprim.fastq.gz,/hdd0/laucoo/fastq/newfastq/V0347/ITS/15_no_primers/11240_LC_722_S6_S300_R2_cuta_noprim.fastq.gz,ITS,run1
11240_LC_722_S7_S301,/hdd0/laucoo/fastq/newfastq/V0347/ITS/15_no_primers/11240_LC_722_S7_S301_R1_cuta_noprim.fastq.gz,/hdd0/laucoo/fastq/newfastq/V0347/ITS/15_no_primers/11240_LC_722_S7_S301_R2_cuta_noprim.fastq.gz,ITS,run1
11240_LC_722_S8_S302,/hdd0/laucoo/fastq/newfastq/V0347/ITS/15_no_primers/11240_LC_722_S8_S302_R1_cuta_noprim.fastq.gz,/hdd0/laucoo/fastq/newfastq/V0347/ITS/15_no_primers/11240_LC_722_S8_S302_R2_cuta_noprim.fastq.gz,ITS,run1
11240_LC_722_S9_S303,/hdd0/laucoo/fastq/newfastq/V0347/ITS/15_no_primers/11240_LC_722_S9_S303_R1_cuta_noprim.fastq.gz,/hdd0/laucoo/fastq/newfastq/V0347/ITS/15_no_primers/11240_LC_722_S9_S303_R2_cuta_noprim.fastq.gz,ITS,run1
11240_LC_722_W1_S304,/hdd0/laucoo/fastq/newfastq/V0347/ITS/15_no_primers/11240_LC_722_W1_S304_R1_cuta_noprim.fastq.gz,/hdd0/laucoo/fastq/newfastq/V0347/ITS/15_no_primers/11240_LC_722_W1_S304_R2_cuta_noprim.fastq.gz,ITS,run1
11240_LC_722_W2_S305,/hdd0/laucoo/fastq/newfastq/V0347/ITS/15_no_primers/11240_LC_722_W2_S305_R1_cuta_noprim.fastq.gz,/hdd0/laucoo/fastq/newfastq/V0347/ITS/15_no_primers/11240_LC_722_W2_S305_R2_cuta_noprim.fastq.gz,ITS,run1
11240_LC_722_W3_S306,/hdd0/laucoo/fastq/newfastq/V0347/ITS/15_no_primers/11240_LC_722_W3_S306_R1_cuta_noprim.fastq.gz,/hdd0/laucoo/fastq/newfastq/V0347/ITS/15_no_primers/11240_LC_722_W3_S306_R2_cuta_noprim.fastq.gz,ITS,run1
11240_LR_1121_S10_S308,/hdd0/laucoo/fastq/newfastq/V0347/ITS/15_no_primers/11240_LR_1121_S10_S308_R1_cuta_noprim.fastq.gz,/hdd0/laucoo/fastq/newfastq/V0347/ITS/15_no_primers/11240_LR_1121_S10_S308_R2_cuta_noprim.fastq.gz,ITS,run1
11240_LR_1121_S11_S309,/hdd0/laucoo/fastq/newfastq/V0347/ITS/15_no_primers/11240_LR_1121_S11_S309_R1_cuta_noprim.fastq.gz,/hdd0/laucoo/fastq/newfastq/V0347/ITS/15_no_primers/11240_LR_1121_S11_S309_R2_cuta_noprim.fastq.gz,ITS,run1
11240_LR_1121_S12_S310,/hdd0/laucoo/fastq/newfastq/V0347/ITS/15_no_primers/11240_LR_1121_S12_S310_R1_cuta_noprim.fastq.gz,/hdd0/laucoo/fastq/newfastq/V0347/ITS/15_no_primers/11240_LR_1121_S12_S310_R2_cuta_noprim.fastq.gz,ITS,run1
11240_LR_1121_S1_S307,/hdd0/laucoo/fastq/newfastq/V0347/ITS/15_no_primers/11240_LR_1121_S1_S307_R1_cuta_noprim.fastq.gz,/hdd0/laucoo/fastq/newfastq/V0347/ITS/15_no_primers/11240_LR_1121_S1_S307_R2_cuta_noprim.fastq.gz,ITS,run1
11240_LR_1121_S2_S311,/hdd0/laucoo/fastq/newfastq/V0347/ITS/15_no_primers/11240_LR_1121_S2_S311_R1_cuta_noprim.fastq.gz,/hdd0/laucoo/fastq/newfastq/V0347/ITS/15_no_primers/11240_LR_1121_S2_S311_R2_cuta_noprim.fastq.gz,ITS,run1
11240_LR_1121_S3_S312,/hdd0/laucoo/fastq/newfastq/V0347/ITS/15_no_primers/11240_LR_1121_S3_S312_R1_cuta_noprim.fastq.gz,/hdd0/laucoo/fastq/newfastq/V0347/ITS/15_no_primers/11240_LR_1121_S3_S312_R2_cuta_noprim.fastq.gz,ITS,run1
11240_LR_1121_S4_S313,/hdd0/laucoo/fastq/newfastq/V0347/ITS/15_no_primers/11240_LR_1121_S4_S313_R1_cuta_noprim.fastq.gz,/hdd0/laucoo/fastq/newfastq/V0347/ITS/15_no_primers/11240_LR_1121_S4_S313_R2_cuta_noprim.fastq.gz,ITS,run1
11240_LR_1121_S5_S314,/hdd0/laucoo/fastq/newfastq/V0347/ITS/15_no_primers/11240_LR_1121_S5_S314_R1_cuta_noprim.fastq.gz,/hdd0/laucoo/fastq/newfastq/V0347/ITS/15_no_primers/11240_LR_1121_S5_S314_R2_cuta_noprim.fastq.gz,ITS,run1
11240_LR_1121_S6_S315,/hdd0/laucoo/fastq/newfastq/V0347/ITS/15_no_primers/11240_LR_1121_S6_S315_R1_cuta_noprim.fastq.gz,/hdd0/laucoo/fastq/newfastq/V0347/ITS/15_no_primers/11240_LR_1121_S6_S315_R2_cuta_noprim.fastq.gz,ITS,run1
11240_LR_1121_S7_S316,/hdd0/laucoo/fastq/newfastq/V0347/ITS/15_no_primers/11240_LR_1121_S7_S316_R1_cuta_noprim.fastq.gz,/hdd0/laucoo/fastq/newfastq/V0347/ITS/15_no_primers/11240_LR_1121_S7_S316_R2_cuta_noprim.fastq.gz,ITS,run1
11240_LR_1121_S8_S317,/hdd0/laucoo/fastq/newfastq/V0347/ITS/15_no_primers/11240_LR_1121_S8_S317_R1_cuta_noprim.fastq.gz,/hdd0/laucoo/fastq/newfastq/V0347/ITS/15_no_primers/11240_LR_1121_S8_S317_R2_cuta_noprim.fastq.gz,ITS,run1
11240_LR_1121_S9_S318,/hdd0/laucoo/fastq/newfastq/V0347/ITS/15_no_primers/11240_LR_1121_S9_S318_R1_cuta_noprim.fastq.gz,/hdd0/laucoo/fastq/newfastq/V0347/ITS/15_no_primers/11240_LR_1121_S9_S318_R2_cuta_noprim.fastq.gz,ITS,run1
11240_LR_1121_W1_S319,/hdd0/laucoo/fastq/newfastq/V0347/ITS/15_no_primers/11240_LR_1121_W1_S319_R1_cuta_noprim.fastq.gz,/hdd0/laucoo/fastq/newfastq/V0347/ITS/15_no_primers/11240_LR_1121_W1_S319_R2_cuta_noprim.fastq.gz,ITS,run1
11240_LR_1121_W2_S320,/hdd0/laucoo/fastq/newfastq/V0347/ITS/15_no_primers/11240_LR_1121_W2_S320_R1_cuta_noprim.fastq.gz,/hdd0/laucoo/fastq/newfastq/V0347/ITS/15_no_primers/11240_LR_1121_W2_S320_R2_cuta_noprim.fastq.gz,ITS,run1
11240_LR_1121_W3_S321,/hdd0/laucoo/fastq/newfastq/V0347/ITS/15_no_primers/11240_LR_1121_W3_S321_R1_cuta_noprim.fastq.gz,/hdd0/laucoo/fastq/newfastq/V0347/ITS/15_no_primers/11240_LR_1121_W3_S321_R2_cuta_noprim.fastq.gz,ITS,run1
11240_LR_323_S10_S323,/hdd0/laucoo/fastq/newfastq/V0347/ITS/15_no_primers/11240_LR_323_S10_S323_R1_cuta_noprim.fastq.gz,/hdd0/laucoo/fastq/newfastq/V0347/ITS/15_no_primers/11240_LR_323_S10_S323_R2_cuta_noprim.fastq.gz,ITS,run1
11240_LR_323_S11_S324,/hdd0/laucoo/fastq/newfastq/V0347/ITS/15_no_primers/11240_LR_323_S11_S324_R1_cuta_noprim.fastq.gz,/hdd0/laucoo/fastq/newfastq/V0347/ITS/15_no_primers/11240_LR_323_S11_S324_R2_cuta_noprim.fastq.gz,ITS,run1
11240_LR_323_S12_S325,/hdd0/laucoo/fastq/newfastq/V0347/ITS/15_no_primers/11240_LR_323_S12_S325_R1_cuta_noprim.fastq.gz,/hdd0/laucoo/fastq/newfastq/V0347/ITS/15_no_primers/11240_LR_323_S12_S325_R2_cuta_noprim.fastq.gz,ITS,run1
11240_LR_323_S1_S322,/hdd0/laucoo/fastq/newfastq/V0347/ITS/15_no_primers/11240_LR_323_S1_S322_R1_cuta_noprim.fastq.gz,/hdd0/laucoo/fastq/newfastq/V0347/ITS/15_no_primers/11240_LR_323_S1_S322_R2_cuta_noprim.fastq.gz,ITS,run1
11240_LR_323_S2_S326,/hdd0/laucoo/fastq/newfastq/V0347/ITS/15_no_primers/11240_LR_323_S2_S326_R1_cuta_noprim.fastq.gz,/hdd0/laucoo/fastq/newfastq/V0347/ITS/15_no_primers/11240_LR_323_S2_S326_R2_cuta_noprim.fastq.gz,ITS,run1
11240_LR_323_S3_S327,/hdd0/laucoo/fastq/newfastq/V0347/ITS/15_no_primers/11240_LR_323_S3_S327_R1_cuta_noprim.fastq.gz,/hdd0/laucoo/fastq/newfastq/V0347/ITS/15_no_primers/11240_LR_323_S3_S327_R2_cuta_noprim.fastq.gz,ITS,run1
11240_LR_323_S4_S328,/hdd0/laucoo/fastq/newfastq/V0347/ITS/15_no_primers/11240_LR_323_S4_S328_R1_cuta_noprim.fastq.gz,/hdd0/laucoo/fastq/newfastq/V0347/ITS/15_no_primers/11240_LR_323_S4_S328_R2_cuta_noprim.fastq.gz,ITS,run1
11240_LR_323_S5_S329,/hdd0/laucoo/fastq/newfastq/V0347/ITS/15_no_primers/11240_LR_323_S5_S329_R1_cuta_noprim.fastq.gz,/hdd0/laucoo/fastq/newfastq/V0347/ITS/15_no_primers/11240_LR_323_S5_S329_R2_cuta_noprim.fastq.gz,ITS,run1
11240_LR_323_S6_S330,/hdd0/laucoo/fastq/newfastq/V0347/ITS/15_no_primers/11240_LR_323_S6_S330_R1_cuta_noprim.fastq.gz,/hdd0/laucoo/fastq/newfastq/V0347/ITS/15_no_primers/11240_LR_323_S6_S330_R2_cuta_noprim.fastq.gz,ITS,run1
11240_LR_323_S7_S331,/hdd0/laucoo/fastq/newfastq/V0347/ITS/15_no_primers/11240_LR_323_S7_S331_R1_cuta_noprim.fastq.gz,/hdd0/laucoo/fastq/newfastq/V0347/ITS/15_no_primers/11240_LR_323_S7_S331_R2_cuta_noprim.fastq.gz,ITS,run1
11240_LR_323_S8_S332,/hdd0/laucoo/fastq/newfastq/V0347/ITS/15_no_primers/11240_LR_323_S8_S332_R1_cuta_noprim.fastq.gz,/hdd0/laucoo/fastq/newfastq/V0347/ITS/15_no_primers/11240_LR_323_S8_S332_R2_cuta_noprim.fastq.gz,ITS,run1
11240_LR_323_S9_S333,/hdd0/laucoo/fastq/newfastq/V0347/ITS/15_no_primers/11240_LR_323_S9_S333_R1_cuta_noprim.fastq.gz,/hdd0/laucoo/fastq/newfastq/V0347/ITS/15_no_primers/11240_LR_323_S9_S333_R2_cuta_noprim.fastq.gz,ITS,run1
11240_LR_323_W1_S334,/hdd0/laucoo/fastq/newfastq/V0347/ITS/15_no_primers/11240_LR_323_W1_S334_R1_cuta_noprim.fastq.gz,/hdd0/laucoo/fastq/newfastq/V0347/ITS/15_no_primers/11240_LR_323_W1_S334_R2_cuta_noprim.fastq.gz,ITS,run1
11240_LR_323_W3_S335,/hdd0/laucoo/fastq/newfastq/V0347/ITS/15_no_primers/11240_LR_323_W3_S335_R1_cuta_noprim.fastq.gz,/hdd0/laucoo/fastq/newfastq/V0347/ITS/15_no_primers/11240_LR_323_W3_S335_R2_cuta_noprim.fastq.gz,ITS,run1
11240_LR_621_S10_S337,/hdd0/laucoo/fastq/newfastq/V0347/ITS/15_no_primers/11240_LR_621_S10_S337_R1_cuta_noprim.fastq.gz,/hdd0/laucoo/fastq/newfastq/V0347/ITS/15_no_primers/11240_LR_621_S10_S337_R2_cuta_noprim.fastq.gz,ITS,run1
11240_LR_621_S11_S338,/hdd0/laucoo/fastq/newfastq/V0347/ITS/15_no_primers/11240_LR_621_S11_S338_R1_cuta_noprim.fastq.gz,/hdd0/laucoo/fastq/newfastq/V0347/ITS/15_no_primers/11240_LR_621_S11_S338_R2_cuta_noprim.fastq.gz,ITS,run1
11240_LR_621_S12_S339,/hdd0/laucoo/fastq/newfastq/V0347/ITS/15_no_primers/11240_LR_621_S12_S339_R1_cuta_noprim.fastq.gz,/hdd0/laucoo/fastq/newfastq/V0347/ITS/15_no_primers/11240_LR_621_S12_S339_R2_cuta_noprim.fastq.gz,ITS,run1
11240_LR_621_S1_S336,/hdd0/laucoo/fastq/newfastq/V0347/ITS/15_no_primers/11240_LR_621_S1_S336_R1_cuta_noprim.fastq.gz,/hdd0/laucoo/fastq/newfastq/V0347/ITS/15_no_primers/11240_LR_621_S1_S336_R2_cuta_noprim.fastq.gz,ITS,run1
11240_LR_621_S2_S340,/hdd0/laucoo/fastq/newfastq/V0347/ITS/15_no_primers/11240_LR_621_S2_S340_R1_cuta_noprim.fastq.gz,/hdd0/laucoo/fastq/newfastq/V0347/ITS/15_no_primers/11240_LR_621_S2_S340_R2_cuta_noprim.fastq.gz,ITS,run1
11240_LR_621_S3_S341,/hdd0/laucoo/fastq/newfastq/V0347/ITS/15_no_primers/11240_LR_621_S3_S341_R1_cuta_noprim.fastq.gz,/hdd0/laucoo/fastq/newfastq/V0347/ITS/15_no_primers/11240_LR_621_S3_S341_R2_cuta_noprim.fastq.gz,ITS,run1
11240_LR_621_S4_S342,/hdd0/laucoo/fastq/newfastq/V0347/ITS/15_no_primers/11240_LR_621_S4_S342_R1_cuta_noprim.fastq.gz,/hdd0/laucoo/fastq/newfastq/V0347/ITS/15_no_primers/11240_LR_621_S4_S342_R2_cuta_noprim.fastq.gz,ITS,run1
11240_LR_621_S5_S343,/hdd0/laucoo/fastq/newfastq/V0347/ITS/15_no_primers/11240_LR_621_S5_S343_R1_cuta_noprim.fastq.gz,/hdd0/laucoo/fastq/newfastq/V0347/ITS/15_no_primers/11240_LR_621_S5_S343_R2_cuta_noprim.fastq.gz,ITS,run1
11240_LR_621_S6_S344,/hdd0/laucoo/fastq/newfastq/V0347/ITS/15_no_primers/11240_LR_621_S6_S344_R1_cuta_noprim.fastq.gz,/hdd0/laucoo/fastq/newfastq/V0347/ITS/15_no_primers/11240_LR_621_S6_S344_R2_cuta_noprim.fastq.gz,ITS,run1
11240_LR_621_S7_S345,/hdd0/laucoo/fastq/newfastq/V0347/ITS/15_no_primers/11240_LR_621_S7_S345_R1_cuta_noprim.fastq.gz,/hdd0/laucoo/fastq/newfastq/V0347/ITS/15_no_primers/11240_LR_621_S7_S345_R2_cuta_noprim.fastq.gz,ITS,run1
11240_LR_621_S8_S346,/hdd0/laucoo/fastq/newfastq/V0347/ITS/15_no_primers/11240_LR_621_S8_S346_R1_cuta_noprim.fastq.gz,/hdd0/laucoo/fastq/newfastq/V0347/ITS/15_no_primers/11240_LR_621_S8_S346_R2_cuta_noprim.fastq.gz,ITS,run1
11240_LR_621_S9_S347,/hdd0/laucoo/fastq/newfastq/V0347/ITS/15_no_primers/11240_LR_621_S9_S347_R1_cuta_noprim.fastq.gz,/hdd0/laucoo/fastq/newfastq/V0347/ITS/15_no_primers/11240_LR_621_S9_S347_R2_cuta_noprim.fastq.gz,ITS,run1
11240_LR_721_W1_S348,/hdd0/laucoo/fastq/newfastq/V0347/ITS/15_no_primers/11240_LR_721_W1_S348_R1_cuta_noprim.fastq.gz,/hdd0/laucoo/fastq/newfastq/V0347/ITS/15_no_primers/11240_LR_721_W1_S348_R2_cuta_noprim.fastq.gz,ITS,run1
11240_LR_721_W2_S349,/hdd0/laucoo/fastq/newfastq/V0347/ITS/15_no_primers/11240_LR_721_W2_S349_R1_cuta_noprim.fastq.gz,/hdd0/laucoo/fastq/newfastq/V0347/ITS/15_no_primers/11240_LR_721_W2_S349_R2_cuta_noprim.fastq.gz,ITS,run1
11240_LR_721_W3_S350,/hdd0/laucoo/fastq/newfastq/V0347/ITS/15_no_primers/11240_LR_721_W3_S350_R1_cuta_noprim.fastq.gz,/hdd0/laucoo/fastq/newfastq/V0347/ITS/15_no_primers/11240_LR_721_W3_S350_R2_cuta_noprim.fastq.gz,ITS,run1
11240_LR_722_S10_S352,/hdd0/laucoo/fastq/newfastq/V0347/ITS/15_no_primers/11240_LR_722_S10_S352_R1_cuta_noprim.fastq.gz,/hdd0/laucoo/fastq/newfastq/V0347/ITS/15_no_primers/11240_LR_722_S10_S352_R2_cuta_noprim.fastq.gz,ITS,run1
11240_LR_722_S11_S353,/hdd0/laucoo/fastq/newfastq/V0347/ITS/15_no_primers/11240_LR_722_S11_S353_R1_cuta_noprim.fastq.gz,/hdd0/laucoo/fastq/newfastq/V0347/ITS/15_no_primers/11240_LR_722_S11_S353_R2_cuta_noprim.fastq.gz,ITS,run1
11240_LR_722_S12_S354,/hdd0/laucoo/fastq/newfastq/V0347/ITS/15_no_primers/11240_LR_722_S12_S354_R1_cuta_noprim.fastq.gz,/hdd0/laucoo/fastq/newfastq/V0347/ITS/15_no_primers/11240_LR_722_S12_S354_R2_cuta_noprim.fastq.gz,ITS,run1
11240_LR_722_S1_S351,/hdd0/laucoo/fastq/newfastq/V0347/ITS/15_no_primers/11240_LR_722_S1_S351_R1_cuta_noprim.fastq.gz,/hdd0/laucoo/fastq/newfastq/V0347/ITS/15_no_primers/11240_LR_722_S1_S351_R2_cuta_noprim.fastq.gz,ITS,run1
11240_LR_722_S2_S355,/hdd0/laucoo/fastq/newfastq/V0347/ITS/15_no_primers/11240_LR_722_S2_S355_R1_cuta_noprim.fastq.gz,/hdd0/laucoo/fastq/newfastq/V0347/ITS/15_no_primers/11240_LR_722_S2_S355_R2_cuta_noprim.fastq.gz,ITS,run1
11240_LR_722_S3_S356,/hdd0/laucoo/fastq/newfastq/V0347/ITS/15_no_primers/11240_LR_722_S3_S356_R1_cuta_noprim.fastq.gz,/hdd0/laucoo/fastq/newfastq/V0347/ITS/15_no_primers/11240_LR_722_S3_S356_R2_cuta_noprim.fastq.gz,ITS,run1
11240_LR_722_S4_S357,/hdd0/laucoo/fastq/newfastq/V0347/ITS/15_no_primers/11240_LR_722_S4_S357_R1_cuta_noprim.fastq.gz,/hdd0/laucoo/fastq/newfastq/V0347/ITS/15_no_primers/11240_LR_722_S4_S357_R2_cuta_noprim.fastq.gz,ITS,run1
11240_LR_722_S5_S358,/hdd0/laucoo/fastq/newfastq/V0347/ITS/15_no_primers/11240_LR_722_S5_S358_R1_cuta_noprim.fastq.gz,/hdd0/laucoo/fastq/newfastq/V0347/ITS/15_no_primers/11240_LR_722_S5_S358_R2_cuta_noprim.fastq.gz,ITS,run1
11240_LR_722_S6_S359,/hdd0/laucoo/fastq/newfastq/V0347/ITS/15_no_primers/11240_LR_722_S6_S359_R1_cuta_noprim.fastq.gz,/hdd0/laucoo/fastq/newfastq/V0347/ITS/15_no_primers/11240_LR_722_S6_S359_R2_cuta_noprim.fastq.gz,ITS,run1
11240_LR_722_S7_S360,/hdd0/laucoo/fastq/newfastq/V0347/ITS/15_no_primers/11240_LR_722_S7_S360_R1_cuta_noprim.fastq.gz,/hdd0/laucoo/fastq/newfastq/V0347/ITS/15_no_primers/11240_LR_722_S7_S360_R2_cuta_noprim.fastq.gz,ITS,run1
11240_LR_722_S8_S361,/hdd0/laucoo/fastq/newfastq/V0347/ITS/15_no_primers/11240_LR_722_S8_S361_R1_cuta_noprim.fastq.gz,/hdd0/laucoo/fastq/newfastq/V0347/ITS/15_no_primers/11240_LR_722_S8_S361_R2_cuta_noprim.fastq.gz,ITS,run1
11240_LR_722_S9_S362,/hdd0/laucoo/fastq/newfastq/V0347/ITS/15_no_primers/11240_LR_722_S9_S362_R1_cuta_noprim.fastq.gz,/hdd0/laucoo/fastq/newfastq/V0347/ITS/15_no_primers/11240_LR_722_S9_S362_R2_cuta_noprim.fastq.gz,ITS,run1
11240_LR_722_W1_S363,/hdd0/laucoo/fastq/newfastq/V0347/ITS/15_no_primers/11240_LR_722_W1_S363_R1_cuta_noprim.fastq.gz,/hdd0/laucoo/fastq/newfastq/V0347/ITS/15_no_primers/11240_LR_722_W1_S363_R2_cuta_noprim.fastq.gz,ITS,run1
11240_LR_722_W2_S364,/hdd0/laucoo/fastq/newfastq/V0347/ITS/15_no_primers/11240_LR_722_W2_S364_R1_cuta_noprim.fastq.gz,/hdd0/laucoo/fastq/newfastq/V0347/ITS/15_no_primers/11240_LR_722_W2_S364_R2_cuta_noprim.fastq.gz,ITS,run1
11240_LR_722_W3_S365,/hdd0/laucoo/fastq/newfastq/V0347/ITS/15_no_primers/11240_LR_722_W3_S365_R1_cuta_noprim.fastq.gz,/hdd0/laucoo/fastq/newfastq/V0347/ITS/15_no_primers/11240_LR_722_W3_S365_R2_cuta_noprim.fastq.gz,ITS,run1
11240_NTC_2021_F1_S366,/hdd0/laucoo/fastq/newfastq/V0347/ITS/15_no_primers/11240_NTC_2021_F1_S366_R1_cuta_noprim.fastq.gz,/hdd0/laucoo/fastq/newfastq/V0347/ITS/15_no_primers/11240_NTC_2021_F1_S366_R2_cuta_noprim.fastq.gz,ITS,run1
11240_NTC_2021_G1_S367,/hdd0/laucoo/fastq/newfastq/V0347/ITS/15_no_primers/11240_NTC_2021_G1_S367_R1_cuta_noprim.fastq.gz,/hdd0/laucoo/fastq/newfastq/V0347/ITS/15_no_primers/11240_NTC_2021_G1_S367_R2_cuta_noprim.fastq.gz,ITS,run1
11240_Negative_p1_S368,/hdd0/laucoo/fastq/newfastq/V0347/ITS/15_no_primers/11240_Negative_p1_S368_R1_cuta_noprim.fastq.gz,/hdd0/laucoo/fastq/newfastq/V0347/ITS/15_no_primers/11240_Negative_p1_S368_R2_cuta_noprim.fastq.gz,ITS,run1
11240_Negative_p2_S369,/hdd0/laucoo/fastq/newfastq/V0347/ITS/15_no_primers/11240_Negative_p2_S369_R1_cuta_noprim.fastq.gz,/hdd0/laucoo/fastq/newfastq/V0347/ITS/15_no_primers/11240_Negative_p2_S369_R2_cuta_noprim.fastq.gz,ITS,run1
11240_Negative_p3_S370,/hdd0/laucoo/fastq/newfastq/V0347/ITS/15_no_primers/11240_Negative_p3_S370_R1_cuta_noprim.fastq.gz,/hdd0/laucoo/fastq/newfastq/V0347/ITS/15_no_primers/11240_Negative_p3_S370_R2_cuta_noprim.fastq.gz,ITS,run1
11240_Positive_p1_S371,/hdd0/laucoo/fastq/newfastq/V0347/ITS/15_no_primers/11240_Positive_p1_S371_R1_cuta_noprim.fastq.gz,/hdd0/laucoo/fastq/newfastq/V0347/ITS/15_no_primers/11240_Positive_p1_S371_R2_cuta_noprim.fastq.gz,ITS,run1
11240_Positive_p2_S372,/hdd0/laucoo/fastq/newfastq/V0347/ITS/15_no_primers/11240_Positive_p2_S372_R1_cuta_noprim.fastq.gz,/hdd0/laucoo/fastq/newfastq/V0347/ITS/15_no_primers/11240_Positive_p2_S372_R2_cuta_noprim.fastq.gz,ITS,run1
11240_Positive_p3_S373,/hdd0/laucoo/fastq/newfastq/V0347/ITS/15_no_primers/11240_Positive_p3_S373_R1_cuta_noprim.fastq.gz,/hdd0/laucoo/fastq/newfastq/V0347/ITS/15_no_primers/11240_Positive_p3_S373_R2_cuta_noprim.fastq.gz,ITS,run1
11240_non_autoclaved_filter_S374,/hdd0/laucoo/fastq/newfastq/V0347/ITS/15_no_primers/11240_non_autoclaved_filter_S374_R1_cuta_noprim.fastq.gz,/hdd0/laucoo/fastq/newfastq/V0347/ITS/15_no_primers/11240_non_autoclaved_filter_S374_R2_cuta_noprim.fastq.gz,ITS,run1
11240_0323hrs_eb_12_5_23_S130,/hdd0/laucoo/fastq/18S/V0347/18S/15_no_primers/11240_0323hrs_eb_12_5_23_S130_R1_cuta_noprim.fastq.gz,/hdd0/laucoo/fastq/18S/V0347/18S/15_no_primers/11240_0323hrs_eb_12_5_23_S130_R2_cuta_noprim.fastq.gz,18S,run1
11240_16_11_23_eb_S131,/hdd0/laucoo/fastq/18S/V0347/18S/15_no_primers/11240_16_11_23_eb_S131_R1_cuta_noprim.fastq.gz,/hdd0/laucoo/fastq/18S/V0347/18S/15_no_primers/11240_16_11_23_eb_S131_R2_cuta_noprim.fastq.gz,18S,run1
11240_18_5_23_eb_S132,/hdd0/laucoo/fastq/18S/V0347/18S/15_no_primers/11240_18_5_23_eb_S132_R1_cuta_noprim.fastq.gz,/hdd0/laucoo/fastq/18S/V0347/18S/15_no_primers/11240_18_5_23_eb_S132_R2_cuta_noprim.fastq.gz,18S,run1
11240_3_5_23_eb_0323HC_EB_S133,/hdd0/laucoo/fastq/18S/V0347/18S/15_no_primers/11240_3_5_23_eb_0323HC_EB_S133_R1_cuta_noprim.fastq.gz,/hdd0/laucoo/fastq/18S/V0347/18S/15_no_primers/11240_3_5_23_eb_0323HC_EB_S133_R2_cuta_noprim.fastq.gz,18S,run1
11240_EB1_18_12_23_0088_S134,/hdd0/laucoo/fastq/18S/V0347/18S/15_no_primers/11240_EB1_18_12_23_0088_S134_R1_cuta_noprim.fastq.gz,/hdd0/laucoo/fastq/18S/V0347/18S/15_no_primers/11240_EB1_18_12_23_0088_S134_R2_cuta_noprim.fastq.gz,18S,run1
11240_EB1_18_12_23_0089_S135,/hdd0/laucoo/fastq/18S/V0347/18S/15_no_primers/11240_EB1_18_12_23_0089_S135_R1_cuta_noprim.fastq.gz,/hdd0/laucoo/fastq/18S/V0347/18S/15_no_primers/11240_EB1_18_12_23_0089_S135_R2_cuta_noprim.fastq.gz,18S,run1
11240_HC_1123_W1_S136,/hdd0/laucoo/fastq/18S/V0347/18S/15_no_primers/11240_HC_1123_W1_S136_R1_cuta_noprim.fastq.gz,/hdd0/laucoo/fastq/18S/V0347/18S/15_no_primers/11240_HC_1123_W1_S136_R2_cuta_noprim.fastq.gz,18S,run1
11240_HC_1123_W2_S137,/hdd0/laucoo/fastq/18S/V0347/18S/15_no_primers/11240_HC_1123_W2_S137_R1_cuta_noprim.fastq.gz,/hdd0/laucoo/fastq/18S/V0347/18S/15_no_primers/11240_HC_1123_W2_S137_R2_cuta_noprim.fastq.gz,18S,run1
11240_HC_1123_W3_S138,/hdd0/laucoo/fastq/18S/V0347/18S/15_no_primers/11240_HC_1123_W3_S138_R1_cuta_noprim.fastq.gz,/hdd0/laucoo/fastq/18S/V0347/18S/15_no_primers/11240_HC_1123_W3_S138_R2_cuta_noprim.fastq.gz,18S,run1
11240_HC_323_S10_S140,/hdd0/laucoo/fastq/18S/V0347/18S/15_no_primers/11240_HC_323_S10_S140_R1_cuta_noprim.fastq.gz,/hdd0/laucoo/fastq/18S/V0347/18S/15_no_primers/11240_HC_323_S10_S140_R2_cuta_noprim.fastq.gz,18S,run1
11240_HC_323_S11_S141,/hdd0/laucoo/fastq/18S/V0347/18S/15_no_primers/11240_HC_323_S11_S141_R1_cuta_noprim.fastq.gz,/hdd0/laucoo/fastq/18S/V0347/18S/15_no_primers/11240_HC_323_S11_S141_R2_cuta_noprim.fastq.gz,18S,run1
11240_HC_323_S12_S142,/hdd0/laucoo/fastq/18S/V0347/18S/15_no_primers/11240_HC_323_S12_S142_R1_cuta_noprim.fastq.gz,/hdd0/laucoo/fastq/18S/V0347/18S/15_no_primers/11240_HC_323_S12_S142_R2_cuta_noprim.fastq.gz,18S,run1
11240_HC_323_S1_S139,/hdd0/laucoo/fastq/18S/V0347/18S/15_no_primers/11240_HC_323_S1_S139_R1_cuta_noprim.fastq.gz,/hdd0/laucoo/fastq/18S/V0347/18S/15_no_primers/11240_HC_323_S1_S139_R2_cuta_noprim.fastq.gz,18S,run1
11240_HC_323_S2_S143,/hdd0/laucoo/fastq/18S/V0347/18S/15_no_primers/11240_HC_323_S2_S143_R1_cuta_noprim.fastq.gz,/hdd0/laucoo/fastq/18S/V0347/18S/15_no_primers/11240_HC_323_S2_S143_R2_cuta_noprim.fastq.gz,18S,run1
11240_HC_323_S3_S144,/hdd0/laucoo/fastq/18S/V0347/18S/15_no_primers/11240_HC_323_S3_S144_R1_cuta_noprim.fastq.gz,/hdd0/laucoo/fastq/18S/V0347/18S/15_no_primers/11240_HC_323_S3_S144_R2_cuta_noprim.fastq.gz,18S,run1
11240_HC_323_S4_S145,/hdd0/laucoo/fastq/18S/V0347/18S/15_no_primers/11240_HC_323_S4_S145_R1_cuta_noprim.fastq.gz,/hdd0/laucoo/fastq/18S/V0347/18S/15_no_primers/11240_HC_323_S4_S145_R2_cuta_noprim.fastq.gz,18S,run1
11240_HC_323_S5_S146,/hdd0/laucoo/fastq/18S/V0347/18S/15_no_primers/11240_HC_323_S5_S146_R1_cuta_noprim.fastq.gz,/hdd0/laucoo/fastq/18S/V0347/18S/15_no_primers/11240_HC_323_S5_S146_R2_cuta_noprim.fastq.gz,18S,run1
11240_HC_323_S6_S147,/hdd0/laucoo/fastq/18S/V0347/18S/15_no_primers/11240_HC_323_S6_S147_R1_cuta_noprim.fastq.gz,/hdd0/laucoo/fastq/18S/V0347/18S/15_no_primers/11240_HC_323_S6_S147_R2_cuta_noprim.fastq.gz,18S,run1
11240_HC_323_S7_S148,/hdd0/laucoo/fastq/18S/V0347/18S/15_no_primers/11240_HC_323_S7_S148_R1_cuta_noprim.fastq.gz,/hdd0/laucoo/fastq/18S/V0347/18S/15_no_primers/11240_HC_323_S7_S148_R2_cuta_noprim.fastq.gz,18S,run1
11240_HC_323_S8_S149,/hdd0/laucoo/fastq/18S/V0347/18S/15_no_primers/11240_HC_323_S8_S149_R1_cuta_noprim.fastq.gz,/hdd0/laucoo/fastq/18S/V0347/18S/15_no_primers/11240_HC_323_S8_S149_R2_cuta_noprim.fastq.gz,18S,run1
11240_HC_323_S9_S150,/hdd0/laucoo/fastq/18S/V0347/18S/15_no_primers/11240_HC_323_S9_S150_R1_cuta_noprim.fastq.gz,/hdd0/laucoo/fastq/18S/V0347/18S/15_no_primers/11240_HC_323_S9_S150_R2_cuta_noprim.fastq.gz,18S,run1
11240_HC_323_W1_S151,/hdd0/laucoo/fastq/18S/V0347/18S/15_no_primers/11240_HC_323_W1_S151_R1_cuta_noprim.fastq.gz,/hdd0/laucoo/fastq/18S/V0347/18S/15_no_primers/11240_HC_323_W1_S151_R2_cuta_noprim.fastq.gz,18S,run1
11240_HC_323_W2_S152,/hdd0/laucoo/fastq/18S/V0347/18S/15_no_primers/11240_HC_323_W2_S152_R1_cuta_noprim.fastq.gz,/hdd0/laucoo/fastq/18S/V0347/18S/15_no_primers/11240_HC_323_W2_S152_R2_cuta_noprim.fastq.gz,18S,run1
11240_HC_323_W3_S153,/hdd0/laucoo/fastq/18S/V0347/18S/15_no_primers/11240_HC_323_W3_S153_R1_cuta_noprim.fastq.gz,/hdd0/laucoo/fastq/18S/V0347/18S/15_no_primers/11240_HC_323_W3_S153_R2_cuta_noprim.fastq.gz,18S,run1
11240_HC_621_S10_S155,/hdd0/laucoo/fastq/18S/V0347/18S/15_no_primers/11240_HC_621_S10_S155_R1_cuta_noprim.fastq.gz,/hdd0/laucoo/fastq/18S/V0347/18S/15_no_primers/11240_HC_621_S10_S155_R2_cuta_noprim.fastq.gz,18S,run1
11240_HC_621_S11_S156,/hdd0/laucoo/fastq/18S/V0347/18S/15_no_primers/11240_HC_621_S11_S156_R1_cuta_noprim.fastq.gz,/hdd0/laucoo/fastq/18S/V0347/18S/15_no_primers/11240_HC_621_S11_S156_R2_cuta_noprim.fastq.gz,18S,run1
11240_HC_621_S12_S157,/hdd0/laucoo/fastq/18S/V0347/18S/15_no_primers/11240_HC_621_S12_S157_R1_cuta_noprim.fastq.gz,/hdd0/laucoo/fastq/18S/V0347/18S/15_no_primers/11240_HC_621_S12_S157_R2_cuta_noprim.fastq.gz,18S,run1
11240_HC_621_S1_S154,/hdd0/laucoo/fastq/18S/V0347/18S/15_no_primers/11240_HC_621_S1_S154_R1_cuta_noprim.fastq.gz,/hdd0/laucoo/fastq/18S/V0347/18S/15_no_primers/11240_HC_621_S1_S154_R2_cuta_noprim.fastq.gz,18S,run1
11240_HC_621_S2_S158,/hdd0/laucoo/fastq/18S/V0347/18S/15_no_primers/11240_HC_621_S2_S158_R1_cuta_noprim.fastq.gz,/hdd0/laucoo/fastq/18S/V0347/18S/15_no_primers/11240_HC_621_S2_S158_R2_cuta_noprim.fastq.gz,18S,run1
11240_HC_621_S3_S159,/hdd0/laucoo/fastq/18S/V0347/18S/15_no_primers/11240_HC_621_S3_S159_R1_cuta_noprim.fastq.gz,/hdd0/laucoo/fastq/18S/V0347/18S/15_no_primers/11240_HC_621_S3_S159_R2_cuta_noprim.fastq.gz,18S,run1
11240_HC_621_S4_S160,/hdd0/laucoo/fastq/18S/V0347/18S/15_no_primers/11240_HC_621_S4_S160_R1_cuta_noprim.fastq.gz,/hdd0/laucoo/fastq/18S/V0347/18S/15_no_primers/11240_HC_621_S4_S160_R2_cuta_noprim.fastq.gz,18S,run1
11240_HC_621_S5_S161,/hdd0/laucoo/fastq/18S/V0347/18S/15_no_primers/11240_HC_621_S5_S161_R1_cuta_noprim.fastq.gz,/hdd0/laucoo/fastq/18S/V0347/18S/15_no_primers/11240_HC_621_S5_S161_R2_cuta_noprim.fastq.gz,18S,run1
11240_HC_621_S6_S162,/hdd0/laucoo/fastq/18S/V0347/18S/15_no_primers/11240_HC_621_S6_S162_R1_cuta_noprim.fastq.gz,/hdd0/laucoo/fastq/18S/V0347/18S/15_no_primers/11240_HC_621_S6_S162_R2_cuta_noprim.fastq.gz,18S,run1
11240_HC_621_S7_S163,/hdd0/laucoo/fastq/18S/V0347/18S/15_no_primers/11240_HC_621_S7_S163_R1_cuta_noprim.fastq.gz,/hdd0/laucoo/fastq/18S/V0347/18S/15_no_primers/11240_HC_621_S7_S163_R2_cuta_noprim.fastq.gz,18S,run1
11240_HC_621_S8_S164,/hdd0/laucoo/fastq/18S/V0347/18S/15_no_primers/11240_HC_621_S8_S164_R1_cuta_noprim.fastq.gz,/hdd0/laucoo/fastq/18S/V0347/18S/15_no_primers/11240_HC_621_S8_S164_R2_cuta_noprim.fastq.gz,18S,run1
11240_HC_621_S9_S165,/hdd0/laucoo/fastq/18S/V0347/18S/15_no_primers/11240_HC_621_S9_S165_R1_cuta_noprim.fastq.gz,/hdd0/laucoo/fastq/18S/V0347/18S/15_no_primers/11240_HC_621_S9_S165_R2_cuta_noprim.fastq.gz,18S,run1
11240_HC_721_W1_S166,/hdd0/laucoo/fastq/18S/V0347/18S/15_no_primers/11240_HC_721_W1_S166_R1_cuta_noprim.fastq.gz,/hdd0/laucoo/fastq/18S/V0347/18S/15_no_primers/11240_HC_721_W1_S166_R2_cuta_noprim.fastq.gz,18S,run1
11240_HC_721_W2_S167,/hdd0/laucoo/fastq/18S/V0347/18S/15_no_primers/11240_HC_721_W2_S167_R1_cuta_noprim.fastq.gz,/hdd0/laucoo/fastq/18S/V0347/18S/15_no_primers/11240_HC_721_W2_S167_R2_cuta_noprim.fastq.gz,18S,run1
11240_HC_721_W3_S168,/hdd0/laucoo/fastq/18S/V0347/18S/15_no_primers/11240_HC_721_W3_S168_R1_cuta_noprim.fastq.gz,/hdd0/laucoo/fastq/18S/V0347/18S/15_no_primers/11240_HC_721_W3_S168_R2_cuta_noprim.fastq.gz,18S,run1
11240_HC_722_S10_S170,/hdd0/laucoo/fastq/18S/V0347/18S/15_no_primers/11240_HC_722_S10_S170_R1_cuta_noprim.fastq.gz,/hdd0/laucoo/fastq/18S/V0347/18S/15_no_primers/11240_HC_722_S10_S170_R2_cuta_noprim.fastq.gz,18S,run1
11240_HC_722_S11_S171,/hdd0/laucoo/fastq/18S/V0347/18S/15_no_primers/11240_HC_722_S11_S171_R1_cuta_noprim.fastq.gz,/hdd0/laucoo/fastq/18S/V0347/18S/15_no_primers/11240_HC_722_S11_S171_R2_cuta_noprim.fastq.gz,18S,run1
11240_HC_722_S12_S172,/hdd0/laucoo/fastq/18S/V0347/18S/15_no_primers/11240_HC_722_S12_S172_R1_cuta_noprim.fastq.gz,/hdd0/laucoo/fastq/18S/V0347/18S/15_no_primers/11240_HC_722_S12_S172_R2_cuta_noprim.fastq.gz,18S,run1
11240_HC_722_S1_S169,/hdd0/laucoo/fastq/18S/V0347/18S/15_no_primers/11240_HC_722_S1_S169_R1_cuta_noprim.fastq.gz,/hdd0/laucoo/fastq/18S/V0347/18S/15_no_primers/11240_HC_722_S1_S169_R2_cuta_noprim.fastq.gz,18S,run1
11240_HC_722_S2_S173,/hdd0/laucoo/fastq/18S/V0347/18S/15_no_primers/11240_HC_722_S2_S173_R1_cuta_noprim.fastq.gz,/hdd0/laucoo/fastq/18S/V0347/18S/15_no_primers/11240_HC_722_S2_S173_R2_cuta_noprim.fastq.gz,18S,run1
11240_HC_722_S3_S174,/hdd0/laucoo/fastq/18S/V0347/18S/15_no_primers/11240_HC_722_S3_S174_R1_cuta_noprim.fastq.gz,/hdd0/laucoo/fastq/18S/V0347/18S/15_no_primers/11240_HC_722_S3_S174_R2_cuta_noprim.fastq.gz,18S,run1
11240_HC_722_S4_S175,/hdd0/laucoo/fastq/18S/V0347/18S/15_no_primers/11240_HC_722_S4_S175_R1_cuta_noprim.fastq.gz,/hdd0/laucoo/fastq/18S/V0347/18S/15_no_primers/11240_HC_722_S4_S175_R2_cuta_noprim.fastq.gz,18S,run1
11240_HC_722_S5_S176,/hdd0/laucoo/fastq/18S/V0347/18S/15_no_primers/11240_HC_722_S5_S176_R1_cuta_noprim.fastq.gz,/hdd0/laucoo/fastq/18S/V0347/18S/15_no_primers/11240_HC_722_S5_S176_R2_cuta_noprim.fastq.gz,18S,run1
11240_HC_722_S6_S177,/hdd0/laucoo/fastq/18S/V0347/18S/15_no_primers/11240_HC_722_S6_S177_R1_cuta_noprim.fastq.gz,/hdd0/laucoo/fastq/18S/V0347/18S/15_no_primers/11240_HC_722_S6_S177_R2_cuta_noprim.fastq.gz,18S,run1
11240_HC_722_S7_S178,/hdd0/laucoo/fastq/18S/V0347/18S/15_no_primers/11240_HC_722_S7_S178_R1_cuta_noprim.fastq.gz,/hdd0/laucoo/fastq/18S/V0347/18S/15_no_primers/11240_HC_722_S7_S178_R2_cuta_noprim.fastq.gz,18S,run1
11240_HC_722_S8_S179,/hdd0/laucoo/fastq/18S/V0347/18S/15_no_primers/11240_HC_722_S8_S179_R1_cuta_noprim.fastq.gz,/hdd0/laucoo/fastq/18S/V0347/18S/15_no_primers/11240_HC_722_S8_S179_R2_cuta_noprim.fastq.gz,18S,run1
11240_HC_722_S9_S180,/hdd0/laucoo/fastq/18S/V0347/18S/15_no_primers/11240_HC_722_S9_S180_R1_cuta_noprim.fastq.gz,/hdd0/laucoo/fastq/18S/V0347/18S/15_no_primers/11240_HC_722_S9_S180_R2_cuta_noprim.fastq.gz,18S,run1
11240_HC_722_W1_S181,/hdd0/laucoo/fastq/18S/V0347/18S/15_no_primers/11240_HC_722_W1_S181_R1_cuta_noprim.fastq.gz,/hdd0/laucoo/fastq/18S/V0347/18S/15_no_primers/11240_HC_722_W1_S181_R2_cuta_noprim.fastq.gz,18S,run1
11240_HC_722_W2_S182,/hdd0/laucoo/fastq/18S/V0347/18S/15_no_primers/11240_HC_722_W2_S182_R1_cuta_noprim.fastq.gz,/hdd0/laucoo/fastq/18S/V0347/18S/15_no_primers/11240_HC_722_W2_S182_R2_cuta_noprim.fastq.gz,18S,run1
11240_HC_722_W3_S183,/hdd0/laucoo/fastq/18S/V0347/18S/15_no_primers/11240_HC_722_W3_S183_R1_cuta_noprim.fastq.gz,/hdd0/laucoo/fastq/18S/V0347/18S/15_no_primers/11240_HC_722_W3_S183_R2_cuta_noprim.fastq.gz,18S,run1
11240_HH_1123_W1_S184,/hdd0/laucoo/fastq/18S/V0347/18S/15_no_primers/11240_HH_1123_W1_S184_R1_cuta_noprim.fastq.gz,/hdd0/laucoo/fastq/18S/V0347/18S/15_no_primers/11240_HH_1123_W1_S184_R2_cuta_noprim.fastq.gz,18S,run1
11240_HH_1123_W2_S185,/hdd0/laucoo/fastq/18S/V0347/18S/15_no_primers/11240_HH_1123_W2_S185_R1_cuta_noprim.fastq.gz,/hdd0/laucoo/fastq/18S/V0347/18S/15_no_primers/11240_HH_1123_W2_S185_R2_cuta_noprim.fastq.gz,18S,run1
11240_HH_1123_W3_S186,/hdd0/laucoo/fastq/18S/V0347/18S/15_no_primers/11240_HH_1123_W3_S186_R1_cuta_noprim.fastq.gz,/hdd0/laucoo/fastq/18S/V0347/18S/15_no_primers/11240_HH_1123_W3_S186_R2_cuta_noprim.fastq.gz,18S,run1
11240_HH_323_W1_S187,/hdd0/laucoo/fastq/18S/V0347/18S/15_no_primers/11240_HH_323_W1_S187_R1_cuta_noprim.fastq.gz,/hdd0/laucoo/fastq/18S/V0347/18S/15_no_primers/11240_HH_323_W1_S187_R2_cuta_noprim.fastq.gz,18S,run1
11240_HH_323_W2_S188,/hdd0/laucoo/fastq/18S/V0347/18S/15_no_primers/11240_HH_323_W2_S188_R1_cuta_noprim.fastq.gz,/hdd0/laucoo/fastq/18S/V0347/18S/15_no_primers/11240_HH_323_W2_S188_R2_cuta_noprim.fastq.gz,18S,run1
11240_HH_323_W3_S189,/hdd0/laucoo/fastq/18S/V0347/18S/15_no_primers/11240_HH_323_W3_S189_R1_cuta_noprim.fastq.gz,/hdd0/laucoo/fastq/18S/V0347/18S/15_no_primers/11240_HH_323_W3_S189_R2_cuta_noprim.fastq.gz,18S,run1
11240_HH_722_S10_S191,/hdd0/laucoo/fastq/18S/V0347/18S/15_no_primers/11240_HH_722_S10_S191_R1_cuta_noprim.fastq.gz,/hdd0/laucoo/fastq/18S/V0347/18S/15_no_primers/11240_HH_722_S10_S191_R2_cuta_noprim.fastq.gz,18S,run1
11240_HH_722_S11_S192,/hdd0/laucoo/fastq/18S/V0347/18S/15_no_primers/11240_HH_722_S11_S192_R1_cuta_noprim.fastq.gz,/hdd0/laucoo/fastq/18S/V0347/18S/15_no_primers/11240_HH_722_S11_S192_R2_cuta_noprim.fastq.gz,18S,run1
11240_HH_722_S12_S193,/hdd0/laucoo/fastq/18S/V0347/18S/15_no_primers/11240_HH_722_S12_S193_R1_cuta_noprim.fastq.gz,/hdd0/laucoo/fastq/18S/V0347/18S/15_no_primers/11240_HH_722_S12_S193_R2_cuta_noprim.fastq.gz,18S,run1
11240_HH_722_S1_S190,/hdd0/laucoo/fastq/18S/V0347/18S/15_no_primers/11240_HH_722_S1_S190_R1_cuta_noprim.fastq.gz,/hdd0/laucoo/fastq/18S/V0347/18S/15_no_primers/11240_HH_722_S1_S190_R2_cuta_noprim.fastq.gz,18S,run1
11240_HH_722_S2_S194,/hdd0/laucoo/fastq/18S/V0347/18S/15_no_primers/11240_HH_722_S2_S194_R1_cuta_noprim.fastq.gz,/hdd0/laucoo/fastq/18S/V0347/18S/15_no_primers/11240_HH_722_S2_S194_R2_cuta_noprim.fastq.gz,18S,run1
11240_HH_722_S3_S195,/hdd0/laucoo/fastq/18S/V0347/18S/15_no_primers/11240_HH_722_S3_S195_R1_cuta_noprim.fastq.gz,/hdd0/laucoo/fastq/18S/V0347/18S/15_no_primers/11240_HH_722_S3_S195_R2_cuta_noprim.fastq.gz,18S,run1
11240_HH_722_S4_S196,/hdd0/laucoo/fastq/18S/V0347/18S/15_no_primers/11240_HH_722_S4_S196_R1_cuta_noprim.fastq.gz,/hdd0/laucoo/fastq/18S/V0347/18S/15_no_primers/11240_HH_722_S4_S196_R2_cuta_noprim.fastq.gz,18S,run1
11240_HH_722_S5_S197,/hdd0/laucoo/fastq/18S/V0347/18S/15_no_primers/11240_HH_722_S5_S197_R1_cuta_noprim.fastq.gz,/hdd0/laucoo/fastq/18S/V0347/18S/15_no_primers/11240_HH_722_S5_S197_R2_cuta_noprim.fastq.gz,18S,run1
11240_HH_722_S6_S198,/hdd0/laucoo/fastq/18S/V0347/18S/15_no_primers/11240_HH_722_S6_S198_R1_cuta_noprim.fastq.gz,/hdd0/laucoo/fastq/18S/V0347/18S/15_no_primers/11240_HH_722_S6_S198_R2_cuta_noprim.fastq.gz,18S,run1
11240_HH_722_S7_S199,/hdd0/laucoo/fastq/18S/V0347/18S/15_no_primers/11240_HH_722_S7_S199_R1_cuta_noprim.fastq.gz,/hdd0/laucoo/fastq/18S/V0347/18S/15_no_primers/11240_HH_722_S7_S199_R2_cuta_noprim.fastq.gz,18S,run1
11240_HH_722_S8_S200,/hdd0/laucoo/fastq/18S/V0347/18S/15_no_primers/11240_HH_722_S8_S200_R1_cuta_noprim.fastq.gz,/hdd0/laucoo/fastq/18S/V0347/18S/15_no_primers/11240_HH_722_S8_S200_R2_cuta_noprim.fastq.gz,18S,run1
11240_HH_722_S9_S201,/hdd0/laucoo/fastq/18S/V0347/18S/15_no_primers/11240_HH_722_S9_S201_R1_cuta_noprim.fastq.gz,/hdd0/laucoo/fastq/18S/V0347/18S/15_no_primers/11240_HH_722_S9_S201_R2_cuta_noprim.fastq.gz,18S,run1
11240_HH_722_W1_S202,/hdd0/laucoo/fastq/18S/V0347/18S/15_no_primers/11240_HH_722_W1_S202_R1_cuta_noprim.fastq.gz,/hdd0/laucoo/fastq/18S/V0347/18S/15_no_primers/11240_HH_722_W1_S202_R2_cuta_noprim.fastq.gz,18S,run1
11240_HH_722_W2_S203,/hdd0/laucoo/fastq/18S/V0347/18S/15_no_primers/11240_HH_722_W2_S203_R1_cuta_noprim.fastq.gz,/hdd0/laucoo/fastq/18S/V0347/18S/15_no_primers/11240_HH_722_W2_S203_R2_cuta_noprim.fastq.gz,18S,run1
11240_HH_722_W3_S204,/hdd0/laucoo/fastq/18S/V0347/18S/15_no_primers/11240_HH_722_W3_S204_R1_cuta_noprim.fastq.gz,/hdd0/laucoo/fastq/18S/V0347/18S/15_no_primers/11240_HH_722_W3_S204_R2_cuta_noprim.fastq.gz,18S,run1
11240_HR6_21_S10_S205,/hdd0/laucoo/fastq/18S/V0347/18S/15_no_primers/11240_HR6_21_S10_S205_R1_cuta_noprim.fastq.gz,/hdd0/laucoo/fastq/18S/V0347/18S/15_no_primers/11240_HR6_21_S10_S205_R2_cuta_noprim.fastq.gz,18S,run1
11240_HR6_21_S11_S206,/hdd0/laucoo/fastq/18S/V0347/18S/15_no_primers/11240_HR6_21_S11_S206_R1_cuta_noprim.fastq.gz,/hdd0/laucoo/fastq/18S/V0347/18S/15_no_primers/11240_HR6_21_S11_S206_R2_cuta_noprim.fastq.gz,18S,run1
11240_HR6_21_S12_S207,/hdd0/laucoo/fastq/18S/V0347/18S/15_no_primers/11240_HR6_21_S12_S207_R1_cuta_noprim.fastq.gz,/hdd0/laucoo/fastq/18S/V0347/18S/15_no_primers/11240_HR6_21_S12_S207_R2_cuta_noprim.fastq.gz,18S,run1
11240_HR6_21_S9_S208,/hdd0/laucoo/fastq/18S/V0347/18S/15_no_primers/11240_HR6_21_S9_S208_R1_cuta_noprim.fastq.gz,/hdd0/laucoo/fastq/18S/V0347/18S/15_no_primers/11240_HR6_21_S9_S208_R2_cuta_noprim.fastq.gz,18S,run1
11240_HR_1123_W1_S209,/hdd0/laucoo/fastq/18S/V0347/18S/15_no_primers/11240_HR_1123_W1_S209_R1_cuta_noprim.fastq.gz,/hdd0/laucoo/fastq/18S/V0347/18S/15_no_primers/11240_HR_1123_W1_S209_R2_cuta_noprim.fastq.gz,18S,run1
11240_HR_1123_W2_S210,/hdd0/laucoo/fastq/18S/V0347/18S/15_no_primers/11240_HR_1123_W2_S210_R1_cuta_noprim.fastq.gz,/hdd0/laucoo/fastq/18S/V0347/18S/15_no_primers/11240_HR_1123_W2_S210_R2_cuta_noprim.fastq.gz,18S,run1
11240_HR_1123_W3_S211,/hdd0/laucoo/fastq/18S/V0347/18S/15_no_primers/11240_HR_1123_W3_S211_R1_cuta_noprim.fastq.gz,/hdd0/laucoo/fastq/18S/V0347/18S/15_no_primers/11240_HR_1123_W3_S211_R2_cuta_noprim.fastq.gz,18S,run1
11240_HR_323_S10_S213,/hdd0/laucoo/fastq/18S/V0347/18S/15_no_primers/11240_HR_323_S10_S213_R1_cuta_noprim.fastq.gz,/hdd0/laucoo/fastq/18S/V0347/18S/15_no_primers/11240_HR_323_S10_S213_R2_cuta_noprim.fastq.gz,18S,run1
11240_HR_323_S11_S214,/hdd0/laucoo/fastq/18S/V0347/18S/15_no_primers/11240_HR_323_S11_S214_R1_cuta_noprim.fastq.gz,/hdd0/laucoo/fastq/18S/V0347/18S/15_no_primers/11240_HR_323_S11_S214_R2_cuta_noprim.fastq.gz,18S,run1
11240_HR_323_S12_S215,/hdd0/laucoo/fastq/18S/V0347/18S/15_no_primers/11240_HR_323_S12_S215_R1_cuta_noprim.fastq.gz,/hdd0/laucoo/fastq/18S/V0347/18S/15_no_primers/11240_HR_323_S12_S215_R2_cuta_noprim.fastq.gz,18S,run1
11240_HR_323_S1_S212,/hdd0/laucoo/fastq/18S/V0347/18S/15_no_primers/11240_HR_323_S1_S212_R1_cuta_noprim.fastq.gz,/hdd0/laucoo/fastq/18S/V0347/18S/15_no_primers/11240_HR_323_S1_S212_R2_cuta_noprim.fastq.gz,18S,run1
11240_HR_323_S2_S216,/hdd0/laucoo/fastq/18S/V0347/18S/15_no_primers/11240_HR_323_S2_S216_R1_cuta_noprim.fastq.gz,/hdd0/laucoo/fastq/18S/V0347/18S/15_no_primers/11240_HR_323_S2_S216_R2_cuta_noprim.fastq.gz,18S,run1
11240_HR_323_S3_S217,/hdd0/laucoo/fastq/18S/V0347/18S/15_no_primers/11240_HR_323_S3_S217_R1_cuta_noprim.fastq.gz,/hdd0/laucoo/fastq/18S/V0347/18S/15_no_primers/11240_HR_323_S3_S217_R2_cuta_noprim.fastq.gz,18S,run1
11240_HR_323_S4_S218,/hdd0/laucoo/fastq/18S/V0347/18S/15_no_primers/11240_HR_323_S4_S218_R1_cuta_noprim.fastq.gz,/hdd0/laucoo/fastq/18S/V0347/18S/15_no_primers/11240_HR_323_S4_S218_R2_cuta_noprim.fastq.gz,18S,run1
11240_HR_323_S5_S219,/hdd0/laucoo/fastq/18S/V0347/18S/15_no_primers/11240_HR_323_S5_S219_R1_cuta_noprim.fastq.gz,/hdd0/laucoo/fastq/18S/V0347/18S/15_no_primers/11240_HR_323_S5_S219_R2_cuta_noprim.fastq.gz,18S,run1
11240_HR_323_S6_S220,/hdd0/laucoo/fastq/18S/V0347/18S/15_no_primers/11240_HR_323_S6_S220_R1_cuta_noprim.fastq.gz,/hdd0/laucoo/fastq/18S/V0347/18S/15_no_primers/11240_HR_323_S6_S220_R2_cuta_noprim.fastq.gz,18S,run1
11240_HR_323_S7_S221,/hdd0/laucoo/fastq/18S/V0347/18S/15_no_primers/11240_HR_323_S7_S221_R1_cuta_noprim.fastq.gz,/hdd0/laucoo/fastq/18S/V0347/18S/15_no_primers/11240_HR_323_S7_S221_R2_cuta_noprim.fastq.gz,18S,run1
11240_HR_323_S8_S222,/hdd0/laucoo/fastq/18S/V0347/18S/15_no_primers/11240_HR_323_S8_S222_R1_cuta_noprim.fastq.gz,/hdd0/laucoo/fastq/18S/V0347/18S/15_no_primers/11240_HR_323_S8_S222_R2_cuta_noprim.fastq.gz,18S,run1
11240_HR_323_S9_S223,/hdd0/laucoo/fastq/18S/V0347/18S/15_no_primers/11240_HR_323_S9_S223_R1_cuta_noprim.fastq.gz,/hdd0/laucoo/fastq/18S/V0347/18S/15_no_primers/11240_HR_323_S9_S223_R2_cuta_noprim.fastq.gz,18S,run1
11240_HR_323_W1_S224,/hdd0/laucoo/fastq/18S/V0347/18S/15_no_primers/11240_HR_323_W1_S224_R1_cuta_noprim.fastq.gz,/hdd0/laucoo/fastq/18S/V0347/18S/15_no_primers/11240_HR_323_W1_S224_R2_cuta_noprim.fastq.gz,18S,run1
11240_HR_323_W2_S225,/hdd0/laucoo/fastq/18S/V0347/18S/15_no_primers/11240_HR_323_W2_S225_R1_cuta_noprim.fastq.gz,/hdd0/laucoo/fastq/18S/V0347/18S/15_no_primers/11240_HR_323_W2_S225_R2_cuta_noprim.fastq.gz,18S,run1
11240_HR_323_W3_S226,/hdd0/laucoo/fastq/18S/V0347/18S/15_no_primers/11240_HR_323_W3_S226_R1_cuta_noprim.fastq.gz,/hdd0/laucoo/fastq/18S/V0347/18S/15_no_primers/11240_HR_323_W3_S226_R2_cuta_noprim.fastq.gz,18S,run1
11240_HR_621_S1_S227,/hdd0/laucoo/fastq/18S/V0347/18S/15_no_primers/11240_HR_621_S1_S227_R1_cuta_noprim.fastq.gz,/hdd0/laucoo/fastq/18S/V0347/18S/15_no_primers/11240_HR_621_S1_S227_R2_cuta_noprim.fastq.gz,18S,run1
11240_HR_621_S2_S228,/hdd0/laucoo/fastq/18S/V0347/18S/15_no_primers/11240_HR_621_S2_S228_R1_cuta_noprim.fastq.gz,/hdd0/laucoo/fastq/18S/V0347/18S/15_no_primers/11240_HR_621_S2_S228_R2_cuta_noprim.fastq.gz,18S,run1
11240_HR_621_S3_S229,/hdd0/laucoo/fastq/18S/V0347/18S/15_no_primers/11240_HR_621_S3_S229_R1_cuta_noprim.fastq.gz,/hdd0/laucoo/fastq/18S/V0347/18S/15_no_primers/11240_HR_621_S3_S229_R2_cuta_noprim.fastq.gz,18S,run1
11240_HR_621_S4_S230,/hdd0/laucoo/fastq/18S/V0347/18S/15_no_primers/11240_HR_621_S4_S230_R1_cuta_noprim.fastq.gz,/hdd0/laucoo/fastq/18S/V0347/18S/15_no_primers/11240_HR_621_S4_S230_R2_cuta_noprim.fastq.gz,18S,run1
11240_HR_621_S5_S231,/hdd0/laucoo/fastq/18S/V0347/18S/15_no_primers/11240_HR_621_S5_S231_R1_cuta_noprim.fastq.gz,/hdd0/laucoo/fastq/18S/V0347/18S/15_no_primers/11240_HR_621_S5_S231_R2_cuta_noprim.fastq.gz,18S,run1
11240_HR_621_S6_S232,/hdd0/laucoo/fastq/18S/V0347/18S/15_no_primers/11240_HR_621_S6_S232_R1_cuta_noprim.fastq.gz,/hdd0/laucoo/fastq/18S/V0347/18S/15_no_primers/11240_HR_621_S6_S232_R2_cuta_noprim.fastq.gz,18S,run1
11240_HR_621_S7_S233,/hdd0/laucoo/fastq/18S/V0347/18S/15_no_primers/11240_HR_621_S7_S233_R1_cuta_noprim.fastq.gz,/hdd0/laucoo/fastq/18S/V0347/18S/15_no_primers/11240_HR_621_S7_S233_R2_cuta_noprim.fastq.gz,18S,run1
11240_HR_621_S8_S234,/hdd0/laucoo/fastq/18S/V0347/18S/15_no_primers/11240_HR_621_S8_S234_R1_cuta_noprim.fastq.gz,/hdd0/laucoo/fastq/18S/V0347/18S/15_no_primers/11240_HR_621_S8_S234_R2_cuta_noprim.fastq.gz,18S,run1
11240_HR_721_W1_S235,/hdd0/laucoo/fastq/18S/V0347/18S/15_no_primers/11240_HR_721_W1_S235_R1_cuta_noprim.fastq.gz,/hdd0/laucoo/fastq/18S/V0347/18S/15_no_primers/11240_HR_721_W1_S235_R2_cuta_noprim.fastq.gz,18S,run1
11240_HR_721_W2_S236,/hdd0/laucoo/fastq/18S/V0347/18S/15_no_primers/11240_HR_721_W2_S236_R1_cuta_noprim.fastq.gz,/hdd0/laucoo/fastq/18S/V0347/18S/15_no_primers/11240_HR_721_W2_S236_R2_cuta_noprim.fastq.gz,18S,run1
11240_HR_721_W3_S237,/hdd0/laucoo/fastq/18S/V0347/18S/15_no_primers/11240_HR_721_W3_S237_R1_cuta_noprim.fastq.gz,/hdd0/laucoo/fastq/18S/V0347/18S/15_no_primers/11240_HR_721_W3_S237_R2_cuta_noprim.fastq.gz,18S,run1
11240_HR_722_S10_S239,/hdd0/laucoo/fastq/18S/V0347/18S/15_no_primers/11240_HR_722_S10_S239_R1_cuta_noprim.fastq.gz,/hdd0/laucoo/fastq/18S/V0347/18S/15_no_primers/11240_HR_722_S10_S239_R2_cuta_noprim.fastq.gz,18S,run1
11240_HR_722_S11_S240,/hdd0/laucoo/fastq/18S/V0347/18S/15_no_primers/11240_HR_722_S11_S240_R1_cuta_noprim.fastq.gz,/hdd0/laucoo/fastq/18S/V0347/18S/15_no_primers/11240_HR_722_S11_S240_R2_cuta_noprim.fastq.gz,18S,run1
11240_HR_722_S12_S241,/hdd0/laucoo/fastq/18S/V0347/18S/15_no_primers/11240_HR_722_S12_S241_R1_cuta_noprim.fastq.gz,/hdd0/laucoo/fastq/18S/V0347/18S/15_no_primers/11240_HR_722_S12_S241_R2_cuta_noprim.fastq.gz,18S,run1
11240_HR_722_S1_S238,/hdd0/laucoo/fastq/18S/V0347/18S/15_no_primers/11240_HR_722_S1_S238_R1_cuta_noprim.fastq.gz,/hdd0/laucoo/fastq/18S/V0347/18S/15_no_primers/11240_HR_722_S1_S238_R2_cuta_noprim.fastq.gz,18S,run1
11240_HR_722_S2_S242,/hdd0/laucoo/fastq/18S/V0347/18S/15_no_primers/11240_HR_722_S2_S242_R1_cuta_noprim.fastq.gz,/hdd0/laucoo/fastq/18S/V0347/18S/15_no_primers/11240_HR_722_S2_S242_R2_cuta_noprim.fastq.gz,18S,run1
11240_HR_722_S3_S243,/hdd0/laucoo/fastq/18S/V0347/18S/15_no_primers/11240_HR_722_S3_S243_R1_cuta_noprim.fastq.gz,/hdd0/laucoo/fastq/18S/V0347/18S/15_no_primers/11240_HR_722_S3_S243_R2_cuta_noprim.fastq.gz,18S,run1
11240_HR_722_S4_S244,/hdd0/laucoo/fastq/18S/V0347/18S/15_no_primers/11240_HR_722_S4_S244_R1_cuta_noprim.fastq.gz,/hdd0/laucoo/fastq/18S/V0347/18S/15_no_primers/11240_HR_722_S4_S244_R2_cuta_noprim.fastq.gz,18S,run1
11240_HR_722_S5_S245,/hdd0/laucoo/fastq/18S/V0347/18S/15_no_primers/11240_HR_722_S5_S245_R1_cuta_noprim.fastq.gz,/hdd0/laucoo/fastq/18S/V0347/18S/15_no_primers/11240_HR_722_S5_S245_R2_cuta_noprim.fastq.gz,18S,run1
11240_HR_722_S6_S246,/hdd0/laucoo/fastq/18S/V0347/18S/15_no_primers/11240_HR_722_S6_S246_R1_cuta_noprim.fastq.gz,/hdd0/laucoo/fastq/18S/V0347/18S/15_no_primers/11240_HR_722_S6_S246_R2_cuta_noprim.fastq.gz,18S,run1
11240_HR_722_S7_S247,/hdd0/laucoo/fastq/18S/V0347/18S/15_no_primers/11240_HR_722_S7_S247_R1_cuta_noprim.fastq.gz,/hdd0/laucoo/fastq/18S/V0347/18S/15_no_primers/11240_HR_722_S7_S247_R2_cuta_noprim.fastq.gz,18S,run1
11240_HR_722_S8_S248,/hdd0/laucoo/fastq/18S/V0347/18S/15_no_primers/11240_HR_722_S8_S248_R1_cuta_noprim.fastq.gz,/hdd0/laucoo/fastq/18S/V0347/18S/15_no_primers/11240_HR_722_S8_S248_R2_cuta_noprim.fastq.gz,18S,run1
11240_HR_722_S9_S249,/hdd0/laucoo/fastq/18S/V0347/18S/15_no_primers/11240_HR_722_S9_S249_R1_cuta_noprim.fastq.gz,/hdd0/laucoo/fastq/18S/V0347/18S/15_no_primers/11240_HR_722_S9_S249_R2_cuta_noprim.fastq.gz,18S,run1
11240_HR_722_W1_S250,/hdd0/laucoo/fastq/18S/V0347/18S/15_no_primers/11240_HR_722_W1_S250_R1_cuta_noprim.fastq.gz,/hdd0/laucoo/fastq/18S/V0347/18S/15_no_primers/11240_HR_722_W1_S250_R2_cuta_noprim.fastq.gz,18S,run1
11240_HR_722_W2_S251,/hdd0/laucoo/fastq/18S/V0347/18S/15_no_primers/11240_HR_722_W2_S251_R1_cuta_noprim.fastq.gz,/hdd0/laucoo/fastq/18S/V0347/18S/15_no_primers/11240_HR_722_W2_S251_R2_cuta_noprim.fastq.gz,18S,run1
11240_HR_722_W3_S252,/hdd0/laucoo/fastq/18S/V0347/18S/15_no_primers/11240_HR_722_W3_S252_R1_cuta_noprim.fastq.gz,/hdd0/laucoo/fastq/18S/V0347/18S/15_no_primers/11240_HR_722_W3_S252_R2_cuta_noprim.fastq.gz,18S,run1
11240_LC_1121_S10_S254,/hdd0/laucoo/fastq/18S/V0347/18S/15_no_primers/11240_LC_1121_S10_S254_R1_cuta_noprim.fastq.gz,/hdd0/laucoo/fastq/18S/V0347/18S/15_no_primers/11240_LC_1121_S10_S254_R2_cuta_noprim.fastq.gz,18S,run1
11240_LC_1121_S11_S255,/hdd0/laucoo/fastq/18S/V0347/18S/15_no_primers/11240_LC_1121_S11_S255_R1_cuta_noprim.fastq.gz,/hdd0/laucoo/fastq/18S/V0347/18S/15_no_primers/11240_LC_1121_S11_S255_R2_cuta_noprim.fastq.gz,18S,run1
11240_LC_1121_S12_S256,/hdd0/laucoo/fastq/18S/V0347/18S/15_no_primers/11240_LC_1121_S12_S256_R1_cuta_noprim.fastq.gz,/hdd0/laucoo/fastq/18S/V0347/18S/15_no_primers/11240_LC_1121_S12_S256_R2_cuta_noprim.fastq.gz,18S,run1
11240_LC_1121_S1_S253,/hdd0/laucoo/fastq/18S/V0347/18S/15_no_primers/11240_LC_1121_S1_S253_R1_cuta_noprim.fastq.gz,/hdd0/laucoo/fastq/18S/V0347/18S/15_no_primers/11240_LC_1121_S1_S253_R2_cuta_noprim.fastq.gz,18S,run1
11240_LC_1121_S2_S257,/hdd0/laucoo/fastq/18S/V0347/18S/15_no_primers/11240_LC_1121_S2_S257_R1_cuta_noprim.fastq.gz,/hdd0/laucoo/fastq/18S/V0347/18S/15_no_primers/11240_LC_1121_S2_S257_R2_cuta_noprim.fastq.gz,18S,run1
11240_LC_1121_S3_S258,/hdd0/laucoo/fastq/18S/V0347/18S/15_no_primers/11240_LC_1121_S3_S258_R1_cuta_noprim.fastq.gz,/hdd0/laucoo/fastq/18S/V0347/18S/15_no_primers/11240_LC_1121_S3_S258_R2_cuta_noprim.fastq.gz,18S,run1
11240_LC_1121_S4_S259,/hdd0/laucoo/fastq/18S/V0347/18S/15_no_primers/11240_LC_1121_S4_S259_R1_cuta_noprim.fastq.gz,/hdd0/laucoo/fastq/18S/V0347/18S/15_no_primers/11240_LC_1121_S4_S259_R2_cuta_noprim.fastq.gz,18S,run1
11240_LC_1121_S5_S260,/hdd0/laucoo/fastq/18S/V0347/18S/15_no_primers/11240_LC_1121_S5_S260_R1_cuta_noprim.fastq.gz,/hdd0/laucoo/fastq/18S/V0347/18S/15_no_primers/11240_LC_1121_S5_S260_R2_cuta_noprim.fastq.gz,18S,run1
11240_LC_1121_S6_S261,/hdd0/laucoo/fastq/18S/V0347/18S/15_no_primers/11240_LC_1121_S6_S261_R1_cuta_noprim.fastq.gz,/hdd0/laucoo/fastq/18S/V0347/18S/15_no_primers/11240_LC_1121_S6_S261_R2_cuta_noprim.fastq.gz,18S,run1
11240_LC_1121_S7_S262,/hdd0/laucoo/fastq/18S/V0347/18S/15_no_primers/11240_LC_1121_S7_S262_R1_cuta_noprim.fastq.gz,/hdd0/laucoo/fastq/18S/V0347/18S/15_no_primers/11240_LC_1121_S7_S262_R2_cuta_noprim.fastq.gz,18S,run1
11240_LC_1121_S8_S263,/hdd0/laucoo/fastq/18S/V0347/18S/15_no_primers/11240_LC_1121_S8_S263_R1_cuta_noprim.fastq.gz,/hdd0/laucoo/fastq/18S/V0347/18S/15_no_primers/11240_LC_1121_S8_S263_R2_cuta_noprim.fastq.gz,18S,run1
11240_LC_1121_S9_S264,/hdd0/laucoo/fastq/18S/V0347/18S/15_no_primers/11240_LC_1121_S9_S264_R1_cuta_noprim.fastq.gz,/hdd0/laucoo/fastq/18S/V0347/18S/15_no_primers/11240_LC_1121_S9_S264_R2_cuta_noprim.fastq.gz,18S,run1
11240_LC_1121_W1_S265,/hdd0/laucoo/fastq/18S/V0347/18S/15_no_primers/11240_LC_1121_W1_S265_R1_cuta_noprim.fastq.gz,/hdd0/laucoo/fastq/18S/V0347/18S/15_no_primers/11240_LC_1121_W1_S265_R2_cuta_noprim.fastq.gz,18S,run1
11240_LC_1121_W2_S266,/hdd0/laucoo/fastq/18S/V0347/18S/15_no_primers/11240_LC_1121_W2_S266_R1_cuta_noprim.fastq.gz,/hdd0/laucoo/fastq/18S/V0347/18S/15_no_primers/11240_LC_1121_W2_S266_R2_cuta_noprim.fastq.gz,18S,run1
11240_LC_1121_W3_S267,/hdd0/laucoo/fastq/18S/V0347/18S/15_no_primers/11240_LC_1121_W3_S267_R1_cuta_noprim.fastq.gz,/hdd0/laucoo/fastq/18S/V0347/18S/15_no_primers/11240_LC_1121_W3_S267_R2_cuta_noprim.fastq.gz,18S,run1
11240_LC_323_S10_S269,/hdd0/laucoo/fastq/18S/V0347/18S/15_no_primers/11240_LC_323_S10_S269_R1_cuta_noprim.fastq.gz,/hdd0/laucoo/fastq/18S/V0347/18S/15_no_primers/11240_LC_323_S10_S269_R2_cuta_noprim.fastq.gz,18S,run1
11240_LC_323_S11_S270,/hdd0/laucoo/fastq/18S/V0347/18S/15_no_primers/11240_LC_323_S11_S270_R1_cuta_noprim.fastq.gz,/hdd0/laucoo/fastq/18S/V0347/18S/15_no_primers/11240_LC_323_S11_S270_R2_cuta_noprim.fastq.gz,18S,run1
11240_LC_323_S12_S271,/hdd0/laucoo/fastq/18S/V0347/18S/15_no_primers/11240_LC_323_S12_S271_R1_cuta_noprim.fastq.gz,/hdd0/laucoo/fastq/18S/V0347/18S/15_no_primers/11240_LC_323_S12_S271_R2_cuta_noprim.fastq.gz,18S,run1
11240_LC_323_S1_S268,/hdd0/laucoo/fastq/18S/V0347/18S/15_no_primers/11240_LC_323_S1_S268_R1_cuta_noprim.fastq.gz,/hdd0/laucoo/fastq/18S/V0347/18S/15_no_primers/11240_LC_323_S1_S268_R2_cuta_noprim.fastq.gz,18S,run1
11240_LC_323_S2_S272,/hdd0/laucoo/fastq/18S/V0347/18S/15_no_primers/11240_LC_323_S2_S272_R1_cuta_noprim.fastq.gz,/hdd0/laucoo/fastq/18S/V0347/18S/15_no_primers/11240_LC_323_S2_S272_R2_cuta_noprim.fastq.gz,18S,run1
11240_LC_323_S3_S273,/hdd0/laucoo/fastq/18S/V0347/18S/15_no_primers/11240_LC_323_S3_S273_R1_cuta_noprim.fastq.gz,/hdd0/laucoo/fastq/18S/V0347/18S/15_no_primers/11240_LC_323_S3_S273_R2_cuta_noprim.fastq.gz,18S,run1
11240_LC_323_S4_S274,/hdd0/laucoo/fastq/18S/V0347/18S/15_no_primers/11240_LC_323_S4_S274_R1_cuta_noprim.fastq.gz,/hdd0/laucoo/fastq/18S/V0347/18S/15_no_primers/11240_LC_323_S4_S274_R2_cuta_noprim.fastq.gz,18S,run1
11240_LC_323_S5_S275,/hdd0/laucoo/fastq/18S/V0347/18S/15_no_primers/11240_LC_323_S5_S275_R1_cuta_noprim.fastq.gz,/hdd0/laucoo/fastq/18S/V0347/18S/15_no_primers/11240_LC_323_S5_S275_R2_cuta_noprim.fastq.gz,18S,run1
11240_LC_323_S6_S276,/hdd0/laucoo/fastq/18S/V0347/18S/15_no_primers/11240_LC_323_S6_S276_R1_cuta_noprim.fastq.gz,/hdd0/laucoo/fastq/18S/V0347/18S/15_no_primers/11240_LC_323_S6_S276_R2_cuta_noprim.fastq.gz,18S,run1
11240_LC_323_S7_S277,/hdd0/laucoo/fastq/18S/V0347/18S/15_no_primers/11240_LC_323_S7_S277_R1_cuta_noprim.fastq.gz,/hdd0/laucoo/fastq/18S/V0347/18S/15_no_primers/11240_LC_323_S7_S277_R2_cuta_noprim.fastq.gz,18S,run1
11240_LC_323_S8_S278,/hdd0/laucoo/fastq/18S/V0347/18S/15_no_primers/11240_LC_323_S8_S278_R1_cuta_noprim.fastq.gz,/hdd0/laucoo/fastq/18S/V0347/18S/15_no_primers/11240_LC_323_S8_S278_R2_cuta_noprim.fastq.gz,18S,run1
11240_LC_323_S9_S279,/hdd0/laucoo/fastq/18S/V0347/18S/15_no_primers/11240_LC_323_S9_S279_R1_cuta_noprim.fastq.gz,/hdd0/laucoo/fastq/18S/V0347/18S/15_no_primers/11240_LC_323_S9_S279_R2_cuta_noprim.fastq.gz,18S,run1
11240_LC_323_W1_S280,/hdd0/laucoo/fastq/18S/V0347/18S/15_no_primers/11240_LC_323_W1_S280_R1_cuta_noprim.fastq.gz,/hdd0/laucoo/fastq/18S/V0347/18S/15_no_primers/11240_LC_323_W1_S280_R2_cuta_noprim.fastq.gz,18S,run1
11240_LC_323_W2_S281,/hdd0/laucoo/fastq/18S/V0347/18S/15_no_primers/11240_LC_323_W2_S281_R1_cuta_noprim.fastq.gz,/hdd0/laucoo/fastq/18S/V0347/18S/15_no_primers/11240_LC_323_W2_S281_R2_cuta_noprim.fastq.gz,18S,run1
11240_LC_621_S1_S282,/hdd0/laucoo/fastq/18S/V0347/18S/15_no_primers/11240_LC_621_S1_S282_R1_cuta_noprim.fastq.gz,/hdd0/laucoo/fastq/18S/V0347/18S/15_no_primers/11240_LC_621_S1_S282_R2_cuta_noprim.fastq.gz,18S,run1
11240_LC_621_S2_S283,/hdd0/laucoo/fastq/18S/V0347/18S/15_no_primers/11240_LC_621_S2_S283_R1_cuta_noprim.fastq.gz,/hdd0/laucoo/fastq/18S/V0347/18S/15_no_primers/11240_LC_621_S2_S283_R2_cuta_noprim.fastq.gz,18S,run1
11240_LC_621_S3_S284,/hdd0/laucoo/fastq/18S/V0347/18S/15_no_primers/11240_LC_621_S3_S284_R1_cuta_noprim.fastq.gz,/hdd0/laucoo/fastq/18S/V0347/18S/15_no_primers/11240_LC_621_S3_S284_R2_cuta_noprim.fastq.gz,18S,run1
11240_LC_621_S4_S285,/hdd0/laucoo/fastq/18S/V0347/18S/15_no_primers/11240_LC_621_S4_S285_R1_cuta_noprim.fastq.gz,/hdd0/laucoo/fastq/18S/V0347/18S/15_no_primers/11240_LC_621_S4_S285_R2_cuta_noprim.fastq.gz,18S,run1
11240_LC_621_S5_S286,/hdd0/laucoo/fastq/18S/V0347/18S/15_no_primers/11240_LC_621_S5_S286_R1_cuta_noprim.fastq.gz,/hdd0/laucoo/fastq/18S/V0347/18S/15_no_primers/11240_LC_621_S5_S286_R2_cuta_noprim.fastq.gz,18S,run1
11240_LC_621_S6_S287,/hdd0/laucoo/fastq/18S/V0347/18S/15_no_primers/11240_LC_621_S6_S287_R1_cuta_noprim.fastq.gz,/hdd0/laucoo/fastq/18S/V0347/18S/15_no_primers/11240_LC_621_S6_S287_R2_cuta_noprim.fastq.gz,18S,run1
11240_LC_621_S7_S288,/hdd0/laucoo/fastq/18S/V0347/18S/15_no_primers/11240_LC_621_S7_S288_R1_cuta_noprim.fastq.gz,/hdd0/laucoo/fastq/18S/V0347/18S/15_no_primers/11240_LC_621_S7_S288_R2_cuta_noprim.fastq.gz,18S,run1
11240_LC_721_W1_S289,/hdd0/laucoo/fastq/18S/V0347/18S/15_no_primers/11240_LC_721_W1_S289_R1_cuta_noprim.fastq.gz,/hdd0/laucoo/fastq/18S/V0347/18S/15_no_primers/11240_LC_721_W1_S289_R2_cuta_noprim.fastq.gz,18S,run1
11240_LC_721_W2_S290,/hdd0/laucoo/fastq/18S/V0347/18S/15_no_primers/11240_LC_721_W2_S290_R1_cuta_noprim.fastq.gz,/hdd0/laucoo/fastq/18S/V0347/18S/15_no_primers/11240_LC_721_W2_S290_R2_cuta_noprim.fastq.gz,18S,run1
11240_LC_721_W3_S291,/hdd0/laucoo/fastq/18S/V0347/18S/15_no_primers/11240_LC_721_W3_S291_R1_cuta_noprim.fastq.gz,/hdd0/laucoo/fastq/18S/V0347/18S/15_no_primers/11240_LC_721_W3_S291_R2_cuta_noprim.fastq.gz,18S,run1
11240_LC_722_S10_S293,/hdd0/laucoo/fastq/18S/V0347/18S/15_no_primers/11240_LC_722_S10_S293_R1_cuta_noprim.fastq.gz,/hdd0/laucoo/fastq/18S/V0347/18S/15_no_primers/11240_LC_722_S10_S293_R2_cuta_noprim.fastq.gz,18S,run1
11240_LC_722_S11_S294,/hdd0/laucoo/fastq/18S/V0347/18S/15_no_primers/11240_LC_722_S11_S294_R1_cuta_noprim.fastq.gz,/hdd0/laucoo/fastq/18S/V0347/18S/15_no_primers/11240_LC_722_S11_S294_R2_cuta_noprim.fastq.gz,18S,run1
11240_LC_722_S12_S295,/hdd0/laucoo/fastq/18S/V0347/18S/15_no_primers/11240_LC_722_S12_S295_R1_cuta_noprim.fastq.gz,/hdd0/laucoo/fastq/18S/V0347/18S/15_no_primers/11240_LC_722_S12_S295_R2_cuta_noprim.fastq.gz,18S,run1
11240_LC_722_S1_S292,/hdd0/laucoo/fastq/18S/V0347/18S/15_no_primers/11240_LC_722_S1_S292_R1_cuta_noprim.fastq.gz,/hdd0/laucoo/fastq/18S/V0347/18S/15_no_primers/11240_LC_722_S1_S292_R2_cuta_noprim.fastq.gz,18S,run1
11240_LC_722_S2_S296,/hdd0/laucoo/fastq/18S/V0347/18S/15_no_primers/11240_LC_722_S2_S296_R1_cuta_noprim.fastq.gz,/hdd0/laucoo/fastq/18S/V0347/18S/15_no_primers/11240_LC_722_S2_S296_R2_cuta_noprim.fastq.gz,18S,run1
11240_LC_722_S3_S297,/hdd0/laucoo/fastq/18S/V0347/18S/15_no_primers/11240_LC_722_S3_S297_R1_cuta_noprim.fastq.gz,/hdd0/laucoo/fastq/18S/V0347/18S/15_no_primers/11240_LC_722_S3_S297_R2_cuta_noprim.fastq.gz,18S,run1
11240_LC_722_S4_S298,/hdd0/laucoo/fastq/18S/V0347/18S/15_no_primers/11240_LC_722_S4_S298_R1_cuta_noprim.fastq.gz,/hdd0/laucoo/fastq/18S/V0347/18S/15_no_primers/11240_LC_722_S4_S298_R2_cuta_noprim.fastq.gz,18S,run1
11240_LC_722_S5_S299,/hdd0/laucoo/fastq/18S/V0347/18S/15_no_primers/11240_LC_722_S5_S299_R1_cuta_noprim.fastq.gz,/hdd0/laucoo/fastq/18S/V0347/18S/15_no_primers/11240_LC_722_S5_S299_R2_cuta_noprim.fastq.gz,18S,run1
11240_LC_722_S6_S300,/hdd0/laucoo/fastq/18S/V0347/18S/15_no_primers/11240_LC_722_S6_S300_R1_cuta_noprim.fastq.gz,/hdd0/laucoo/fastq/18S/V0347/18S/15_no_primers/11240_LC_722_S6_S300_R2_cuta_noprim.fastq.gz,18S,run1
11240_LC_722_S7_S301,/hdd0/laucoo/fastq/18S/V0347/18S/15_no_primers/11240_LC_722_S7_S301_R1_cuta_noprim.fastq.gz,/hdd0/laucoo/fastq/18S/V0347/18S/15_no_primers/11240_LC_722_S7_S301_R2_cuta_noprim.fastq.gz,18S,run1
11240_LC_722_S8_S302,/hdd0/laucoo/fastq/18S/V0347/18S/15_no_primers/11240_LC_722_S8_S302_R1_cuta_noprim.fastq.gz,/hdd0/laucoo/fastq/18S/V0347/18S/15_no_primers/11240_LC_722_S8_S302_R2_cuta_noprim.fastq.gz,18S,run1
11240_LC_722_S9_S303,/hdd0/laucoo/fastq/18S/V0347/18S/15_no_primers/11240_LC_722_S9_S303_R1_cuta_noprim.fastq.gz,/hdd0/laucoo/fastq/18S/V0347/18S/15_no_primers/11240_LC_722_S9_S303_R2_cuta_noprim.fastq.gz,18S,run1
11240_LC_722_W1_S304,/hdd0/laucoo/fastq/18S/V0347/18S/15_no_primers/11240_LC_722_W1_S304_R1_cuta_noprim.fastq.gz,/hdd0/laucoo/fastq/18S/V0347/18S/15_no_primers/11240_LC_722_W1_S304_R2_cuta_noprim.fastq.gz,18S,run1
11240_LC_722_W2_S305,/hdd0/laucoo/fastq/18S/V0347/18S/15_no_primers/11240_LC_722_W2_S305_R1_cuta_noprim.fastq.gz,/hdd0/laucoo/fastq/18S/V0347/18S/15_no_primers/11240_LC_722_W2_S305_R2_cuta_noprim.fastq.gz,18S,run1
11240_LC_722_W3_S306,/hdd0/laucoo/fastq/18S/V0347/18S/15_no_primers/11240_LC_722_W3_S306_R1_cuta_noprim.fastq.gz,/hdd0/laucoo/fastq/18S/V0347/18S/15_no_primers/11240_LC_722_W3_S306_R2_cuta_noprim.fastq.gz,18S,run1
11240_LR_1121_S10_S308,/hdd0/laucoo/fastq/18S/V0347/18S/15_no_primers/11240_LR_1121_S10_S308_R1_cuta_noprim.fastq.gz,/hdd0/laucoo/fastq/18S/V0347/18S/15_no_primers/11240_LR_1121_S10_S308_R2_cuta_noprim.fastq.gz,18S,run1
11240_LR_1121_S11_S309,/hdd0/laucoo/fastq/18S/V0347/18S/15_no_primers/11240_LR_1121_S11_S309_R1_cuta_noprim.fastq.gz,/hdd0/laucoo/fastq/18S/V0347/18S/15_no_primers/11240_LR_1121_S11_S309_R2_cuta_noprim.fastq.gz,18S,run1
11240_LR_1121_S12_S310,/hdd0/laucoo/fastq/18S/V0347/18S/15_no_primers/11240_LR_1121_S12_S310_R1_cuta_noprim.fastq.gz,/hdd0/laucoo/fastq/18S/V0347/18S/15_no_primers/11240_LR_1121_S12_S310_R2_cuta_noprim.fastq.gz,18S,run1
11240_LR_1121_S1_S307,/hdd0/laucoo/fastq/18S/V0347/18S/15_no_primers/11240_LR_1121_S1_S307_R1_cuta_noprim.fastq.gz,/hdd0/laucoo/fastq/18S/V0347/18S/15_no_primers/11240_LR_1121_S1_S307_R2_cuta_noprim.fastq.gz,18S,run1
11240_LR_1121_S2_S311,/hdd0/laucoo/fastq/18S/V0347/18S/15_no_primers/11240_LR_1121_S2_S311_R1_cuta_noprim.fastq.gz,/hdd0/laucoo/fastq/18S/V0347/18S/15_no_primers/11240_LR_1121_S2_S311_R2_cuta_noprim.fastq.gz,18S,run1
11240_LR_1121_S3_S312,/hdd0/laucoo/fastq/18S/V0347/18S/15_no_primers/11240_LR_1121_S3_S312_R1_cuta_noprim.fastq.gz,/hdd0/laucoo/fastq/18S/V0347/18S/15_no_primers/11240_LR_1121_S3_S312_R2_cuta_noprim.fastq.gz,18S,run1
11240_LR_1121_S4_S313,/hdd0/laucoo/fastq/18S/V0347/18S/15_no_primers/11240_LR_1121_S4_S313_R1_cuta_noprim.fastq.gz,/hdd0/laucoo/fastq/18S/V0347/18S/15_no_primers/11240_LR_1121_S4_S313_R2_cuta_noprim.fastq.gz,18S,run1
11240_LR_1121_S5_S314,/hdd0/laucoo/fastq/18S/V0347/18S/15_no_primers/11240_LR_1121_S5_S314_R1_cuta_noprim.fastq.gz,/hdd0/laucoo/fastq/18S/V0347/18S/15_no_primers/11240_LR_1121_S5_S314_R2_cuta_noprim.fastq.gz,18S,run1
11240_LR_1121_S6_S315,/hdd0/laucoo/fastq/18S/V0347/18S/15_no_primers/11240_LR_1121_S6_S315_R1_cuta_noprim.fastq.gz,/hdd0/laucoo/fastq/18S/V0347/18S/15_no_primers/11240_LR_1121_S6_S315_R2_cuta_noprim.fastq.gz,18S,run1
11240_LR_1121_S7_S316,/hdd0/laucoo/fastq/18S/V0347/18S/15_no_primers/11240_LR_1121_S7_S316_R1_cuta_noprim.fastq.gz,/hdd0/laucoo/fastq/18S/V0347/18S/15_no_primers/11240_LR_1121_S7_S316_R2_cuta_noprim.fastq.gz,18S,run1
11240_LR_1121_S8_S317,/hdd0/laucoo/fastq/18S/V0347/18S/15_no_primers/11240_LR_1121_S8_S317_R1_cuta_noprim.fastq.gz,/hdd0/laucoo/fastq/18S/V0347/18S/15_no_primers/11240_LR_1121_S8_S317_R2_cuta_noprim.fastq.gz,18S,run1
11240_LR_1121_S9_S318,/hdd0/laucoo/fastq/18S/V0347/18S/15_no_primers/11240_LR_1121_S9_S318_R1_cuta_noprim.fastq.gz,/hdd0/laucoo/fastq/18S/V0347/18S/15_no_primers/11240_LR_1121_S9_S318_R2_cuta_noprim.fastq.gz,18S,run1
11240_LR_1121_W1_S319,/hdd0/laucoo/fastq/18S/V0347/18S/15_no_primers/11240_LR_1121_W1_S319_R1_cuta_noprim.fastq.gz,/hdd0/laucoo/fastq/18S/V0347/18S/15_no_primers/11240_LR_1121_W1_S319_R2_cuta_noprim.fastq.gz,18S,run1
11240_LR_1121_W2_S320,/hdd0/laucoo/fastq/18S/V0347/18S/15_no_primers/11240_LR_1121_W2_S320_R1_cuta_noprim.fastq.gz,/hdd0/laucoo/fastq/18S/V0347/18S/15_no_primers/11240_LR_1121_W2_S320_R2_cuta_noprim.fastq.gz,18S,run1
11240_LR_1121_W3_S321,/hdd0/laucoo/fastq/18S/V0347/18S/15_no_primers/11240_LR_1121_W3_S321_R1_cuta_noprim.fastq.gz,/hdd0/laucoo/fastq/18S/V0347/18S/15_no_primers/11240_LR_1121_W3_S321_R2_cuta_noprim.fastq.gz,18S,run1
11240_LR_323_S10_S323,/hdd0/laucoo/fastq/18S/V0347/18S/15_no_primers/11240_LR_323_S10_S323_R1_cuta_noprim.fastq.gz,/hdd0/laucoo/fastq/18S/V0347/18S/15_no_primers/11240_LR_323_S10_S323_R2_cuta_noprim.fastq.gz,18S,run1
11240_LR_323_S11_S324,/hdd0/laucoo/fastq/18S/V0347/18S/15_no_primers/11240_LR_323_S11_S324_R1_cuta_noprim.fastq.gz,/hdd0/laucoo/fastq/18S/V0347/18S/15_no_primers/11240_LR_323_S11_S324_R2_cuta_noprim.fastq.gz,18S,run1
11240_LR_323_S12_S325,/hdd0/laucoo/fastq/18S/V0347/18S/15_no_primers/11240_LR_323_S12_S325_R1_cuta_noprim.fastq.gz,/hdd0/laucoo/fastq/18S/V0347/18S/15_no_primers/11240_LR_323_S12_S325_R2_cuta_noprim.fastq.gz,18S,run1
11240_LR_323_S1_S322,/hdd0/laucoo/fastq/18S/V0347/18S/15_no_primers/11240_LR_323_S1_S322_R1_cuta_noprim.fastq.gz,/hdd0/laucoo/fastq/18S/V0347/18S/15_no_primers/11240_LR_323_S1_S322_R2_cuta_noprim.fastq.gz,18S,run1
11240_LR_323_S2_S326,/hdd0/laucoo/fastq/18S/V0347/18S/15_no_primers/11240_LR_323_S2_S326_R1_cuta_noprim.fastq.gz,/hdd0/laucoo/fastq/18S/V0347/18S/15_no_primers/11240_LR_323_S2_S326_R2_cuta_noprim.fastq.gz,18S,run1
11240_LR_323_S3_S327,/hdd0/laucoo/fastq/18S/V0347/18S/15_no_primers/11240_LR_323_S3_S327_R1_cuta_noprim.fastq.gz,/hdd0/laucoo/fastq/18S/V0347/18S/15_no_primers/11240_LR_323_S3_S327_R2_cuta_noprim.fastq.gz,18S,run1
11240_LR_323_S4_S328,/hdd0/laucoo/fastq/18S/V0347/18S/15_no_primers/11240_LR_323_S4_S328_R1_cuta_noprim.fastq.gz,/hdd0/laucoo/fastq/18S/V0347/18S/15_no_primers/11240_LR_323_S4_S328_R2_cuta_noprim.fastq.gz,18S,run1
11240_LR_323_S5_S329,/hdd0/laucoo/fastq/18S/V0347/18S/15_no_primers/11240_LR_323_S5_S329_R1_cuta_noprim.fastq.gz,/hdd0/laucoo/fastq/18S/V0347/18S/15_no_primers/11240_LR_323_S5_S329_R2_cuta_noprim.fastq.gz,18S,run1
11240_LR_323_S6_S330,/hdd0/laucoo/fastq/18S/V0347/18S/15_no_primers/11240_LR_323_S6_S330_R1_cuta_noprim.fastq.gz,/hdd0/laucoo/fastq/18S/V0347/18S/15_no_primers/11240_LR_323_S6_S330_R2_cuta_noprim.fastq.gz,18S,run1
11240_LR_323_S7_S331,/hdd0/laucoo/fastq/18S/V0347/18S/15_no_primers/11240_LR_323_S7_S331_R1_cuta_noprim.fastq.gz,/hdd0/laucoo/fastq/18S/V0347/18S/15_no_primers/11240_LR_323_S7_S331_R2_cuta_noprim.fastq.gz,18S,run1
11240_LR_323_S8_S332,/hdd0/laucoo/fastq/18S/V0347/18S/15_no_primers/11240_LR_323_S8_S332_R1_cuta_noprim.fastq.gz,/hdd0/laucoo/fastq/18S/V0347/18S/15_no_primers/11240_LR_323_S8_S332_R2_cuta_noprim.fastq.gz,18S,run1
11240_LR_323_S9_S333,/hdd0/laucoo/fastq/18S/V0347/18S/15_no_primers/11240_LR_323_S9_S333_R1_cuta_noprim.fastq.gz,/hdd0/laucoo/fastq/18S/V0347/18S/15_no_primers/11240_LR_323_S9_S333_R2_cuta_noprim.fastq.gz,18S,run1
11240_LR_323_W1_S334,/hdd0/laucoo/fastq/18S/V0347/18S/15_no_primers/11240_LR_323_W1_S334_R1_cuta_noprim.fastq.gz,/hdd0/laucoo/fastq/18S/V0347/18S/15_no_primers/11240_LR_323_W1_S334_R2_cuta_noprim.fastq.gz,18S,run1
11240_LR_323_W3_S335,/hdd0/laucoo/fastq/18S/V0347/18S/15_no_primers/11240_LR_323_W3_S335_R1_cuta_noprim.fastq.gz,/hdd0/laucoo/fastq/18S/V0347/18S/15_no_primers/11240_LR_323_W3_S335_R2_cuta_noprim.fastq.gz,18S,run1
11240_LR_621_S10_S337,/hdd0/laucoo/fastq/18S/V0347/18S/15_no_primers/11240_LR_621_S10_S337_R1_cuta_noprim.fastq.gz,/hdd0/laucoo/fastq/18S/V0347/18S/15_no_primers/11240_LR_621_S10_S337_R2_cuta_noprim.fastq.gz,18S,run1
11240_LR_621_S11_S338,/hdd0/laucoo/fastq/18S/V0347/18S/15_no_primers/11240_LR_621_S11_S338_R1_cuta_noprim.fastq.gz,/hdd0/laucoo/fastq/18S/V0347/18S/15_no_primers/11240_LR_621_S11_S338_R2_cuta_noprim.fastq.gz,18S,run1
11240_LR_621_S12_S339,/hdd0/laucoo/fastq/18S/V0347/18S/15_no_primers/11240_LR_621_S12_S339_R1_cuta_noprim.fastq.gz,/hdd0/laucoo/fastq/18S/V0347/18S/15_no_primers/11240_LR_621_S12_S339_R2_cuta_noprim.fastq.gz,18S,run1
11240_LR_621_S1_S336,/hdd0/laucoo/fastq/18S/V0347/18S/15_no_primers/11240_LR_621_S1_S336_R1_cuta_noprim.fastq.gz,/hdd0/laucoo/fastq/18S/V0347/18S/15_no_primers/11240_LR_621_S1_S336_R2_cuta_noprim.fastq.gz,18S,run1
11240_LR_621_S2_S340,/hdd0/laucoo/fastq/18S/V0347/18S/15_no_primers/11240_LR_621_S2_S340_R1_cuta_noprim.fastq.gz,/hdd0/laucoo/fastq/18S/V0347/18S/15_no_primers/11240_LR_621_S2_S340_R2_cuta_noprim.fastq.gz,18S,run1
11240_LR_621_S3_S341,/hdd0/laucoo/fastq/18S/V0347/18S/15_no_primers/11240_LR_621_S3_S341_R1_cuta_noprim.fastq.gz,/hdd0/laucoo/fastq/18S/V0347/18S/15_no_primers/11240_LR_621_S3_S341_R2_cuta_noprim.fastq.gz,18S,run1
11240_LR_621_S4_S342,/hdd0/laucoo/fastq/18S/V0347/18S/15_no_primers/11240_LR_621_S4_S342_R1_cuta_noprim.fastq.gz,/hdd0/laucoo/fastq/18S/V0347/18S/15_no_primers/11240_LR_621_S4_S342_R2_cuta_noprim.fastq.gz,18S,run1
11240_LR_621_S5_S343,/hdd0/laucoo/fastq/18S/V0347/18S/15_no_primers/11240_LR_621_S5_S343_R1_cuta_noprim.fastq.gz,/hdd0/laucoo/fastq/18S/V0347/18S/15_no_primers/11240_LR_621_S5_S343_R2_cuta_noprim.fastq.gz,18S,run1
11240_LR_621_S6_S344,/hdd0/laucoo/fastq/18S/V0347/18S/15_no_primers/11240_LR_621_S6_S344_R1_cuta_noprim.fastq.gz,/hdd0/laucoo/fastq/18S/V0347/18S/15_no_primers/11240_LR_621_S6_S344_R2_cuta_noprim.fastq.gz,18S,run1
11240_LR_621_S7_S345,/hdd0/laucoo/fastq/18S/V0347/18S/15_no_primers/11240_LR_621_S7_S345_R1_cuta_noprim.fastq.gz,/hdd0/laucoo/fastq/18S/V0347/18S/15_no_primers/11240_LR_621_S7_S345_R2_cuta_noprim.fastq.gz,18S,run1
11240_LR_621_S8_S346,/hdd0/laucoo/fastq/18S/V0347/18S/15_no_primers/11240_LR_621_S8_S346_R1_cuta_noprim.fastq.gz,/hdd0/laucoo/fastq/18S/V0347/18S/15_no_primers/11240_LR_621_S8_S346_R2_cuta_noprim.fastq.gz,18S,run1
11240_LR_621_S9_S347,/hdd0/laucoo/fastq/18S/V0347/18S/15_no_primers/11240_LR_621_S9_S347_R1_cuta_noprim.fastq.gz,/hdd0/laucoo/fastq/18S/V0347/18S/15_no_primers/11240_LR_621_S9_S347_R2_cuta_noprim.fastq.gz,18S,run1
11240_LR_721_W1_S348,/hdd0/laucoo/fastq/18S/V0347/18S/15_no_primers/11240_LR_721_W1_S348_R1_cuta_noprim.fastq.gz,/hdd0/laucoo/fastq/18S/V0347/18S/15_no_primers/11240_LR_721_W1_S348_R2_cuta_noprim.fastq.gz,18S,run1
11240_LR_721_W2_S349,/hdd0/laucoo/fastq/18S/V0347/18S/15_no_primers/11240_LR_721_W2_S349_R1_cuta_noprim.fastq.gz,/hdd0/laucoo/fastq/18S/V0347/18S/15_no_primers/11240_LR_721_W2_S349_R2_cuta_noprim.fastq.gz,18S,run1
11240_LR_721_W3_S350,/hdd0/laucoo/fastq/18S/V0347/18S/15_no_primers/11240_LR_721_W3_S350_R1_cuta_noprim.fastq.gz,/hdd0/laucoo/fastq/18S/V0347/18S/15_no_primers/11240_LR_721_W3_S350_R2_cuta_noprim.fastq.gz,18S,run1
11240_LR_722_S10_S352,/hdd0/laucoo/fastq/18S/V0347/18S/15_no_primers/11240_LR_722_S10_S352_R1_cuta_noprim.fastq.gz,/hdd0/laucoo/fastq/18S/V0347/18S/15_no_primers/11240_LR_722_S10_S352_R2_cuta_noprim.fastq.gz,18S,run1
11240_LR_722_S11_S353,/hdd0/laucoo/fastq/18S/V0347/18S/15_no_primers/11240_LR_722_S11_S353_R1_cuta_noprim.fastq.gz,/hdd0/laucoo/fastq/18S/V0347/18S/15_no_primers/11240_LR_722_S11_S353_R2_cuta_noprim.fastq.gz,18S,run1
11240_LR_722_S12_S354,/hdd0/laucoo/fastq/18S/V0347/18S/15_no_primers/11240_LR_722_S12_S354_R1_cuta_noprim.fastq.gz,/hdd0/laucoo/fastq/18S/V0347/18S/15_no_primers/11240_LR_722_S12_S354_R2_cuta_noprim.fastq.gz,18S,run1
11240_LR_722_S1_S351,/hdd0/laucoo/fastq/18S/V0347/18S/15_no_primers/11240_LR_722_S1_S351_R1_cuta_noprim.fastq.gz,/hdd0/laucoo/fastq/18S/V0347/18S/15_no_primers/11240_LR_722_S1_S351_R2_cuta_noprim.fastq.gz,18S,run1
11240_LR_722_S2_S355,/hdd0/laucoo/fastq/18S/V0347/18S/15_no_primers/11240_LR_722_S2_S355_R1_cuta_noprim.fastq.gz,/hdd0/laucoo/fastq/18S/V0347/18S/15_no_primers/11240_LR_722_S2_S355_R2_cuta_noprim.fastq.gz,18S,run1
11240_LR_722_S3_S356,/hdd0/laucoo/fastq/18S/V0347/18S/15_no_primers/11240_LR_722_S3_S356_R1_cuta_noprim.fastq.gz,/hdd0/laucoo/fastq/18S/V0347/18S/15_no_primers/11240_LR_722_S3_S356_R2_cuta_noprim.fastq.gz,18S,run1
11240_LR_722_S4_S357,/hdd0/laucoo/fastq/18S/V0347/18S/15_no_primers/11240_LR_722_S4_S357_R1_cuta_noprim.fastq.gz,/hdd0/laucoo/fastq/18S/V0347/18S/15_no_primers/11240_LR_722_S4_S357_R2_cuta_noprim.fastq.gz,18S,run1
11240_LR_722_S5_S358,/hdd0/laucoo/fastq/18S/V0347/18S/15_no_primers/11240_LR_722_S5_S358_R1_cuta_noprim.fastq.gz,/hdd0/laucoo/fastq/18S/V0347/18S/15_no_primers/11240_LR_722_S5_S358_R2_cuta_noprim.fastq.gz,18S,run1
11240_LR_722_S6_S359,/hdd0/laucoo/fastq/18S/V0347/18S/15_no_primers/11240_LR_722_S6_S359_R1_cuta_noprim.fastq.gz,/hdd0/laucoo/fastq/18S/V0347/18S/15_no_primers/11240_LR_722_S6_S359_R2_cuta_noprim.fastq.gz,18S,run1
11240_LR_722_S7_S360,/hdd0/laucoo/fastq/18S/V0347/18S/15_no_primers/11240_LR_722_S7_S360_R1_cuta_noprim.fastq.gz,/hdd0/laucoo/fastq/18S/V0347/18S/15_no_primers/11240_LR_722_S7_S360_R2_cuta_noprim.fastq.gz,18S,run1
11240_LR_722_S8_S361,/hdd0/laucoo/fastq/18S/V0347/18S/15_no_primers/11240_LR_722_S8_S361_R1_cuta_noprim.fastq.gz,/hdd0/laucoo/fastq/18S/V0347/18S/15_no_primers/11240_LR_722_S8_S361_R2_cuta_noprim.fastq.gz,18S,run1
11240_LR_722_S9_S362,/hdd0/laucoo/fastq/18S/V0347/18S/15_no_primers/11240_LR_722_S9_S362_R1_cuta_noprim.fastq.gz,/hdd0/laucoo/fastq/18S/V0347/18S/15_no_primers/11240_LR_722_S9_S362_R2_cuta_noprim.fastq.gz,18S,run1
11240_LR_722_W1_S363,/hdd0/laucoo/fastq/18S/V0347/18S/15_no_primers/11240_LR_722_W1_S363_R1_cuta_noprim.fastq.gz,/hdd0/laucoo/fastq/18S/V0347/18S/15_no_primers/11240_LR_722_W1_S363_R2_cuta_noprim.fastq.gz,18S,run1
11240_LR_722_W2_S364,/hdd0/laucoo/fastq/18S/V0347/18S/15_no_primers/11240_LR_722_W2_S364_R1_cuta_noprim.fastq.gz,/hdd0/laucoo/fastq/18S/V0347/18S/15_no_primers/11240_LR_722_W2_S364_R2_cuta_noprim.fastq.gz,18S,run1
11240_LR_722_W3_S365,/hdd0/laucoo/fastq/18S/V0347/18S/15_no_primers/11240_LR_722_W3_S365_R1_cuta_noprim.fastq.gz,/hdd0/laucoo/fastq/18S/V0347/18S/15_no_primers/11240_LR_722_W3_S365_R2_cuta_noprim.fastq.gz,18S,run1
11240_NTC_2021_F1_S366,/hdd0/laucoo/fastq/18S/V0347/18S/15_no_primers/11240_NTC_2021_F1_S366_R1_cuta_noprim.fastq.gz,/hdd0/laucoo/fastq/18S/V0347/18S/15_no_primers/11240_NTC_2021_F1_S366_R2_cuta_noprim.fastq.gz,18S,run1
11240_NTC_2021_G1_S367,/hdd0/laucoo/fastq/18S/V0347/18S/15_no_primers/11240_NTC_2021_G1_S367_R1_cuta_noprim.fastq.gz,/hdd0/laucoo/fastq/18S/V0347/18S/15_no_primers/11240_NTC_2021_G1_S367_R2_cuta_noprim.fastq.gz,18S,run1
11240_Negative_p1_S368,/hdd0/laucoo/fastq/18S/V0347/18S/15_no_primers/11240_Negative_p1_S368_R1_cuta_noprim.fastq.gz,/hdd0/laucoo/fastq/18S/V0347/18S/15_no_primers/11240_Negative_p1_S368_R2_cuta_noprim.fastq.gz,18S,run1
11240_Negative_p2_S369,/hdd0/laucoo/fastq/18S/V0347/18S/15_no_primers/11240_Negative_p2_S369_R1_cuta_noprim.fastq.gz,/hdd0/laucoo/fastq/18S/V0347/18S/15_no_primers/11240_Negative_p2_S369_R2_cuta_noprim.fastq.gz,18S,run1
11240_Negative_p3_S370,/hdd0/laucoo/fastq/18S/V0347/18S/15_no_primers/11240_Negative_p3_S370_R1_cuta_noprim.fastq.gz,/hdd0/laucoo/fastq/18S/V0347/18S/15_no_primers/11240_Negative_p3_S370_R2_cuta_noprim.fastq.gz,18S,run1
11240_Positive_p1_S371,/hdd0/laucoo/fastq/18S/V0347/18S/15_no_primers/11240_Positive_p1_S371_R1_cuta_noprim.fastq.gz,/hdd0/laucoo/fastq/18S/V0347/18S/15_no_primers/11240_Positive_p1_S371_R2_cuta_noprim.fastq.gz,18S,run1
11240_Positive_p2_S372,/hdd0/laucoo/fastq/18S/V0347/18S/15_no_primers/11240_Positive_p2_S372_R1_cuta_noprim.fastq.gz,/hdd0/laucoo/fastq/18S/V0347/18S/15_no_primers/11240_Positive_p2_S372_R2_cuta_noprim.fastq.gz,18S,run1
11240_Positive_p3_S373,/hdd0/laucoo/fastq/18S/V0347/18S/15_no_primers/11240_Positive_p3_S373_R1_cuta_noprim.fastq.gz,/hdd0/laucoo/fastq/18S/V0347/18S/15_no_primers/11240_Positive_p3_S373_R2_cuta_noprim.fastq.gz,18S,run1
11240_non_autoclaved_filter_S374,/hdd0/laucoo/fastq/18S/V0347/18S/15_no_primers/11240_non_autoclaved_filter_S374_R1_cuta_noprim.fastq.gz,/hdd0/laucoo/fastq/18S/V0347/18S/15_no_primers/11240_non_autoclaved_filter_S374_R2_cuta_noprim.fastq.gz,18S,run1
11240_0323hrs_eb_12_5_23_S130,/hdd0/laucoo/fastq/V0347/16S/15_no_primers/11240_0323hrs_eb_12_5_23_S130_R1_cuta_noprim.fastq.gz,/hdd0/laucoo/fastq/V0347/16S/15_no_primers/11240_0323hrs_eb_12_5_23_S130_R2_cuta_noprim.fastq.gz,16S,run1
11240_16_11_23_eb_S131,/hdd0/laucoo/fastq/V0347/16S/15_no_primers/11240_16_11_23_eb_S131_R1_cuta_noprim.fastq.gz,/hdd0/laucoo/fastq/V0347/16S/15_no_primers/11240_16_11_23_eb_S131_R2_cuta_noprim.fastq.gz,16S,run1
11240_18_5_23_eb_S132,/hdd0/laucoo/fastq/V0347/16S/15_no_primers/11240_18_5_23_eb_S132_R1_cuta_noprim.fastq.gz,/hdd0/laucoo/fastq/V0347/16S/15_no_primers/11240_18_5_23_eb_S132_R2_cuta_noprim.fastq.gz,16S,run1
11240_3_5_23_eb_0323HC_EB_S133,/hdd0/laucoo/fastq/V0347/16S/15_no_primers/11240_3_5_23_eb_0323HC_EB_S133_R1_cuta_noprim.fastq.gz,/hdd0/laucoo/fastq/V0347/16S/15_no_primers/11240_3_5_23_eb_0323HC_EB_S133_R2_cuta_noprim.fastq.gz,16S,run1
11240_EB1_18_12_23_0088_S134,/hdd0/laucoo/fastq/V0347/16S/15_no_primers/11240_EB1_18_12_23_0088_S134_R1_cuta_noprim.fastq.gz,/hdd0/laucoo/fastq/V0347/16S/15_no_primers/11240_EB1_18_12_23_0088_S134_R2_cuta_noprim.fastq.gz,16S,run1
11240_EB1_18_12_23_0089_S135,/hdd0/laucoo/fastq/V0347/16S/15_no_primers/11240_EB1_18_12_23_0089_S135_R1_cuta_noprim.fastq.gz,/hdd0/laucoo/fastq/V0347/16S/15_no_primers/11240_EB1_18_12_23_0089_S135_R2_cuta_noprim.fastq.gz,16S,run1
11240_HC_1123_W1_S136,/hdd0/laucoo/fastq/V0347/16S/15_no_primers/11240_HC_1123_W1_S136_R1_cuta_noprim.fastq.gz,/hdd0/laucoo/fastq/V0347/16S/15_no_primers/11240_HC_1123_W1_S136_R2_cuta_noprim.fastq.gz,16S,run1
11240_HC_1123_W2_S137,/hdd0/laucoo/fastq/V0347/16S/15_no_primers/11240_HC_1123_W2_S137_R1_cuta_noprim.fastq.gz,/hdd0/laucoo/fastq/V0347/16S/15_no_primers/11240_HC_1123_W2_S137_R2_cuta_noprim.fastq.gz,16S,run1
11240_HC_1123_W3_S138,/hdd0/laucoo/fastq/V0347/16S/15_no_primers/11240_HC_1123_W3_S138_R1_cuta_noprim.fastq.gz,/hdd0/laucoo/fastq/V0347/16S/15_no_primers/11240_HC_1123_W3_S138_R2_cuta_noprim.fastq.gz,16S,run1
11240_HC_323_S10_S140,/hdd0/laucoo/fastq/V0347/16S/15_no_primers/11240_HC_323_S10_S140_R1_cuta_noprim.fastq.gz,/hdd0/laucoo/fastq/V0347/16S/15_no_primers/11240_HC_323_S10_S140_R2_cuta_noprim.fastq.gz,16S,run1
11240_HC_323_S11_S141,/hdd0/laucoo/fastq/V0347/16S/15_no_primers/11240_HC_323_S11_S141_R1_cuta_noprim.fastq.gz,/hdd0/laucoo/fastq/V0347/16S/15_no_primers/11240_HC_323_S11_S141_R2_cuta_noprim.fastq.gz,16S,run1
11240_HC_323_S12_S142,/hdd0/laucoo/fastq/V0347/16S/15_no_primers/11240_HC_323_S12_S142_R1_cuta_noprim.fastq.gz,/hdd0/laucoo/fastq/V0347/16S/15_no_primers/11240_HC_323_S12_S142_R2_cuta_noprim.fastq.gz,16S,run1
11240_HC_323_S1_S139,/hdd0/laucoo/fastq/V0347/16S/15_no_primers/11240_HC_323_S1_S139_R1_cuta_noprim.fastq.gz,/hdd0/laucoo/fastq/V0347/16S/15_no_primers/11240_HC_323_S1_S139_R2_cuta_noprim.fastq.gz,16S,run1
11240_HC_323_S2_S143,/hdd0/laucoo/fastq/V0347/16S/15_no_primers/11240_HC_323_S2_S143_R1_cuta_noprim.fastq.gz,/hdd0/laucoo/fastq/V0347/16S/15_no_primers/11240_HC_323_S2_S143_R2_cuta_noprim.fastq.gz,16S,run1
11240_HC_323_S3_S144,/hdd0/laucoo/fastq/V0347/16S/15_no_primers/11240_HC_323_S3_S144_R1_cuta_noprim.fastq.gz,/hdd0/laucoo/fastq/V0347/16S/15_no_primers/11240_HC_323_S3_S144_R2_cuta_noprim.fastq.gz,16S,run1
11240_HC_323_S4_S145,/hdd0/laucoo/fastq/V0347/16S/15_no_primers/11240_HC_323_S4_S145_R1_cuta_noprim.fastq.gz,/hdd0/laucoo/fastq/V0347/16S/15_no_primers/11240_HC_323_S4_S145_R2_cuta_noprim.fastq.gz,16S,run1
11240_HC_323_S5_S146,/hdd0/laucoo/fastq/V0347/16S/15_no_primers/11240_HC_323_S5_S146_R1_cuta_noprim.fastq.gz,/hdd0/laucoo/fastq/V0347/16S/15_no_primers/11240_HC_323_S5_S146_R2_cuta_noprim.fastq.gz,16S,run1
11240_HC_323_S6_S147,/hdd0/laucoo/fastq/V0347/16S/15_no_primers/11240_HC_323_S6_S147_R1_cuta_noprim.fastq.gz,/hdd0/laucoo/fastq/V0347/16S/15_no_primers/11240_HC_323_S6_S147_R2_cuta_noprim.fastq.gz,16S,run1
11240_HC_323_S7_S148,/hdd0/laucoo/fastq/V0347/16S/15_no_primers/11240_HC_323_S7_S148_R1_cuta_noprim.fastq.gz,/hdd0/laucoo/fastq/V0347/16S/15_no_primers/11240_HC_323_S7_S148_R2_cuta_noprim.fastq.gz,16S,run1
11240_HC_323_S8_S149,/hdd0/laucoo/fastq/V0347/16S/15_no_primers/11240_HC_323_S8_S149_R1_cuta_noprim.fastq.gz,/hdd0/laucoo/fastq/V0347/16S/15_no_primers/11240_HC_323_S8_S149_R2_cuta_noprim.fastq.gz,16S,run1
11240_HC_323_S9_S150,/hdd0/laucoo/fastq/V0347/16S/15_no_primers/11240_HC_323_S9_S150_R1_cuta_noprim.fastq.gz,/hdd0/laucoo/fastq/V0347/16S/15_no_primers/11240_HC_323_S9_S150_R2_cuta_noprim.fastq.gz,16S,run1
11240_HC_323_W1_S151,/hdd0/laucoo/fastq/V0347/16S/15_no_primers/11240_HC_323_W1_S151_R1_cuta_noprim.fastq.gz,/hdd0/laucoo/fastq/V0347/16S/15_no_primers/11240_HC_323_W1_S151_R2_cuta_noprim.fastq.gz,16S,run1
11240_HC_323_W2_S152,/hdd0/laucoo/fastq/V0347/16S/15_no_primers/11240_HC_323_W2_S152_R1_cuta_noprim.fastq.gz,/hdd0/laucoo/fastq/V0347/16S/15_no_primers/11240_HC_323_W2_S152_R2_cuta_noprim.fastq.gz,16S,run1
11240_HC_323_W3_S153,/hdd0/laucoo/fastq/V0347/16S/15_no_primers/11240_HC_323_W3_S153_R1_cuta_noprim.fastq.gz,/hdd0/laucoo/fastq/V0347/16S/15_no_primers/11240_HC_323_W3_S153_R2_cuta_noprim.fastq.gz,16S,run1
11240_HC_621_S10_S155,/hdd0/laucoo/fastq/V0347/16S/15_no_primers/11240_HC_621_S10_S155_R1_cuta_noprim.fastq.gz,/hdd0/laucoo/fastq/V0347/16S/15_no_primers/11240_HC_621_S10_S155_R2_cuta_noprim.fastq.gz,16S,run1
11240_HC_621_S11_S156,/hdd0/laucoo/fastq/V0347/16S/15_no_primers/11240_HC_621_S11_S156_R1_cuta_noprim.fastq.gz,/hdd0/laucoo/fastq/V0347/16S/15_no_primers/11240_HC_621_S11_S156_R2_cuta_noprim.fastq.gz,16S,run1
11240_HC_621_S12_S157,/hdd0/laucoo/fastq/V0347/16S/15_no_primers/11240_HC_621_S12_S157_R1_cuta_noprim.fastq.gz,/hdd0/laucoo/fastq/V0347/16S/15_no_primers/11240_HC_621_S12_S157_R2_cuta_noprim.fastq.gz,16S,run1
11240_HC_621_S1_S154,/hdd0/laucoo/fastq/V0347/16S/15_no_primers/11240_HC_621_S1_S154_R1_cuta_noprim.fastq.gz,/hdd0/laucoo/fastq/V0347/16S/15_no_primers/11240_HC_621_S1_S154_R2_cuta_noprim.fastq.gz,16S,run1
11240_HC_621_S2_S158,/hdd0/laucoo/fastq/V0347/16S/15_no_primers/11240_HC_621_S2_S158_R1_cuta_noprim.fastq.gz,/hdd0/laucoo/fastq/V0347/16S/15_no_primers/11240_HC_621_S2_S158_R2_cuta_noprim.fastq.gz,16S,run1
11240_HC_621_S3_S159,/hdd0/laucoo/fastq/V0347/16S/15_no_primers/11240_HC_621_S3_S159_R1_cuta_noprim.fastq.gz,/hdd0/laucoo/fastq/V0347/16S/15_no_primers/11240_HC_621_S3_S159_R2_cuta_noprim.fastq.gz,16S,run1
11240_HC_621_S4_S160,/hdd0/laucoo/fastq/V0347/16S/15_no_primers/11240_HC_621_S4_S160_R1_cuta_noprim.fastq.gz,/hdd0/laucoo/fastq/V0347/16S/15_no_primers/11240_HC_621_S4_S160_R2_cuta_noprim.fastq.gz,16S,run1
11240_HC_621_S5_S161,/hdd0/laucoo/fastq/V0347/16S/15_no_primers/11240_HC_621_S5_S161_R1_cuta_noprim.fastq.gz,/hdd0/laucoo/fastq/V0347/16S/15_no_primers/11240_HC_621_S5_S161_R2_cuta_noprim.fastq.gz,16S,run1
11240_HC_621_S6_S162,/hdd0/laucoo/fastq/V0347/16S/15_no_primers/11240_HC_621_S6_S162_R1_cuta_noprim.fastq.gz,/hdd0/laucoo/fastq/V0347/16S/15_no_primers/11240_HC_621_S6_S162_R2_cuta_noprim.fastq.gz,16S,run1
11240_HC_621_S7_S163,/hdd0/laucoo/fastq/V0347/16S/15_no_primers/11240_HC_621_S7_S163_R1_cuta_noprim.fastq.gz,/hdd0/laucoo/fastq/V0347/16S/15_no_primers/11240_HC_621_S7_S163_R2_cuta_noprim.fastq.gz,16S,run1
11240_HC_621_S8_S164,/hdd0/laucoo/fastq/V0347/16S/15_no_primers/11240_HC_621_S8_S164_R1_cuta_noprim.fastq.gz,/hdd0/laucoo/fastq/V0347/16S/15_no_primers/11240_HC_621_S8_S164_R2_cuta_noprim.fastq.gz,16S,run1
11240_HC_621_S9_S165,/hdd0/laucoo/fastq/V0347/16S/15_no_primers/11240_HC_621_S9_S165_R1_cuta_noprim.fastq.gz,/hdd0/laucoo/fastq/V0347/16S/15_no_primers/11240_HC_621_S9_S165_R2_cuta_noprim.fastq.gz,16S,run1
11240_HC_721_W1_S166,/hdd0/laucoo/fastq/V0347/16S/15_no_primers/11240_HC_721_W1_S166_R1_cuta_noprim.fastq.gz,/hdd0/laucoo/fastq/V0347/16S/15_no_primers/11240_HC_721_W1_S166_R2_cuta_noprim.fastq.gz,16S,run1
11240_HC_721_W2_S167,/hdd0/laucoo/fastq/V0347/16S/15_no_primers/11240_HC_721_W2_S167_R1_cuta_noprim.fastq.gz,/hdd0/laucoo/fastq/V0347/16S/15_no_primers/11240_HC_721_W2_S167_R2_cuta_noprim.fastq.gz,16S,run1
11240_HC_721_W3_S168,/hdd0/laucoo/fastq/V0347/16S/15_no_primers/11240_HC_721_W3_S168_R1_cuta_noprim.fastq.gz,/hdd0/laucoo/fastq/V0347/16S/15_no_primers/11240_HC_721_W3_S168_R2_cuta_noprim.fastq.gz,16S,run1
11240_HC_722_S10_S170,/hdd0/laucoo/fastq/V0347/16S/15_no_primers/11240_HC_722_S10_S170_R1_cuta_noprim.fastq.gz,/hdd0/laucoo/fastq/V0347/16S/15_no_primers/11240_HC_722_S10_S170_R2_cuta_noprim.fastq.gz,16S,run1
11240_HC_722_S11_S171,/hdd0/laucoo/fastq/V0347/16S/15_no_primers/11240_HC_722_S11_S171_R1_cuta_noprim.fastq.gz,/hdd0/laucoo/fastq/V0347/16S/15_no_primers/11240_HC_722_S11_S171_R2_cuta_noprim.fastq.gz,16S,run1
11240_HC_722_S12_S172,/hdd0/laucoo/fastq/V0347/16S/15_no_primers/11240_HC_722_S12_S172_R1_cuta_noprim.fastq.gz,/hdd0/laucoo/fastq/V0347/16S/15_no_primers/11240_HC_722_S12_S172_R2_cuta_noprim.fastq.gz,16S,run1
11240_HC_722_S1_S169,/hdd0/laucoo/fastq/V0347/16S/15_no_primers/11240_HC_722_S1_S169_R1_cuta_noprim.fastq.gz,/hdd0/laucoo/fastq/V0347/16S/15_no_primers/11240_HC_722_S1_S169_R2_cuta_noprim.fastq.gz,16S,run1
11240_HC_722_S2_S173,/hdd0/laucoo/fastq/V0347/16S/15_no_primers/11240_HC_722_S2_S173_R1_cuta_noprim.fastq.gz,/hdd0/laucoo/fastq/V0347/16S/15_no_primers/11240_HC_722_S2_S173_R2_cuta_noprim.fastq.gz,16S,run1
11240_HC_722_S3_S174,/hdd0/laucoo/fastq/V0347/16S/15_no_primers/11240_HC_722_S3_S174_R1_cuta_noprim.fastq.gz,/hdd0/laucoo/fastq/V0347/16S/15_no_primers/11240_HC_722_S3_S174_R2_cuta_noprim.fastq.gz,16S,run1
11240_HC_722_S4_S175,/hdd0/laucoo/fastq/V0347/16S/15_no_primers/11240_HC_722_S4_S175_R1_cuta_noprim.fastq.gz,/hdd0/laucoo/fastq/V0347/16S/15_no_primers/11240_HC_722_S4_S175_R2_cuta_noprim.fastq.gz,16S,run1
11240_HC_722_S5_S176,/hdd0/laucoo/fastq/V0347/16S/15_no_primers/11240_HC_722_S5_S176_R1_cuta_noprim.fastq.gz,/hdd0/laucoo/fastq/V0347/16S/15_no_primers/11240_HC_722_S5_S176_R2_cuta_noprim.fastq.gz,16S,run1
11240_HC_722_S6_S177,/hdd0/laucoo/fastq/V0347/16S/15_no_primers/11240_HC_722_S6_S177_R1_cuta_noprim.fastq.gz,/hdd0/laucoo/fastq/V0347/16S/15_no_primers/11240_HC_722_S6_S177_R2_cuta_noprim.fastq.gz,16S,run1
11240_HC_722_S7_S178,/hdd0/laucoo/fastq/V0347/16S/15_no_primers/11240_HC_722_S7_S178_R1_cuta_noprim.fastq.gz,/hdd0/laucoo/fastq/V0347/16S/15_no_primers/11240_HC_722_S7_S178_R2_cuta_noprim.fastq.gz,16S,run1
11240_HC_722_S8_S179,/hdd0/laucoo/fastq/V0347/16S/15_no_primers/11240_HC_722_S8_S179_R1_cuta_noprim.fastq.gz,/hdd0/laucoo/fastq/V0347/16S/15_no_primers/11240_HC_722_S8_S179_R2_cuta_noprim.fastq.gz,16S,run1
11240_HC_722_S9_S180,/hdd0/laucoo/fastq/V0347/16S/15_no_primers/11240_HC_722_S9_S180_R1_cuta_noprim.fastq.gz,/hdd0/laucoo/fastq/V0347/16S/15_no_primers/11240_HC_722_S9_S180_R2_cuta_noprim.fastq.gz,16S,run1
11240_HC_722_W1_S181,/hdd0/laucoo/fastq/V0347/16S/15_no_primers/11240_HC_722_W1_S181_R1_cuta_noprim.fastq.gz,/hdd0/laucoo/fastq/V0347/16S/15_no_primers/11240_HC_722_W1_S181_R2_cuta_noprim.fastq.gz,16S,run1
11240_HC_722_W2_S182,/hdd0/laucoo/fastq/V0347/16S/15_no_primers/11240_HC_722_W2_S182_R1_cuta_noprim.fastq.gz,/hdd0/laucoo/fastq/V0347/16S/15_no_primers/11240_HC_722_W2_S182_R2_cuta_noprim.fastq.gz,16S,run1
11240_HC_722_W3_S183,/hdd0/laucoo/fastq/V0347/16S/15_no_primers/11240_HC_722_W3_S183_R1_cuta_noprim.fastq.gz,/hdd0/laucoo/fastq/V0347/16S/15_no_primers/11240_HC_722_W3_S183_R2_cuta_noprim.fastq.gz,16S,run1
11240_HH_1123_W1_S184,/hdd0/laucoo/fastq/V0347/16S/15_no_primers/11240_HH_1123_W1_S184_R1_cuta_noprim.fastq.gz,/hdd0/laucoo/fastq/V0347/16S/15_no_primers/11240_HH_1123_W1_S184_R2_cuta_noprim.fastq.gz,16S,run1
11240_HH_1123_W2_S185,/hdd0/laucoo/fastq/V0347/16S/15_no_primers/11240_HH_1123_W2_S185_R1_cuta_noprim.fastq.gz,/hdd0/laucoo/fastq/V0347/16S/15_no_primers/11240_HH_1123_W2_S185_R2_cuta_noprim.fastq.gz,16S,run1
11240_HH_1123_W3_S186,/hdd0/laucoo/fastq/V0347/16S/15_no_primers/11240_HH_1123_W3_S186_R1_cuta_noprim.fastq.gz,/hdd0/laucoo/fastq/V0347/16S/15_no_primers/11240_HH_1123_W3_S186_R2_cuta_noprim.fastq.gz,16S,run1
11240_HH_323_W1_S187,/hdd0/laucoo/fastq/V0347/16S/15_no_primers/11240_HH_323_W1_S187_R1_cuta_noprim.fastq.gz,/hdd0/laucoo/fastq/V0347/16S/15_no_primers/11240_HH_323_W1_S187_R2_cuta_noprim.fastq.gz,16S,run1
11240_HH_323_W2_S188,/hdd0/laucoo/fastq/V0347/16S/15_no_primers/11240_HH_323_W2_S188_R1_cuta_noprim.fastq.gz,/hdd0/laucoo/fastq/V0347/16S/15_no_primers/11240_HH_323_W2_S188_R2_cuta_noprim.fastq.gz,16S,run1
11240_HH_323_W3_S189,/hdd0/laucoo/fastq/V0347/16S/15_no_primers/11240_HH_323_W3_S189_R1_cuta_noprim.fastq.gz,/hdd0/laucoo/fastq/V0347/16S/15_no_primers/11240_HH_323_W3_S189_R2_cuta_noprim.fastq.gz,16S,run1
11240_HH_722_S10_S191,/hdd0/laucoo/fastq/V0347/16S/15_no_primers/11240_HH_722_S10_S191_R1_cuta_noprim.fastq.gz,/hdd0/laucoo/fastq/V0347/16S/15_no_primers/11240_HH_722_S10_S191_R2_cuta_noprim.fastq.gz,16S,run1
11240_HH_722_S11_S192,/hdd0/laucoo/fastq/V0347/16S/15_no_primers/11240_HH_722_S11_S192_R1_cuta_noprim.fastq.gz,/hdd0/laucoo/fastq/V0347/16S/15_no_primers/11240_HH_722_S11_S192_R2_cuta_noprim.fastq.gz,16S,run1
11240_HH_722_S12_S193,/hdd0/laucoo/fastq/V0347/16S/15_no_primers/11240_HH_722_S12_S193_R1_cuta_noprim.fastq.gz,/hdd0/laucoo/fastq/V0347/16S/15_no_primers/11240_HH_722_S12_S193_R2_cuta_noprim.fastq.gz,16S,run1
11240_HH_722_S1_S190,/hdd0/laucoo/fastq/V0347/16S/15_no_primers/11240_HH_722_S1_S190_R1_cuta_noprim.fastq.gz,/hdd0/laucoo/fastq/V0347/16S/15_no_primers/11240_HH_722_S1_S190_R2_cuta_noprim.fastq.gz,16S,run1
11240_HH_722_S2_S194,/hdd0/laucoo/fastq/V0347/16S/15_no_primers/11240_HH_722_S2_S194_R1_cuta_noprim.fastq.gz,/hdd0/laucoo/fastq/V0347/16S/15_no_primers/11240_HH_722_S2_S194_R2_cuta_noprim.fastq.gz,16S,run1
11240_HH_722_S3_S195,/hdd0/laucoo/fastq/V0347/16S/15_no_primers/11240_HH_722_S3_S195_R1_cuta_noprim.fastq.gz,/hdd0/laucoo/fastq/V0347/16S/15_no_primers/11240_HH_722_S3_S195_R2_cuta_noprim.fastq.gz,16S,run1
11240_HH_722_S4_S196,/hdd0/laucoo/fastq/V0347/16S/15_no_primers/11240_HH_722_S4_S196_R1_cuta_noprim.fastq.gz,/hdd0/laucoo/fastq/V0347/16S/15_no_primers/11240_HH_722_S4_S196_R2_cuta_noprim.fastq.gz,16S,run1
11240_HH_722_S5_S197,/hdd0/laucoo/fastq/V0347/16S/15_no_primers/11240_HH_722_S5_S197_R1_cuta_noprim.fastq.gz,/hdd0/laucoo/fastq/V0347/16S/15_no_primers/11240_HH_722_S5_S197_R2_cuta_noprim.fastq.gz,16S,run1
11240_HH_722_S6_S198,/hdd0/laucoo/fastq/V0347/16S/15_no_primers/11240_HH_722_S6_S198_R1_cuta_noprim.fastq.gz,/hdd0/laucoo/fastq/V0347/16S/15_no_primers/11240_HH_722_S6_S198_R2_cuta_noprim.fastq.gz,16S,run1
11240_HH_722_S7_S199,/hdd0/laucoo/fastq/V0347/16S/15_no_primers/11240_HH_722_S7_S199_R1_cuta_noprim.fastq.gz,/hdd0/laucoo/fastq/V0347/16S/15_no_primers/11240_HH_722_S7_S199_R2_cuta_noprim.fastq.gz,16S,run1
11240_HH_722_S8_S200,/hdd0/laucoo/fastq/V0347/16S/15_no_primers/11240_HH_722_S8_S200_R1_cuta_noprim.fastq.gz,/hdd0/laucoo/fastq/V0347/16S/15_no_primers/11240_HH_722_S8_S200_R2_cuta_noprim.fastq.gz,16S,run1
11240_HH_722_S9_S201,/hdd0/laucoo/fastq/V0347/16S/15_no_primers/11240_HH_722_S9_S201_R1_cuta_noprim.fastq.gz,/hdd0/laucoo/fastq/V0347/16S/15_no_primers/11240_HH_722_S9_S201_R2_cuta_noprim.fastq.gz,16S,run1
11240_HH_722_W1_S202,/hdd0/laucoo/fastq/V0347/16S/15_no_primers/11240_HH_722_W1_S202_R1_cuta_noprim.fastq.gz,/hdd0/laucoo/fastq/V0347/16S/15_no_primers/11240_HH_722_W1_S202_R2_cuta_noprim.fastq.gz,16S,run1
11240_HH_722_W2_S203,/hdd0/laucoo/fastq/V0347/16S/15_no_primers/11240_HH_722_W2_S203_R1_cuta_noprim.fastq.gz,/hdd0/laucoo/fastq/V0347/16S/15_no_primers/11240_HH_722_W2_S203_R2_cuta_noprim.fastq.gz,16S,run1
11240_HH_722_W3_S204,/hdd0/laucoo/fastq/V0347/16S/15_no_primers/11240_HH_722_W3_S204_R1_cuta_noprim.fastq.gz,/hdd0/laucoo/fastq/V0347/16S/15_no_primers/11240_HH_722_W3_S204_R2_cuta_noprim.fastq.gz,16S,run1
11240_HR6_21_S10_S205,/hdd0/laucoo/fastq/V0347/16S/15_no_primers/11240_HR6_21_S10_S205_R1_cuta_noprim.fastq.gz,/hdd0/laucoo/fastq/V0347/16S/15_no_primers/11240_HR6_21_S10_S205_R2_cuta_noprim.fastq.gz,16S,run1
11240_HR6_21_S11_S206,/hdd0/laucoo/fastq/V0347/16S/15_no_primers/11240_HR6_21_S11_S206_R1_cuta_noprim.fastq.gz,/hdd0/laucoo/fastq/V0347/16S/15_no_primers/11240_HR6_21_S11_S206_R2_cuta_noprim.fastq.gz,16S,run1
11240_HR6_21_S12_S207,/hdd0/laucoo/fastq/V0347/16S/15_no_primers/11240_HR6_21_S12_S207_R1_cuta_noprim.fastq.gz,/hdd0/laucoo/fastq/V0347/16S/15_no_primers/11240_HR6_21_S12_S207_R2_cuta_noprim.fastq.gz,16S,run1
11240_HR6_21_S9_S208,/hdd0/laucoo/fastq/V0347/16S/15_no_primers/11240_HR6_21_S9_S208_R1_cuta_noprim.fastq.gz,/hdd0/laucoo/fastq/V0347/16S/15_no_primers/11240_HR6_21_S9_S208_R2_cuta_noprim.fastq.gz,16S,run1
11240_HR_1123_W1_S209,/hdd0/laucoo/fastq/V0347/16S/15_no_primers/11240_HR_1123_W1_S209_R1_cuta_noprim.fastq.gz,/hdd0/laucoo/fastq/V0347/16S/15_no_primers/11240_HR_1123_W1_S209_R2_cuta_noprim.fastq.gz,16S,run1
11240_HR_1123_W2_S210,/hdd0/laucoo/fastq/V0347/16S/15_no_primers/11240_HR_1123_W2_S210_R1_cuta_noprim.fastq.gz,/hdd0/laucoo/fastq/V0347/16S/15_no_primers/11240_HR_1123_W2_S210_R2_cuta_noprim.fastq.gz,16S,run1
11240_HR_1123_W3_S211,/hdd0/laucoo/fastq/V0347/16S/15_no_primers/11240_HR_1123_W3_S211_R1_cuta_noprim.fastq.gz,/hdd0/laucoo/fastq/V0347/16S/15_no_primers/11240_HR_1123_W3_S211_R2_cuta_noprim.fastq.gz,16S,run1
11240_HR_323_S10_S213,/hdd0/laucoo/fastq/V0347/16S/15_no_primers/11240_HR_323_S10_S213_R1_cuta_noprim.fastq.gz,/hdd0/laucoo/fastq/V0347/16S/15_no_primers/11240_HR_323_S10_S213_R2_cuta_noprim.fastq.gz,16S,run1
11240_HR_323_S11_S214,/hdd0/laucoo/fastq/V0347/16S/15_no_primers/11240_HR_323_S11_S214_R1_cuta_noprim.fastq.gz,/hdd0/laucoo/fastq/V0347/16S/15_no_primers/11240_HR_323_S11_S214_R2_cuta_noprim.fastq.gz,16S,run1
11240_HR_323_S12_S215,/hdd0/laucoo/fastq/V0347/16S/15_no_primers/11240_HR_323_S12_S215_R1_cuta_noprim.fastq.gz,/hdd0/laucoo/fastq/V0347/16S/15_no_primers/11240_HR_323_S12_S215_R2_cuta_noprim.fastq.gz,16S,run1
11240_HR_323_S1_S212,/hdd0/laucoo/fastq/V0347/16S/15_no_primers/11240_HR_323_S1_S212_R1_cuta_noprim.fastq.gz,/hdd0/laucoo/fastq/V0347/16S/15_no_primers/11240_HR_323_S1_S212_R2_cuta_noprim.fastq.gz,16S,run1
11240_HR_323_S2_S216,/hdd0/laucoo/fastq/V0347/16S/15_no_primers/11240_HR_323_S2_S216_R1_cuta_noprim.fastq.gz,/hdd0/laucoo/fastq/V0347/16S/15_no_primers/11240_HR_323_S2_S216_R2_cuta_noprim.fastq.gz,16S,run1
11240_HR_323_S3_S217,/hdd0/laucoo/fastq/V0347/16S/15_no_primers/11240_HR_323_S3_S217_R1_cuta_noprim.fastq.gz,/hdd0/laucoo/fastq/V0347/16S/15_no_primers/11240_HR_323_S3_S217_R2_cuta_noprim.fastq.gz,16S,run1
11240_HR_323_S4_S218,/hdd0/laucoo/fastq/V0347/16S/15_no_primers/11240_HR_323_S4_S218_R1_cuta_noprim.fastq.gz,/hdd0/laucoo/fastq/V0347/16S/15_no_primers/11240_HR_323_S4_S218_R2_cuta_noprim.fastq.gz,16S,run1
11240_HR_323_S5_S219,/hdd0/laucoo/fastq/V0347/16S/15_no_primers/11240_HR_323_S5_S219_R1_cuta_noprim.fastq.gz,/hdd0/laucoo/fastq/V0347/16S/15_no_primers/11240_HR_323_S5_S219_R2_cuta_noprim.fastq.gz,16S,run1
11240_HR_323_S6_S220,/hdd0/laucoo/fastq/V0347/16S/15_no_primers/11240_HR_323_S6_S220_R1_cuta_noprim.fastq.gz,/hdd0/laucoo/fastq/V0347/16S/15_no_primers/11240_HR_323_S6_S220_R2_cuta_noprim.fastq.gz,16S,run1
11240_HR_323_S7_S221,/hdd0/laucoo/fastq/V0347/16S/15_no_primers/11240_HR_323_S7_S221_R1_cuta_noprim.fastq.gz,/hdd0/laucoo/fastq/V0347/16S/15_no_primers/11240_HR_323_S7_S221_R2_cuta_noprim.fastq.gz,16S,run1
11240_HR_323_S8_S222,/hdd0/laucoo/fastq/V0347/16S/15_no_primers/11240_HR_323_S8_S222_R1_cuta_noprim.fastq.gz,/hdd0/laucoo/fastq/V0347/16S/15_no_primers/11240_HR_323_S8_S222_R2_cuta_noprim.fastq.gz,16S,run1
11240_HR_323_S9_S223,/hdd0/laucoo/fastq/V0347/16S/15_no_primers/11240_HR_323_S9_S223_R1_cuta_noprim.fastq.gz,/hdd0/laucoo/fastq/V0347/16S/15_no_primers/11240_HR_323_S9_S223_R2_cuta_noprim.fastq.gz,16S,run1
11240_HR_323_W1_S224,/hdd0/laucoo/fastq/V0347/16S/15_no_primers/11240_HR_323_W1_S224_R1_cuta_noprim.fastq.gz,/hdd0/laucoo/fastq/V0347/16S/15_no_primers/11240_HR_323_W1_S224_R2_cuta_noprim.fastq.gz,16S,run1
11240_HR_323_W2_S225,/hdd0/laucoo/fastq/V0347/16S/15_no_primers/11240_HR_323_W2_S225_R1_cuta_noprim.fastq.gz,/hdd0/laucoo/fastq/V0347/16S/15_no_primers/11240_HR_323_W2_S225_R2_cuta_noprim.fastq.gz,16S,run1
11240_HR_323_W3_S226,/hdd0/laucoo/fastq/V0347/16S/15_no_primers/11240_HR_323_W3_S226_R1_cuta_noprim.fastq.gz,/hdd0/laucoo/fastq/V0347/16S/15_no_primers/11240_HR_323_W3_S226_R2_cuta_noprim.fastq.gz,16S,run1
11240_HR_621_S1_S227,/hdd0/laucoo/fastq/V0347/16S/15_no_primers/11240_HR_621_S1_S227_R1_cuta_noprim.fastq.gz,/hdd0/laucoo/fastq/V0347/16S/15_no_primers/11240_HR_621_S1_S227_R2_cuta_noprim.fastq.gz,16S,run1
11240_HR_621_S2_S228,/hdd0/laucoo/fastq/V0347/16S/15_no_primers/11240_HR_621_S2_S228_R1_cuta_noprim.fastq.gz,/hdd0/laucoo/fastq/V0347/16S/15_no_primers/11240_HR_621_S2_S228_R2_cuta_noprim.fastq.gz,16S,run1
11240_HR_621_S3_S229,/hdd0/laucoo/fastq/V0347/16S/15_no_primers/11240_HR_621_S3_S229_R1_cuta_noprim.fastq.gz,/hdd0/laucoo/fastq/V0347/16S/15_no_primers/11240_HR_621_S3_S229_R2_cuta_noprim.fastq.gz,16S,run1
11240_HR_621_S4_S230,/hdd0/laucoo/fastq/V0347/16S/15_no_primers/11240_HR_621_S4_S230_R1_cuta_noprim.fastq.gz,/hdd0/laucoo/fastq/V0347/16S/15_no_primers/11240_HR_621_S4_S230_R2_cuta_noprim.fastq.gz,16S,run1
11240_HR_621_S5_S231,/hdd0/laucoo/fastq/V0347/16S/15_no_primers/11240_HR_621_S5_S231_R1_cuta_noprim.fastq.gz,/hdd0/laucoo/fastq/V0347/16S/15_no_primers/11240_HR_621_S5_S231_R2_cuta_noprim.fastq.gz,16S,run1
11240_HR_621_S6_S232,/hdd0/laucoo/fastq/V0347/16S/15_no_primers/11240_HR_621_S6_S232_R1_cuta_noprim.fastq.gz,/hdd0/laucoo/fastq/V0347/16S/15_no_primers/11240_HR_621_S6_S232_R2_cuta_noprim.fastq.gz,16S,run1
11240_HR_621_S7_S233,/hdd0/laucoo/fastq/V0347/16S/15_no_primers/11240_HR_621_S7_S233_R1_cuta_noprim.fastq.gz,/hdd0/laucoo/fastq/V0347/16S/15_no_primers/11240_HR_621_S7_S233_R2_cuta_noprim.fastq.gz,16S,run1
11240_HR_621_S8_S234,/hdd0/laucoo/fastq/V0347/16S/15_no_primers/11240_HR_621_S8_S234_R1_cuta_noprim.fastq.gz,/hdd0/laucoo/fastq/V0347/16S/15_no_primers/11240_HR_621_S8_S234_R2_cuta_noprim.fastq.gz,16S,run1
11240_HR_721_W1_S235,/hdd0/laucoo/fastq/V0347/16S/15_no_primers/11240_HR_721_W1_S235_R1_cuta_noprim.fastq.gz,/hdd0/laucoo/fastq/V0347/16S/15_no_primers/11240_HR_721_W1_S235_R2_cuta_noprim.fastq.gz,16S,run1
11240_HR_721_W2_S236,/hdd0/laucoo/fastq/V0347/16S/15_no_primers/11240_HR_721_W2_S236_R1_cuta_noprim.fastq.gz,/hdd0/laucoo/fastq/V0347/16S/15_no_primers/11240_HR_721_W2_S236_R2_cuta_noprim.fastq.gz,16S,run1
11240_HR_721_W3_S237,/hdd0/laucoo/fastq/V0347/16S/15_no_primers/11240_HR_721_W3_S237_R1_cuta_noprim.fastq.gz,/hdd0/laucoo/fastq/V0347/16S/15_no_primers/11240_HR_721_W3_S237_R2_cuta_noprim.fastq.gz,16S,run1
11240_HR_722_S10_S239,/hdd0/laucoo/fastq/V0347/16S/15_no_primers/11240_HR_722_S10_S239_R1_cuta_noprim.fastq.gz,/hdd0/laucoo/fastq/V0347/16S/15_no_primers/11240_HR_722_S10_S239_R2_cuta_noprim.fastq.gz,16S,run1
11240_HR_722_S11_S240,/hdd0/laucoo/fastq/V0347/16S/15_no_primers/11240_HR_722_S11_S240_R1_cuta_noprim.fastq.gz,/hdd0/laucoo/fastq/V0347/16S/15_no_primers/11240_HR_722_S11_S240_R2_cuta_noprim.fastq.gz,16S,run1
11240_HR_722_S12_S241,/hdd0/laucoo/fastq/V0347/16S/15_no_primers/11240_HR_722_S12_S241_R1_cuta_noprim.fastq.gz,/hdd0/laucoo/fastq/V0347/16S/15_no_primers/11240_HR_722_S12_S241_R2_cuta_noprim.fastq.gz,16S,run1
11240_HR_722_S1_S238,/hdd0/laucoo/fastq/V0347/16S/15_no_primers/11240_HR_722_S1_S238_R1_cuta_noprim.fastq.gz,/hdd0/laucoo/fastq/V0347/16S/15_no_primers/11240_HR_722_S1_S238_R2_cuta_noprim.fastq.gz,16S,run1
11240_HR_722_S2_S242,/hdd0/laucoo/fastq/V0347/16S/15_no_primers/11240_HR_722_S2_S242_R1_cuta_noprim.fastq.gz,/hdd0/laucoo/fastq/V0347/16S/15_no_primers/11240_HR_722_S2_S242_R2_cuta_noprim.fastq.gz,16S,run1
11240_HR_722_S3_S243,/hdd0/laucoo/fastq/V0347/16S/15_no_primers/11240_HR_722_S3_S243_R1_cuta_noprim.fastq.gz,/hdd0/laucoo/fastq/V0347/16S/15_no_primers/11240_HR_722_S3_S243_R2_cuta_noprim.fastq.gz,16S,run1
11240_HR_722_S4_S244,/hdd0/laucoo/fastq/V0347/16S/15_no_primers/11240_HR_722_S4_S244_R1_cuta_noprim.fastq.gz,/hdd0/laucoo/fastq/V0347/16S/15_no_primers/11240_HR_722_S4_S244_R2_cuta_noprim.fastq.gz,16S,run1
11240_HR_722_S5_S245,/hdd0/laucoo/fastq/V0347/16S/15_no_primers/11240_HR_722_S5_S245_R1_cuta_noprim.fastq.gz,/hdd0/laucoo/fastq/V0347/16S/15_no_primers/11240_HR_722_S5_S245_R2_cuta_noprim.fastq.gz,16S,run1
11240_HR_722_S6_S246,/hdd0/laucoo/fastq/V0347/16S/15_no_primers/11240_HR_722_S6_S246_R1_cuta_noprim.fastq.gz,/hdd0/laucoo/fastq/V0347/16S/15_no_primers/11240_HR_722_S6_S246_R2_cuta_noprim.fastq.gz,16S,run1
11240_HR_722_S7_S247,/hdd0/laucoo/fastq/V0347/16S/15_no_primers/11240_HR_722_S7_S247_R1_cuta_noprim.fastq.gz,/hdd0/laucoo/fastq/V0347/16S/15_no_primers/11240_HR_722_S7_S247_R2_cuta_noprim.fastq.gz,16S,run1
11240_HR_722_S8_S248,/hdd0/laucoo/fastq/V0347/16S/15_no_primers/11240_HR_722_S8_S248_R1_cuta_noprim.fastq.gz,/hdd0/laucoo/fastq/V0347/16S/15_no_primers/11240_HR_722_S8_S248_R2_cuta_noprim.fastq.gz,16S,run1
11240_HR_722_S9_S249,/hdd0/laucoo/fastq/V0347/16S/15_no_primers/11240_HR_722_S9_S249_R1_cuta_noprim.fastq.gz,/hdd0/laucoo/fastq/V0347/16S/15_no_primers/11240_HR_722_S9_S249_R2_cuta_noprim.fastq.gz,16S,run1
11240_HR_722_W1_S250,/hdd0/laucoo/fastq/V0347/16S/15_no_primers/11240_HR_722_W1_S250_R1_cuta_noprim.fastq.gz,/hdd0/laucoo/fastq/V0347/16S/15_no_primers/11240_HR_722_W1_S250_R2_cuta_noprim.fastq.gz,16S,run1
11240_HR_722_W2_S251,/hdd0/laucoo/fastq/V0347/16S/15_no_primers/11240_HR_722_W2_S251_R1_cuta_noprim.fastq.gz,/hdd0/laucoo/fastq/V0347/16S/15_no_primers/11240_HR_722_W2_S251_R2_cuta_noprim.fastq.gz,16S,run1
11240_HR_722_W3_S252,/hdd0/laucoo/fastq/V0347/16S/15_no_primers/11240_HR_722_W3_S252_R1_cuta_noprim.fastq.gz,/hdd0/laucoo/fastq/V0347/16S/15_no_primers/11240_HR_722_W3_S252_R2_cuta_noprim.fastq.gz,16S,run1
11240_LC_1121_S10_S254,/hdd0/laucoo/fastq/V0347/16S/15_no_primers/11240_LC_1121_S10_S254_R1_cuta_noprim.fastq.gz,/hdd0/laucoo/fastq/V0347/16S/15_no_primers/11240_LC_1121_S10_S254_R2_cuta_noprim.fastq.gz,16S,run1
11240_LC_1121_S11_S255,/hdd0/laucoo/fastq/V0347/16S/15_no_primers/11240_LC_1121_S11_S255_R1_cuta_noprim.fastq.gz,/hdd0/laucoo/fastq/V0347/16S/15_no_primers/11240_LC_1121_S11_S255_R2_cuta_noprim.fastq.gz,16S,run1
11240_LC_1121_S12_S256,/hdd0/laucoo/fastq/V0347/16S/15_no_primers/11240_LC_1121_S12_S256_R1_cuta_noprim.fastq.gz,/hdd0/laucoo/fastq/V0347/16S/15_no_primers/11240_LC_1121_S12_S256_R2_cuta_noprim.fastq.gz,16S,run1
11240_LC_1121_S1_S253,/hdd0/laucoo/fastq/V0347/16S/15_no_primers/11240_LC_1121_S1_S253_R1_cuta_noprim.fastq.gz,/hdd0/laucoo/fastq/V0347/16S/15_no_primers/11240_LC_1121_S1_S253_R2_cuta_noprim.fastq.gz,16S,run1
11240_LC_1121_S2_S257,/hdd0/laucoo/fastq/V0347/16S/15_no_primers/11240_LC_1121_S2_S257_R1_cuta_noprim.fastq.gz,/hdd0/laucoo/fastq/V0347/16S/15_no_primers/11240_LC_1121_S2_S257_R2_cuta_noprim.fastq.gz,16S,run1
11240_LC_1121_S3_S258,/hdd0/laucoo/fastq/V0347/16S/15_no_primers/11240_LC_1121_S3_S258_R1_cuta_noprim.fastq.gz,/hdd0/laucoo/fastq/V0347/16S/15_no_primers/11240_LC_1121_S3_S258_R2_cuta_noprim.fastq.gz,16S,run1
11240_LC_1121_S4_S259,/hdd0/laucoo/fastq/V0347/16S/15_no_primers/11240_LC_1121_S4_S259_R1_cuta_noprim.fastq.gz,/hdd0/laucoo/fastq/V0347/16S/15_no_primers/11240_LC_1121_S4_S259_R2_cuta_noprim.fastq.gz,16S,run1
11240_LC_1121_S5_S260,/hdd0/laucoo/fastq/V0347/16S/15_no_primers/11240_LC_1121_S5_S260_R1_cuta_noprim.fastq.gz,/hdd0/laucoo/fastq/V0347/16S/15_no_primers/11240_LC_1121_S5_S260_R2_cuta_noprim.fastq.gz,16S,run1
11240_LC_1121_S6_S261,/hdd0/laucoo/fastq/V0347/16S/15_no_primers/11240_LC_1121_S6_S261_R1_cuta_noprim.fastq.gz,/hdd0/laucoo/fastq/V0347/16S/15_no_primers/11240_LC_1121_S6_S261_R2_cuta_noprim.fastq.gz,16S,run1
11240_LC_1121_S7_S262,/hdd0/laucoo/fastq/V0347/16S/15_no_primers/11240_LC_1121_S7_S262_R1_cuta_noprim.fastq.gz,/hdd0/laucoo/fastq/V0347/16S/15_no_primers/11240_LC_1121_S7_S262_R2_cuta_noprim.fastq.gz,16S,run1
11240_LC_1121_S8_S263,/hdd0/laucoo/fastq/V0347/16S/15_no_primers/11240_LC_1121_S8_S263_R1_cuta_noprim.fastq.gz,/hdd0/laucoo/fastq/V0347/16S/15_no_primers/11240_LC_1121_S8_S263_R2_cuta_noprim.fastq.gz,16S,run1
11240_LC_1121_S9_S264,/hdd0/laucoo/fastq/V0347/16S/15_no_primers/11240_LC_1121_S9_S264_R1_cuta_noprim.fastq.gz,/hdd0/laucoo/fastq/V0347/16S/15_no_primers/11240_LC_1121_S9_S264_R2_cuta_noprim.fastq.gz,16S,run1
11240_LC_1121_W1_S265,/hdd0/laucoo/fastq/V0347/16S/15_no_primers/11240_LC_1121_W1_S265_R1_cuta_noprim.fastq.gz,/hdd0/laucoo/fastq/V0347/16S/15_no_primers/11240_LC_1121_W1_S265_R2_cuta_noprim.fastq.gz,16S,run1
11240_LC_1121_W2_S266,/hdd0/laucoo/fastq/V0347/16S/15_no_primers/11240_LC_1121_W2_S266_R1_cuta_noprim.fastq.gz,/hdd0/laucoo/fastq/V0347/16S/15_no_primers/11240_LC_1121_W2_S266_R2_cuta_noprim.fastq.gz,16S,run1
11240_LC_1121_W3_S267,/hdd0/laucoo/fastq/V0347/16S/15_no_primers/11240_LC_1121_W3_S267_R1_cuta_noprim.fastq.gz,/hdd0/laucoo/fastq/V0347/16S/15_no_primers/11240_LC_1121_W3_S267_R2_cuta_noprim.fastq.gz,16S,run1
11240_LC_323_S10_S269,/hdd0/laucoo/fastq/V0347/16S/15_no_primers/11240_LC_323_S10_S269_R1_cuta_noprim.fastq.gz,/hdd0/laucoo/fastq/V0347/16S/15_no_primers/11240_LC_323_S10_S269_R2_cuta_noprim.fastq.gz,16S,run1
11240_LC_323_S11_S270,/hdd0/laucoo/fastq/V0347/16S/15_no_primers/11240_LC_323_S11_S270_R1_cuta_noprim.fastq.gz,/hdd0/laucoo/fastq/V0347/16S/15_no_primers/11240_LC_323_S11_S270_R2_cuta_noprim.fastq.gz,16S,run1
11240_LC_323_S12_S271,/hdd0/laucoo/fastq/V0347/16S/15_no_primers/11240_LC_323_S12_S271_R1_cuta_noprim.fastq.gz,/hdd0/laucoo/fastq/V0347/16S/15_no_primers/11240_LC_323_S12_S271_R2_cuta_noprim.fastq.gz,16S,run1
11240_LC_323_S1_S268,/hdd0/laucoo/fastq/V0347/16S/15_no_primers/11240_LC_323_S1_S268_R1_cuta_noprim.fastq.gz,/hdd0/laucoo/fastq/V0347/16S/15_no_primers/11240_LC_323_S1_S268_R2_cuta_noprim.fastq.gz,16S,run1
11240_LC_323_S2_S272,/hdd0/laucoo/fastq/V0347/16S/15_no_primers/11240_LC_323_S2_S272_R1_cuta_noprim.fastq.gz,/hdd0/laucoo/fastq/V0347/16S/15_no_primers/11240_LC_323_S2_S272_R2_cuta_noprim.fastq.gz,16S,run1
11240_LC_323_S3_S273,/hdd0/laucoo/fastq/V0347/16S/15_no_primers/11240_LC_323_S3_S273_R1_cuta_noprim.fastq.gz,/hdd0/laucoo/fastq/V0347/16S/15_no_primers/11240_LC_323_S3_S273_R2_cuta_noprim.fastq.gz,16S,run1
11240_LC_323_S4_S274,/hdd0/laucoo/fastq/V0347/16S/15_no_primers/11240_LC_323_S4_S274_R1_cuta_noprim.fastq.gz,/hdd0/laucoo/fastq/V0347/16S/15_no_primers/11240_LC_323_S4_S274_R2_cuta_noprim.fastq.gz,16S,run1
11240_LC_323_S5_S275,/hdd0/laucoo/fastq/V0347/16S/15_no_primers/11240_LC_323_S5_S275_R1_cuta_noprim.fastq.gz,/hdd0/laucoo/fastq/V0347/16S/15_no_primers/11240_LC_323_S5_S275_R2_cuta_noprim.fastq.gz,16S,run1
11240_LC_323_S6_S276,/hdd0/laucoo/fastq/V0347/16S/15_no_primers/11240_LC_323_S6_S276_R1_cuta_noprim.fastq.gz,/hdd0/laucoo/fastq/V0347/16S/15_no_primers/11240_LC_323_S6_S276_R2_cuta_noprim.fastq.gz,16S,run1
11240_LC_323_S7_S277,/hdd0/laucoo/fastq/V0347/16S/15_no_primers/11240_LC_323_S7_S277_R1_cuta_noprim.fastq.gz,/hdd0/laucoo/fastq/V0347/16S/15_no_primers/11240_LC_323_S7_S277_R2_cuta_noprim.fastq.gz,16S,run1
11240_LC_323_S8_S278,/hdd0/laucoo/fastq/V0347/16S/15_no_primers/11240_LC_323_S8_S278_R1_cuta_noprim.fastq.gz,/hdd0/laucoo/fastq/V0347/16S/15_no_primers/11240_LC_323_S8_S278_R2_cuta_noprim.fastq.gz,16S,run1
11240_LC_323_S9_S279,/hdd0/laucoo/fastq/V0347/16S/15_no_primers/11240_LC_323_S9_S279_R1_cuta_noprim.fastq.gz,/hdd0/laucoo/fastq/V0347/16S/15_no_primers/11240_LC_323_S9_S279_R2_cuta_noprim.fastq.gz,16S,run1
11240_LC_323_W1_S280,/hdd0/laucoo/fastq/V0347/16S/15_no_primers/11240_LC_323_W1_S280_R1_cuta_noprim.fastq.gz,/hdd0/laucoo/fastq/V0347/16S/15_no_primers/11240_LC_323_W1_S280_R2_cuta_noprim.fastq.gz,16S,run1
11240_LC_323_W2_S281,/hdd0/laucoo/fastq/V0347/16S/15_no_primers/11240_LC_323_W2_S281_R1_cuta_noprim.fastq.gz,/hdd0/laucoo/fastq/V0347/16S/15_no_primers/11240_LC_323_W2_S281_R2_cuta_noprim.fastq.gz,16S,run1
11240_LC_621_S1_S282,/hdd0/laucoo/fastq/V0347/16S/15_no_primers/11240_LC_621_S1_S282_R1_cuta_noprim.fastq.gz,/hdd0/laucoo/fastq/V0347/16S/15_no_primers/11240_LC_621_S1_S282_R2_cuta_noprim.fastq.gz,16S,run1
11240_LC_621_S2_S283,/hdd0/laucoo/fastq/V0347/16S/15_no_primers/11240_LC_621_S2_S283_R1_cuta_noprim.fastq.gz,/hdd0/laucoo/fastq/V0347/16S/15_no_primers/11240_LC_621_S2_S283_R2_cuta_noprim.fastq.gz,16S,run1
11240_LC_621_S3_S284,/hdd0/laucoo/fastq/V0347/16S/15_no_primers/11240_LC_621_S3_S284_R1_cuta_noprim.fastq.gz,/hdd0/laucoo/fastq/V0347/16S/15_no_primers/11240_LC_621_S3_S284_R2_cuta_noprim.fastq.gz,16S,run1
11240_LC_621_S4_S285,/hdd0/laucoo/fastq/V0347/16S/15_no_primers/11240_LC_621_S4_S285_R1_cuta_noprim.fastq.gz,/hdd0/laucoo/fastq/V0347/16S/15_no_primers/11240_LC_621_S4_S285_R2_cuta_noprim.fastq.gz,16S,run1
11240_LC_621_S5_S286,/hdd0/laucoo/fastq/V0347/16S/15_no_primers/11240_LC_621_S5_S286_R1_cuta_noprim.fastq.gz,/hdd0/laucoo/fastq/V0347/16S/15_no_primers/11240_LC_621_S5_S286_R2_cuta_noprim.fastq.gz,16S,run1
11240_LC_621_S6_S287,/hdd0/laucoo/fastq/V0347/16S/15_no_primers/11240_LC_621_S6_S287_R1_cuta_noprim.fastq.gz,/hdd0/laucoo/fastq/V0347/16S/15_no_primers/11240_LC_621_S6_S287_R2_cuta_noprim.fastq.gz,16S,run1
11240_LC_621_S7_S288,/hdd0/laucoo/fastq/V0347/16S/15_no_primers/11240_LC_621_S7_S288_R1_cuta_noprim.fastq.gz,/hdd0/laucoo/fastq/V0347/16S/15_no_primers/11240_LC_621_S7_S288_R2_cuta_noprim.fastq.gz,16S,run1
11240_LC_721_W1_S289,/hdd0/laucoo/fastq/V0347/16S/15_no_primers/11240_LC_721_W1_S289_R1_cuta_noprim.fastq.gz,/hdd0/laucoo/fastq/V0347/16S/15_no_primers/11240_LC_721_W1_S289_R2_cuta_noprim.fastq.gz,16S,run1
11240_LC_721_W2_S290,/hdd0/laucoo/fastq/V0347/16S/15_no_primers/11240_LC_721_W2_S290_R1_cuta_noprim.fastq.gz,/hdd0/laucoo/fastq/V0347/16S/15_no_primers/11240_LC_721_W2_S290_R2_cuta_noprim.fastq.gz,16S,run1
11240_LC_721_W3_S291,/hdd0/laucoo/fastq/V0347/16S/15_no_primers/11240_LC_721_W3_S291_R1_cuta_noprim.fastq.gz,/hdd0/laucoo/fastq/V0347/16S/15_no_primers/11240_LC_721_W3_S291_R2_cuta_noprim.fastq.gz,16S,run1
11240_LC_722_S10_S293,/hdd0/laucoo/fastq/V0347/16S/15_no_primers/11240_LC_722_S10_S293_R1_cuta_noprim.fastq.gz,/hdd0/laucoo/fastq/V0347/16S/15_no_primers/11240_LC_722_S10_S293_R2_cuta_noprim.fastq.gz,16S,run1
11240_LC_722_S11_S294,/hdd0/laucoo/fastq/V0347/16S/15_no_primers/11240_LC_722_S11_S294_R1_cuta_noprim.fastq.gz,/hdd0/laucoo/fastq/V0347/16S/15_no_primers/11240_LC_722_S11_S294_R2_cuta_noprim.fastq.gz,16S,run1
11240_LC_722_S12_S295,/hdd0/laucoo/fastq/V0347/16S/15_no_primers/11240_LC_722_S12_S295_R1_cuta_noprim.fastq.gz,/hdd0/laucoo/fastq/V0347/16S/15_no_primers/11240_LC_722_S12_S295_R2_cuta_noprim.fastq.gz,16S,run1
11240_LC_722_S1_S292,/hdd0/laucoo/fastq/V0347/16S/15_no_primers/11240_LC_722_S1_S292_R1_cuta_noprim.fastq.gz,/hdd0/laucoo/fastq/V0347/16S/15_no_primers/11240_LC_722_S1_S292_R2_cuta_noprim.fastq.gz,16S,run1
11240_LC_722_S2_S296,/hdd0/laucoo/fastq/V0347/16S/15_no_primers/11240_LC_722_S2_S296_R1_cuta_noprim.fastq.gz,/hdd0/laucoo/fastq/V0347/16S/15_no_primers/11240_LC_722_S2_S296_R2_cuta_noprim.fastq.gz,16S,run1
11240_LC_722_S3_S297,/hdd0/laucoo/fastq/V0347/16S/15_no_primers/11240_LC_722_S3_S297_R1_cuta_noprim.fastq.gz,/hdd0/laucoo/fastq/V0347/16S/15_no_primers/11240_LC_722_S3_S297_R2_cuta_noprim.fastq.gz,16S,run1
11240_LC_722_S4_S298,/hdd0/laucoo/fastq/V0347/16S/15_no_primers/11240_LC_722_S4_S298_R1_cuta_noprim.fastq.gz,/hdd0/laucoo/fastq/V0347/16S/15_no_primers/11240_LC_722_S4_S298_R2_cuta_noprim.fastq.gz,16S,run1
11240_LC_722_S5_S299,/hdd0/laucoo/fastq/V0347/16S/15_no_primers/11240_LC_722_S5_S299_R1_cuta_noprim.fastq.gz,/hdd0/laucoo/fastq/V0347/16S/15_no_primers/11240_LC_722_S5_S299_R2_cuta_noprim.fastq.gz,16S,run1
11240_LC_722_S6_S300,/hdd0/laucoo/fastq/V0347/16S/15_no_primers/11240_LC_722_S6_S300_R1_cuta_noprim.fastq.gz,/hdd0/laucoo/fastq/V0347/16S/15_no_primers/11240_LC_722_S6_S300_R2_cuta_noprim.fastq.gz,16S,run1
11240_LC_722_S7_S301,/hdd0/laucoo/fastq/V0347/16S/15_no_primers/11240_LC_722_S7_S301_R1_cuta_noprim.fastq.gz,/hdd0/laucoo/fastq/V0347/16S/15_no_primers/11240_LC_722_S7_S301_R2_cuta_noprim.fastq.gz,16S,run1
11240_LC_722_S8_S302,/hdd0/laucoo/fastq/V0347/16S/15_no_primers/11240_LC_722_S8_S302_R1_cuta_noprim.fastq.gz,/hdd0/laucoo/fastq/V0347/16S/15_no_primers/11240_LC_722_S8_S302_R2_cuta_noprim.fastq.gz,16S,run1
11240_LC_722_S9_S303,/hdd0/laucoo/fastq/V0347/16S/15_no_primers/11240_LC_722_S9_S303_R1_cuta_noprim.fastq.gz,/hdd0/laucoo/fastq/V0347/16S/15_no_primers/11240_LC_722_S9_S303_R2_cuta_noprim.fastq.gz,16S,run1
11240_LC_722_W1_S304,/hdd0/laucoo/fastq/V0347/16S/15_no_primers/11240_LC_722_W1_S304_R1_cuta_noprim.fastq.gz,/hdd0/laucoo/fastq/V0347/16S/15_no_primers/11240_LC_722_W1_S304_R2_cuta_noprim.fastq.gz,16S,run1
11240_LC_722_W2_S305,/hdd0/laucoo/fastq/V0347/16S/15_no_primers/11240_LC_722_W2_S305_R1_cuta_noprim.fastq.gz,/hdd0/laucoo/fastq/V0347/16S/15_no_primers/11240_LC_722_W2_S305_R2_cuta_noprim.fastq.gz,16S,run1
11240_LC_722_W3_S306,/hdd0/laucoo/fastq/V0347/16S/15_no_primers/11240_LC_722_W3_S306_R1_cuta_noprim.fastq.gz,/hdd0/laucoo/fastq/V0347/16S/15_no_primers/11240_LC_722_W3_S306_R2_cuta_noprim.fastq.gz,16S,run1
11240_LR_1121_S10_S308,/hdd0/laucoo/fastq/V0347/16S/15_no_primers/11240_LR_1121_S10_S308_R1_cuta_noprim.fastq.gz,/hdd0/laucoo/fastq/V0347/16S/15_no_primers/11240_LR_1121_S10_S308_R2_cuta_noprim.fastq.gz,16S,run1
11240_LR_1121_S11_S309,/hdd0/laucoo/fastq/V0347/16S/15_no_primers/11240_LR_1121_S11_S309_R1_cuta_noprim.fastq.gz,/hdd0/laucoo/fastq/V0347/16S/15_no_primers/11240_LR_1121_S11_S309_R2_cuta_noprim.fastq.gz,16S,run1
11240_LR_1121_S12_S310,/hdd0/laucoo/fastq/V0347/16S/15_no_primers/11240_LR_1121_S12_S310_R1_cuta_noprim.fastq.gz,/hdd0/laucoo/fastq/V0347/16S/15_no_primers/11240_LR_1121_S12_S310_R2_cuta_noprim.fastq.gz,16S,run1
11240_LR_1121_S1_S307,/hdd0/laucoo/fastq/V0347/16S/15_no_primers/11240_LR_1121_S1_S307_R1_cuta_noprim.fastq.gz,/hdd0/laucoo/fastq/V0347/16S/15_no_primers/11240_LR_1121_S1_S307_R2_cuta_noprim.fastq.gz,16S,run1
11240_LR_1121_S2_S311,/hdd0/laucoo/fastq/V0347/16S/15_no_primers/11240_LR_1121_S2_S311_R1_cuta_noprim.fastq.gz,/hdd0/laucoo/fastq/V0347/16S/15_no_primers/11240_LR_1121_S2_S311_R2_cuta_noprim.fastq.gz,16S,run1
11240_LR_1121_S3_S312,/hdd0/laucoo/fastq/V0347/16S/15_no_primers/11240_LR_1121_S3_S312_R1_cuta_noprim.fastq.gz,/hdd0/laucoo/fastq/V0347/16S/15_no_primers/11240_LR_1121_S3_S312_R2_cuta_noprim.fastq.gz,16S,run1
11240_LR_1121_S4_S313,/hdd0/laucoo/fastq/V0347/16S/15_no_primers/11240_LR_1121_S4_S313_R1_cuta_noprim.fastq.gz,/hdd0/laucoo/fastq/V0347/16S/15_no_primers/11240_LR_1121_S4_S313_R2_cuta_noprim.fastq.gz,16S,run1
11240_LR_1121_S5_S314,/hdd0/laucoo/fastq/V0347/16S/15_no_primers/11240_LR_1121_S5_S314_R1_cuta_noprim.fastq.gz,/hdd0/laucoo/fastq/V0347/16S/15_no_primers/11240_LR_1121_S5_S314_R2_cuta_noprim.fastq.gz,16S,run1
11240_LR_1121_S6_S315,/hdd0/laucoo/fastq/V0347/16S/15_no_primers/11240_LR_1121_S6_S315_R1_cuta_noprim.fastq.gz,/hdd0/laucoo/fastq/V0347/16S/15_no_primers/11240_LR_1121_S6_S315_R2_cuta_noprim.fastq.gz,16S,run1
11240_LR_1121_S7_S316,/hdd0/laucoo/fastq/V0347/16S/15_no_primers/11240_LR_1121_S7_S316_R1_cuta_noprim.fastq.gz,/hdd0/laucoo/fastq/V0347/16S/15_no_primers/11240_LR_1121_S7_S316_R2_cuta_noprim.fastq.gz,16S,run1
11240_LR_1121_S8_S317,/hdd0/laucoo/fastq/V0347/16S/15_no_primers/11240_LR_1121_S8_S317_R1_cuta_noprim.fastq.gz,/hdd0/laucoo/fastq/V0347/16S/15_no_primers/11240_LR_1121_S8_S317_R2_cuta_noprim.fastq.gz,16S,run1
11240_LR_1121_S9_S318,/hdd0/laucoo/fastq/V0347/16S/15_no_primers/11240_LR_1121_S9_S318_R1_cuta_noprim.fastq.gz,/hdd0/laucoo/fastq/V0347/16S/15_no_primers/11240_LR_1121_S9_S318_R2_cuta_noprim.fastq.gz,16S,run1
11240_LR_1121_W1_S319,/hdd0/laucoo/fastq/V0347/16S/15_no_primers/11240_LR_1121_W1_S319_R1_cuta_noprim.fastq.gz,/hdd0/laucoo/fastq/V0347/16S/15_no_primers/11240_LR_1121_W1_S319_R2_cuta_noprim.fastq.gz,16S,run1
11240_LR_1121_W2_S320,/hdd0/laucoo/fastq/V0347/16S/15_no_primers/11240_LR_1121_W2_S320_R1_cuta_noprim.fastq.gz,/hdd0/laucoo/fastq/V0347/16S/15_no_primers/11240_LR_1121_W2_S320_R2_cuta_noprim.fastq.gz,16S,run1
11240_LR_1121_W3_S321,/hdd0/laucoo/fastq/V0347/16S/15_no_primers/11240_LR_1121_W3_S321_R1_cuta_noprim.fastq.gz,/hdd0/laucoo/fastq/V0347/16S/15_no_primers/11240_LR_1121_W3_S321_R2_cuta_noprim.fastq.gz,16S,run1
11240_LR_323_S10_S323,/hdd0/laucoo/fastq/V0347/16S/15_no_primers/11240_LR_323_S10_S323_R1_cuta_noprim.fastq.gz,/hdd0/laucoo/fastq/V0347/16S/15_no_primers/11240_LR_323_S10_S323_R2_cuta_noprim.fastq.gz,16S,run1
11240_LR_323_S11_S324,/hdd0/laucoo/fastq/V0347/16S/15_no_primers/11240_LR_323_S11_S324_R1_cuta_noprim.fastq.gz,/hdd0/laucoo/fastq/V0347/16S/15_no_primers/11240_LR_323_S11_S324_R2_cuta_noprim.fastq.gz,16S,run1
11240_LR_323_S12_S325,/hdd0/laucoo/fastq/V0347/16S/15_no_primers/11240_LR_323_S12_S325_R1_cuta_noprim.fastq.gz,/hdd0/laucoo/fastq/V0347/16S/15_no_primers/11240_LR_323_S12_S325_R2_cuta_noprim.fastq.gz,16S,run1
11240_LR_323_S1_S322,/hdd0/laucoo/fastq/V0347/16S/15_no_primers/11240_LR_323_S1_S322_R1_cuta_noprim.fastq.gz,/hdd0/laucoo/fastq/V0347/16S/15_no_primers/11240_LR_323_S1_S322_R2_cuta_noprim.fastq.gz,16S,run1
11240_LR_323_S2_S326,/hdd0/laucoo/fastq/V0347/16S/15_no_primers/11240_LR_323_S2_S326_R1_cuta_noprim.fastq.gz,/hdd0/laucoo/fastq/V0347/16S/15_no_primers/11240_LR_323_S2_S326_R2_cuta_noprim.fastq.gz,16S,run1
11240_LR_323_S3_S327,/hdd0/laucoo/fastq/V0347/16S/15_no_primers/11240_LR_323_S3_S327_R1_cuta_noprim.fastq.gz,/hdd0/laucoo/fastq/V0347/16S/15_no_primers/11240_LR_323_S3_S327_R2_cuta_noprim.fastq.gz,16S,run1
11240_LR_323_S4_S328,/hdd0/laucoo/fastq/V0347/16S/15_no_primers/11240_LR_323_S4_S328_R1_cuta_noprim.fastq.gz,/hdd0/laucoo/fastq/V0347/16S/15_no_primers/11240_LR_323_S4_S328_R2_cuta_noprim.fastq.gz,16S,run1
11240_LR_323_S5_S329,/hdd0/laucoo/fastq/V0347/16S/15_no_primers/11240_LR_323_S5_S329_R1_cuta_noprim.fastq.gz,/hdd0/laucoo/fastq/V0347/16S/15_no_primers/11240_LR_323_S5_S329_R2_cuta_noprim.fastq.gz,16S,run1
11240_LR_323_S6_S330,/hdd0/laucoo/fastq/V0347/16S/15_no_primers/11240_LR_323_S6_S330_R1_cuta_noprim.fastq.gz,/hdd0/laucoo/fastq/V0347/16S/15_no_primers/11240_LR_323_S6_S330_R2_cuta_noprim.fastq.gz,16S,run1
11240_LR_323_S7_S331,/hdd0/laucoo/fastq/V0347/16S/15_no_primers/11240_LR_323_S7_S331_R1_cuta_noprim.fastq.gz,/hdd0/laucoo/fastq/V0347/16S/15_no_primers/11240_LR_323_S7_S331_R2_cuta_noprim.fastq.gz,16S,run1
11240_LR_323_S8_S332,/hdd0/laucoo/fastq/V0347/16S/15_no_primers/11240_LR_323_S8_S332_R1_cuta_noprim.fastq.gz,/hdd0/laucoo/fastq/V0347/16S/15_no_primers/11240_LR_323_S8_S332_R2_cuta_noprim.fastq.gz,16S,run1
11240_LR_323_S9_S333,/hdd0/laucoo/fastq/V0347/16S/15_no_primers/11240_LR_323_S9_S333_R1_cuta_noprim.fastq.gz,/hdd0/laucoo/fastq/V0347/16S/15_no_primers/11240_LR_323_S9_S333_R2_cuta_noprim.fastq.gz,16S,run1
11240_LR_323_W1_S334,/hdd0/laucoo/fastq/V0347/16S/15_no_primers/11240_LR_323_W1_S334_R1_cuta_noprim.fastq.gz,/hdd0/laucoo/fastq/V0347/16S/15_no_primers/11240_LR_323_W1_S334_R2_cuta_noprim.fastq.gz,16S,run1
11240_LR_323_W3_S335,/hdd0/laucoo/fastq/V0347/16S/15_no_primers/11240_LR_323_W3_S335_R1_cuta_noprim.fastq.gz,/hdd0/laucoo/fastq/V0347/16S/15_no_primers/11240_LR_323_W3_S335_R2_cuta_noprim.fastq.gz,16S,run1
11240_LR_621_S10_S337,/hdd0/laucoo/fastq/V0347/16S/15_no_primers/11240_LR_621_S10_S337_R1_cuta_noprim.fastq.gz,/hdd0/laucoo/fastq/V0347/16S/15_no_primers/11240_LR_621_S10_S337_R2_cuta_noprim.fastq.gz,16S,run1
11240_LR_621_S11_S338,/hdd0/laucoo/fastq/V0347/16S/15_no_primers/11240_LR_621_S11_S338_R1_cuta_noprim.fastq.gz,/hdd0/laucoo/fastq/V0347/16S/15_no_primers/11240_LR_621_S11_S338_R2_cuta_noprim.fastq.gz,16S,run1
11240_LR_621_S12_S339,/hdd0/laucoo/fastq/V0347/16S/15_no_primers/11240_LR_621_S12_S339_R1_cuta_noprim.fastq.gz,/hdd0/laucoo/fastq/V0347/16S/15_no_primers/11240_LR_621_S12_S339_R2_cuta_noprim.fastq.gz,16S,run1
11240_LR_621_S1_S336,/hdd0/laucoo/fastq/V0347/16S/15_no_primers/11240_LR_621_S1_S336_R1_cuta_noprim.fastq.gz,/hdd0/laucoo/fastq/V0347/16S/15_no_primers/11240_LR_621_S1_S336_R2_cuta_noprim.fastq.gz,16S,run1
11240_LR_621_S2_S340,/hdd0/laucoo/fastq/V0347/16S/15_no_primers/11240_LR_621_S2_S340_R1_cuta_noprim.fastq.gz,/hdd0/laucoo/fastq/V0347/16S/15_no_primers/11240_LR_621_S2_S340_R2_cuta_noprim.fastq.gz,16S,run1
11240_LR_621_S3_S341,/hdd0/laucoo/fastq/V0347/16S/15_no_primers/11240_LR_621_S3_S341_R1_cuta_noprim.fastq.gz,/hdd0/laucoo/fastq/V0347/16S/15_no_primers/11240_LR_621_S3_S341_R2_cuta_noprim.fastq.gz,16S,run1
11240_LR_621_S4_S342,/hdd0/laucoo/fastq/V0347/16S/15_no_primers/11240_LR_621_S4_S342_R1_cuta_noprim.fastq.gz,/hdd0/laucoo/fastq/V0347/16S/15_no_primers/11240_LR_621_S4_S342_R2_cuta_noprim.fastq.gz,16S,run1
11240_LR_621_S5_S343,/hdd0/laucoo/fastq/V0347/16S/15_no_primers/11240_LR_621_S5_S343_R1_cuta_noprim.fastq.gz,/hdd0/laucoo/fastq/V0347/16S/15_no_primers/11240_LR_621_S5_S343_R2_cuta_noprim.fastq.gz,16S,run1
11240_LR_621_S6_S344,/hdd0/laucoo/fastq/V0347/16S/15_no_primers/11240_LR_621_S6_S344_R1_cuta_noprim.fastq.gz,/hdd0/laucoo/fastq/V0347/16S/15_no_primers/11240_LR_621_S6_S344_R2_cuta_noprim.fastq.gz,16S,run1
11240_LR_621_S7_S345,/hdd0/laucoo/fastq/V0347/16S/15_no_primers/11240_LR_621_S7_S345_R1_cuta_noprim.fastq.gz,/hdd0/laucoo/fastq/V0347/16S/15_no_primers/11240_LR_621_S7_S345_R2_cuta_noprim.fastq.gz,16S,run1
11240_LR_621_S8_S346,/hdd0/laucoo/fastq/V0347/16S/15_no_primers/11240_LR_621_S8_S346_R1_cuta_noprim.fastq.gz,/hdd0/laucoo/fastq/V0347/16S/15_no_primers/11240_LR_621_S8_S346_R2_cuta_noprim.fastq.gz,16S,run1
11240_LR_621_S9_S347,/hdd0/laucoo/fastq/V0347/16S/15_no_primers/11240_LR_621_S9_S347_R1_cuta_noprim.fastq.gz,/hdd0/laucoo/fastq/V0347/16S/15_no_primers/11240_LR_621_S9_S347_R2_cuta_noprim.fastq.gz,16S,run1
11240_LR_721_W1_S348,/hdd0/laucoo/fastq/V0347/16S/15_no_primers/11240_LR_721_W1_S348_R1_cuta_noprim.fastq.gz,/hdd0/laucoo/fastq/V0347/16S/15_no_primers/11240_LR_721_W1_S348_R2_cuta_noprim.fastq.gz,16S,run1
11240_LR_721_W2_S349,/hdd0/laucoo/fastq/V0347/16S/15_no_primers/11240_LR_721_W2_S349_R1_cuta_noprim.fastq.gz,/hdd0/laucoo/fastq/V0347/16S/15_no_primers/11240_LR_721_W2_S349_R2_cuta_noprim.fastq.gz,16S,run1
11240_LR_721_W3_S350,/hdd0/laucoo/fastq/V0347/16S/15_no_primers/11240_LR_721_W3_S350_R1_cuta_noprim.fastq.gz,/hdd0/laucoo/fastq/V0347/16S/15_no_primers/11240_LR_721_W3_S350_R2_cuta_noprim.fastq.gz,16S,run1
11240_LR_722_S10_S352,/hdd0/laucoo/fastq/V0347/16S/15_no_primers/11240_LR_722_S10_S352_R1_cuta_noprim.fastq.gz,/hdd0/laucoo/fastq/V0347/16S/15_no_primers/11240_LR_722_S10_S352_R2_cuta_noprim.fastq.gz,16S,run1
11240_LR_722_S11_S353,/hdd0/laucoo/fastq/V0347/16S/15_no_primers/11240_LR_722_S11_S353_R1_cuta_noprim.fastq.gz,/hdd0/laucoo/fastq/V0347/16S/15_no_primers/11240_LR_722_S11_S353_R2_cuta_noprim.fastq.gz,16S,run1
11240_LR_722_S12_S354,/hdd0/laucoo/fastq/V0347/16S/15_no_primers/11240_LR_722_S12_S354_R1_cuta_noprim.fastq.gz,/hdd0/laucoo/fastq/V0347/16S/15_no_primers/11240_LR_722_S12_S354_R2_cuta_noprim.fastq.gz,16S,run1
11240_LR_722_S1_S351,/hdd0/laucoo/fastq/V0347/16S/15_no_primers/11240_LR_722_S1_S351_R1_cuta_noprim.fastq.gz,/hdd0/laucoo/fastq/V0347/16S/15_no_primers/11240_LR_722_S1_S351_R2_cuta_noprim.fastq.gz,16S,run1
11240_LR_722_S2_S355,/hdd0/laucoo/fastq/V0347/16S/15_no_primers/11240_LR_722_S2_S355_R1_cuta_noprim.fastq.gz,/hdd0/laucoo/fastq/V0347/16S/15_no_primers/11240_LR_722_S2_S355_R2_cuta_noprim.fastq.gz,16S,run1
11240_LR_722_S3_S356,/hdd0/laucoo/fastq/V0347/16S/15_no_primers/11240_LR_722_S3_S356_R1_cuta_noprim.fastq.gz,/hdd0/laucoo/fastq/V0347/16S/15_no_primers/11240_LR_722_S3_S356_R2_cuta_noprim.fastq.gz,16S,run1
11240_LR_722_S4_S357,/hdd0/laucoo/fastq/V0347/16S/15_no_primers/11240_LR_722_S4_S357_R1_cuta_noprim.fastq.gz,/hdd0/laucoo/fastq/V0347/16S/15_no_primers/11240_LR_722_S4_S357_R2_cuta_noprim.fastq.gz,16S,run1
11240_LR_722_S5_S358,/hdd0/laucoo/fastq/V0347/16S/15_no_primers/11240_LR_722_S5_S358_R1_cuta_noprim.fastq.gz,/hdd0/laucoo/fastq/V0347/16S/15_no_primers/11240_LR_722_S5_S358_R2_cuta_noprim.fastq.gz,16S,run1
11240_LR_722_S6_S359,/hdd0/laucoo/fastq/V0347/16S/15_no_primers/11240_LR_722_S6_S359_R1_cuta_noprim.fastq.gz,/hdd0/laucoo/fastq/V0347/16S/15_no_primers/11240_LR_722_S6_S359_R2_cuta_noprim.fastq.gz,16S,run1
11240_LR_722_S7_S360,/hdd0/laucoo/fastq/V0347/16S/15_no_primers/11240_LR_722_S7_S360_R1_cuta_noprim.fastq.gz,/hdd0/laucoo/fastq/V0347/16S/15_no_primers/11240_LR_722_S7_S360_R2_cuta_noprim.fastq.gz,16S,run1
11240_LR_722_S8_S361,/hdd0/laucoo/fastq/V0347/16S/15_no_primers/11240_LR_722_S8_S361_R1_cuta_noprim.fastq.gz,/hdd0/laucoo/fastq/V0347/16S/15_no_primers/11240_LR_722_S8_S361_R2_cuta_noprim.fastq.gz,16S,run1
11240_LR_722_S9_S362,/hdd0/laucoo/fastq/V0347/16S/15_no_primers/11240_LR_722_S9_S362_R1_cuta_noprim.fastq.gz,/hdd0/laucoo/fastq/V0347/16S/15_no_primers/11240_LR_722_S9_S362_R2_cuta_noprim.fastq.gz,16S,run1
11240_LR_722_W1_S363,/hdd0/laucoo/fastq/V0347/16S/15_no_primers/11240_LR_722_W1_S363_R1_cuta_noprim.fastq.gz,/hdd0/laucoo/fastq/V0347/16S/15_no_primers/11240_LR_722_W1_S363_R2_cuta_noprim.fastq.gz,16S,run1
11240_LR_722_W2_S364,/hdd0/laucoo/fastq/V0347/16S/15_no_primers/11240_LR_722_W2_S364_R1_cuta_noprim.fastq.gz,/hdd0/laucoo/fastq/V0347/16S/15_no_primers/11240_LR_722_W2_S364_R2_cuta_noprim.fastq.gz,16S,run1
11240_LR_722_W3_S365,/hdd0/laucoo/fastq/V0347/16S/15_no_primers/11240_LR_722_W3_S365_R1_cuta_noprim.fastq.gz,/hdd0/laucoo/fastq/V0347/16S/15_no_primers/11240_LR_722_W3_S365_R2_cuta_noprim.fastq.gz,16S,run1
11240_NTC_2021_F1_S366,/hdd0/laucoo/fastq/V0347/16S/15_no_primers/11240_NTC_2021_F1_S366_R1_cuta_noprim.fastq.gz,/hdd0/laucoo/fastq/V0347/16S/15_no_primers/11240_NTC_2021_F1_S366_R2_cuta_noprim.fastq.gz,16S,run1
11240_NTC_2021_G1_S367,/hdd0/laucoo/fastq/V0347/16S/15_no_primers/11240_NTC_2021_G1_S367_R1_cuta_noprim.fastq.gz,/hdd0/laucoo/fastq/V0347/16S/15_no_primers/11240_NTC_2021_G1_S367_R2_cuta_noprim.fastq.gz,16S,run1
11240_Negative_p1_S368,/hdd0/laucoo/fastq/V0347/16S/15_no_primers/11240_Negative_p1_S368_R1_cuta_noprim.fastq.gz,/hdd0/laucoo/fastq/V0347/16S/15_no_primers/11240_Negative_p1_S368_R2_cuta_noprim.fastq.gz,16S,run1
11240_Negative_p2_S369,/hdd0/laucoo/fastq/V0347/16S/15_no_primers/11240_Negative_p2_S369_R1_cuta_noprim.fastq.gz,/hdd0/laucoo/fastq/V0347/16S/15_no_primers/11240_Negative_p2_S369_R2_cuta_noprim.fastq.gz,16S,run1
11240_Negative_p3_S370,/hdd0/laucoo/fastq/V0347/16S/15_no_primers/11240_Negative_p3_S370_R1_cuta_noprim.fastq.gz,/hdd0/laucoo/fastq/V0347/16S/15_no_primers/11240_Negative_p3_S370_R2_cuta_noprim.fastq.gz,16S,run1
11240_Positive_p1_S371,/hdd0/laucoo/fastq/V0347/16S/15_no_primers/11240_Positive_p1_S371_R1_cuta_noprim.fastq.gz,/hdd0/laucoo/fastq/V0347/16S/15_no_primers/11240_Positive_p1_S371_R2_cuta_noprim.fastq.gz,16S,run1
11240_Positive_p2_S372,/hdd0/laucoo/fastq/V0347/16S/15_no_primers/11240_Positive_p2_S372_R1_cuta_noprim.fastq.gz,/hdd0/laucoo/fastq/V0347/16S/15_no_primers/11240_Positive_p2_S372_R2_cuta_noprim.fastq.gz,16S,run1
11240_Positive_p3_S373,/hdd0/laucoo/fastq/V0347/16S/15_no_primers/11240_Positive_p3_S373_R1_cuta_noprim.fastq.gz,/hdd0/laucoo/fastq/V0347/16S/15_no_primers/11240_Positive_p3_S373_R2_cuta_noprim.fastq.gz,16S,run1
11240_non_autoclaved_filter_S374,/hdd0/laucoo/fastq/V0347/16S/15_no_primers/11240_non_autoclaved_filter_S374_R1_cuta_noprim.fastq.gz,/hdd0/laucoo/fastq/V0347/16S/15_no_primers/11240_non_autoclaved_filter_S374_R2_cuta_noprim.fastq.gz,16S,run1
11240_HC_1123_W1_S136,/hdd0/laucoo/fastq/V0347/COI/15_no_primers/11240_HC_1123_W1_S136_R1_cuta_noprim.fastq.gz,/hdd0/laucoo/fastq/V0347/COI/15_no_primers/11240_HC_1123_W1_S136_R2_cuta_noprim.fastq.gz,CO1,run1
11240_HC_1123_W2_S137,/hdd0/laucoo/fastq/V0347/COI/15_no_primers/11240_HC_1123_W2_S137_R1_cuta_noprim.fastq.gz,/hdd0/laucoo/fastq/V0347/COI/15_no_primers/11240_HC_1123_W2_S137_R2_cuta_noprim.fastq.gz,CO1,run1
11240_HC_1123_W3_S138,/hdd0/laucoo/fastq/V0347/COI/15_no_primers/11240_HC_1123_W3_S138_R1_cuta_noprim.fastq.gz,/hdd0/laucoo/fastq/V0347/COI/15_no_primers/11240_HC_1123_W3_S138_R2_cuta_noprim.fastq.gz,CO1,run1
11240_HC_323_S10_S140,/hdd0/laucoo/fastq/V0347/COI/15_no_primers/11240_HC_323_S10_S140_R1_cuta_noprim.fastq.gz,/hdd0/laucoo/fastq/V0347/COI/15_no_primers/11240_HC_323_S10_S140_R2_cuta_noprim.fastq.gz,CO1,run1
11240_HC_323_S11_S141,/hdd0/laucoo/fastq/V0347/COI/15_no_primers/11240_HC_323_S11_S141_R1_cuta_noprim.fastq.gz,/hdd0/laucoo/fastq/V0347/COI/15_no_primers/11240_HC_323_S11_S141_R2_cuta_noprim.fastq.gz,CO1,run1
11240_HC_323_S12_S142,/hdd0/laucoo/fastq/V0347/COI/15_no_primers/11240_HC_323_S12_S142_R1_cuta_noprim.fastq.gz,/hdd0/laucoo/fastq/V0347/COI/15_no_primers/11240_HC_323_S12_S142_R2_cuta_noprim.fastq.gz,CO1,run1
11240_HC_323_S1_S139,/hdd0/laucoo/fastq/V0347/COI/15_no_primers/11240_HC_323_S1_S139_R1_cuta_noprim.fastq.gz,/hdd0/laucoo/fastq/V0347/COI/15_no_primers/11240_HC_323_S1_S139_R2_cuta_noprim.fastq.gz,CO1,run1
11240_HC_323_S2_S143,/hdd0/laucoo/fastq/V0347/COI/15_no_primers/11240_HC_323_S2_S143_R1_cuta_noprim.fastq.gz,/hdd0/laucoo/fastq/V0347/COI/15_no_primers/11240_HC_323_S2_S143_R2_cuta_noprim.fastq.gz,CO1,run1
11240_HC_323_S3_S144,/hdd0/laucoo/fastq/V0347/COI/15_no_primers/11240_HC_323_S3_S144_R1_cuta_noprim.fastq.gz,/hdd0/laucoo/fastq/V0347/COI/15_no_primers/11240_HC_323_S3_S144_R2_cuta_noprim.fastq.gz,CO1,run1
11240_HC_323_S4_S145,/hdd0/laucoo/fastq/V0347/COI/15_no_primers/11240_HC_323_S4_S145_R1_cuta_noprim.fastq.gz,/hdd0/laucoo/fastq/V0347/COI/15_no_primers/11240_HC_323_S4_S145_R2_cuta_noprim.fastq.gz,CO1,run1
11240_HC_323_S5_S146,/hdd0/laucoo/fastq/V0347/COI/15_no_primers/11240_HC_323_S5_S146_R1_cuta_noprim.fastq.gz,/hdd0/laucoo/fastq/V0347/COI/15_no_primers/11240_HC_323_S5_S146_R2_cuta_noprim.fastq.gz,CO1,run1
11240_HC_323_S6_S147,/hdd0/laucoo/fastq/V0347/COI/15_no_primers/11240_HC_323_S6_S147_R1_cuta_noprim.fastq.gz,/hdd0/laucoo/fastq/V0347/COI/15_no_primers/11240_HC_323_S6_S147_R2_cuta_noprim.fastq.gz,CO1,run1
11240_HC_323_S7_S148,/hdd0/laucoo/fastq/V0347/COI/15_no_primers/11240_HC_323_S7_S148_R1_cuta_noprim.fastq.gz,/hdd0/laucoo/fastq/V0347/COI/15_no_primers/11240_HC_323_S7_S148_R2_cuta_noprim.fastq.gz,CO1,run1
11240_HC_323_S8_S149,/hdd0/laucoo/fastq/V0347/COI/15_no_primers/11240_HC_323_S8_S149_R1_cuta_noprim.fastq.gz,/hdd0/laucoo/fastq/V0347/COI/15_no_primers/11240_HC_323_S8_S149_R2_cuta_noprim.fastq.gz,CO1,run1
11240_HC_323_S9_S150,/hdd0/laucoo/fastq/V0347/COI/15_no_primers/11240_HC_323_S9_S150_R1_cuta_noprim.fastq.gz,/hdd0/laucoo/fastq/V0347/COI/15_no_primers/11240_HC_323_S9_S150_R2_cuta_noprim.fastq.gz,CO1,run1
11240_HC_323_W1_S151,/hdd0/laucoo/fastq/V0347/COI/15_no_primers/11240_HC_323_W1_S151_R1_cuta_noprim.fastq.gz,/hdd0/laucoo/fastq/V0347/COI/15_no_primers/11240_HC_323_W1_S151_R2_cuta_noprim.fastq.gz,CO1,run1
11240_HC_323_W2_S152,/hdd0/laucoo/fastq/V0347/COI/15_no_primers/11240_HC_323_W2_S152_R1_cuta_noprim.fastq.gz,/hdd0/laucoo/fastq/V0347/COI/15_no_primers/11240_HC_323_W2_S152_R2_cuta_noprim.fastq.gz,CO1,run1
11240_HC_323_W3_S153,/hdd0/laucoo/fastq/V0347/COI/15_no_primers/11240_HC_323_W3_S153_R1_cuta_noprim.fastq.gz,/hdd0/laucoo/fastq/V0347/COI/15_no_primers/11240_HC_323_W3_S153_R2_cuta_noprim.fastq.gz,CO1,run1
11240_HC_621_S10_S155,/hdd0/laucoo/fastq/V0347/COI/15_no_primers/11240_HC_621_S10_S155_R1_cuta_noprim.fastq.gz,/hdd0/laucoo/fastq/V0347/COI/15_no_primers/11240_HC_621_S10_S155_R2_cuta_noprim.fastq.gz,CO1,run1
11240_HC_621_S11_S156,/hdd0/laucoo/fastq/V0347/COI/15_no_primers/11240_HC_621_S11_S156_R1_cuta_noprim.fastq.gz,/hdd0/laucoo/fastq/V0347/COI/15_no_primers/11240_HC_621_S11_S156_R2_cuta_noprim.fastq.gz,CO1,run1
11240_HC_621_S12_S157,/hdd0/laucoo/fastq/V0347/COI/15_no_primers/11240_HC_621_S12_S157_R1_cuta_noprim.fastq.gz,/hdd0/laucoo/fastq/V0347/COI/15_no_primers/11240_HC_621_S12_S157_R2_cuta_noprim.fastq.gz,CO1,run1
11240_HC_621_S1_S154,/hdd0/laucoo/fastq/V0347/COI/15_no_primers/11240_HC_621_S1_S154_R1_cuta_noprim.fastq.gz,/hdd0/laucoo/fastq/V0347/COI/15_no_primers/11240_HC_621_S1_S154_R2_cuta_noprim.fastq.gz,CO1,run1
11240_HC_621_S2_S158,/hdd0/laucoo/fastq/V0347/COI/15_no_primers/11240_HC_621_S2_S158_R1_cuta_noprim.fastq.gz,/hdd0/laucoo/fastq/V0347/COI/15_no_primers/11240_HC_621_S2_S158_R2_cuta_noprim.fastq.gz,CO1,run1
11240_HC_621_S3_S159,/hdd0/laucoo/fastq/V0347/COI/15_no_primers/11240_HC_621_S3_S159_R1_cuta_noprim.fastq.gz,/hdd0/laucoo/fastq/V0347/COI/15_no_primers/11240_HC_621_S3_S159_R2_cuta_noprim.fastq.gz,CO1,run1
11240_HC_621_S4_S160,/hdd0/laucoo/fastq/V0347/COI/15_no_primers/11240_HC_621_S4_S160_R1_cuta_noprim.fastq.gz,/hdd0/laucoo/fastq/V0347/COI/15_no_primers/11240_HC_621_S4_S160_R2_cuta_noprim.fastq.gz,CO1,run1
11240_HC_621_S5_S161,/hdd0/laucoo/fastq/V0347/COI/15_no_primers/11240_HC_621_S5_S161_R1_cuta_noprim.fastq.gz,/hdd0/laucoo/fastq/V0347/COI/15_no_primers/11240_HC_621_S5_S161_R2_cuta_noprim.fastq.gz,CO1,run1
11240_HC_621_S6_S162,/hdd0/laucoo/fastq/V0347/COI/15_no_primers/11240_HC_621_S6_S162_R1_cuta_noprim.fastq.gz,/hdd0/laucoo/fastq/V0347/COI/15_no_primers/11240_HC_621_S6_S162_R2_cuta_noprim.fastq.gz,CO1,run1
11240_HC_621_S7_S163,/hdd0/laucoo/fastq/V0347/COI/15_no_primers/11240_HC_621_S7_S163_R1_cuta_noprim.fastq.gz,/hdd0/laucoo/fastq/V0347/COI/15_no_primers/11240_HC_621_S7_S163_R2_cuta_noprim.fastq.gz,CO1,run1
11240_HC_621_S8_S164,/hdd0/laucoo/fastq/V0347/COI/15_no_primers/11240_HC_621_S8_S164_R1_cuta_noprim.fastq.gz,/hdd0/laucoo/fastq/V0347/COI/15_no_primers/11240_HC_621_S8_S164_R2_cuta_noprim.fastq.gz,CO1,run1
11240_HC_621_S9_S165,/hdd0/laucoo/fastq/V0347/COI/15_no_primers/11240_HC_621_S9_S165_R1_cuta_noprim.fastq.gz,/hdd0/laucoo/fastq/V0347/COI/15_no_primers/11240_HC_621_S9_S165_R2_cuta_noprim.fastq.gz,CO1,run1
11240_HC_721_W1_S166,/hdd0/laucoo/fastq/V0347/COI/15_no_primers/11240_HC_721_W1_S166_R1_cuta_noprim.fastq.gz,/hdd0/laucoo/fastq/V0347/COI/15_no_primers/11240_HC_721_W1_S166_R2_cuta_noprim.fastq.gz,CO1,run1
11240_HC_721_W2_S167,/hdd0/laucoo/fastq/V0347/COI/15_no_primers/11240_HC_721_W2_S167_R1_cuta_noprim.fastq.gz,/hdd0/laucoo/fastq/V0347/COI/15_no_primers/11240_HC_721_W2_S167_R2_cuta_noprim.fastq.gz,CO1,run1
11240_HC_721_W3_S168,/hdd0/laucoo/fastq/V0347/COI/15_no_primers/11240_HC_721_W3_S168_R1_cuta_noprim.fastq.gz,/hdd0/laucoo/fastq/V0347/COI/15_no_primers/11240_HC_721_W3_S168_R2_cuta_noprim.fastq.gz,CO1,run1
11240_HC_722_S10_S170,/hdd0/laucoo/fastq/V0347/COI/15_no_primers/11240_HC_722_S10_S170_R1_cuta_noprim.fastq.gz,/hdd0/laucoo/fastq/V0347/COI/15_no_primers/11240_HC_722_S10_S170_R2_cuta_noprim.fastq.gz,CO1,run1
11240_HC_722_S11_S171,/hdd0/laucoo/fastq/V0347/COI/15_no_primers/11240_HC_722_S11_S171_R1_cuta_noprim.fastq.gz,/hdd0/laucoo/fastq/V0347/COI/15_no_primers/11240_HC_722_S11_S171_R2_cuta_noprim.fastq.gz,CO1,run1
11240_HC_722_S12_S172,/hdd0/laucoo/fastq/V0347/COI/15_no_primers/11240_HC_722_S12_S172_R1_cuta_noprim.fastq.gz,/hdd0/laucoo/fastq/V0347/COI/15_no_primers/11240_HC_722_S12_S172_R2_cuta_noprim.fastq.gz,CO1,run1
11240_HC_722_S1_S169,/hdd0/laucoo/fastq/V0347/COI/15_no_primers/11240_HC_722_S1_S169_R1_cuta_noprim.fastq.gz,/hdd0/laucoo/fastq/V0347/COI/15_no_primers/11240_HC_722_S1_S169_R2_cuta_noprim.fastq.gz,CO1,run1
11240_HC_722_S2_S173,/hdd0/laucoo/fastq/V0347/COI/15_no_primers/11240_HC_722_S2_S173_R1_cuta_noprim.fastq.gz,/hdd0/laucoo/fastq/V0347/COI/15_no_primers/11240_HC_722_S2_S173_R2_cuta_noprim.fastq.gz,CO1,run1
11240_HC_722_S3_S174,/hdd0/laucoo/fastq/V0347/COI/15_no_primers/11240_HC_722_S3_S174_R1_cuta_noprim.fastq.gz,/hdd0/laucoo/fastq/V0347/COI/15_no_primers/11240_HC_722_S3_S174_R2_cuta_noprim.fastq.gz,CO1,run1
11240_HC_722_S4_S175,/hdd0/laucoo/fastq/V0347/COI/15_no_primers/11240_HC_722_S4_S175_R1_cuta_noprim.fastq.gz,/hdd0/laucoo/fastq/V0347/COI/15_no_primers/11240_HC_722_S4_S175_R2_cuta_noprim.fastq.gz,CO1,run1
11240_HC_722_S5_S176,/hdd0/laucoo/fastq/V0347/COI/15_no_primers/11240_HC_722_S5_S176_R1_cuta_noprim.fastq.gz,/hdd0/laucoo/fastq/V0347/COI/15_no_primers/11240_HC_722_S5_S176_R2_cuta_noprim.fastq.gz,CO1,run1
11240_HC_722_S6_S177,/hdd0/laucoo/fastq/V0347/COI/15_no_primers/11240_HC_722_S6_S177_R1_cuta_noprim.fastq.gz,/hdd0/laucoo/fastq/V0347/COI/15_no_primers/11240_HC_722_S6_S177_R2_cuta_noprim.fastq.gz,CO1,run1
11240_HC_722_S7_S178,/hdd0/laucoo/fastq/V0347/COI/15_no_primers/11240_HC_722_S7_S178_R1_cuta_noprim.fastq.gz,/hdd0/laucoo/fastq/V0347/COI/15_no_primers/11240_HC_722_S7_S178_R2_cuta_noprim.fastq.gz,CO1,run1
11240_HC_722_S8_S179,/hdd0/laucoo/fastq/V0347/COI/15_no_primers/11240_HC_722_S8_S179_R1_cuta_noprim.fastq.gz,/hdd0/laucoo/fastq/V0347/COI/15_no_primers/11240_HC_722_S8_S179_R2_cuta_noprim.fastq.gz,CO1,run1
11240_HC_722_S9_S180,/hdd0/laucoo/fastq/V0347/COI/15_no_primers/11240_HC_722_S9_S180_R1_cuta_noprim.fastq.gz,/hdd0/laucoo/fastq/V0347/COI/15_no_primers/11240_HC_722_S9_S180_R2_cuta_noprim.fastq.gz,CO1,run1
11240_HC_722_W1_S181,/hdd0/laucoo/fastq/V0347/COI/15_no_primers/11240_HC_722_W1_S181_R1_cuta_noprim.fastq.gz,/hdd0/laucoo/fastq/V0347/COI/15_no_primers/11240_HC_722_W1_S181_R2_cuta_noprim.fastq.gz,CO1,run1
11240_HC_722_W2_S182,/hdd0/laucoo/fastq/V0347/COI/15_no_primers/11240_HC_722_W2_S182_R1_cuta_noprim.fastq.gz,/hdd0/laucoo/fastq/V0347/COI/15_no_primers/11240_HC_722_W2_S182_R2_cuta_noprim.fastq.gz,CO1,run1
11240_HC_722_W3_S183,/hdd0/laucoo/fastq/V0347/COI/15_no_primers/11240_HC_722_W3_S183_R1_cuta_noprim.fastq.gz,/hdd0/laucoo/fastq/V0347/COI/15_no_primers/11240_HC_722_W3_S183_R2_cuta_noprim.fastq.gz,CO1,run1
11240_HH_1123_W1_S184,/hdd0/laucoo/fastq/V0347/COI/15_no_primers/11240_HH_1123_W1_S184_R1_cuta_noprim.fastq.gz,/hdd0/laucoo/fastq/V0347/COI/15_no_primers/11240_HH_1123_W1_S184_R2_cuta_noprim.fastq.gz,CO1,run1
11240_HH_1123_W2_S185,/hdd0/laucoo/fastq/V0347/COI/15_no_primers/11240_HH_1123_W2_S185_R1_cuta_noprim.fastq.gz,/hdd0/laucoo/fastq/V0347/COI/15_no_primers/11240_HH_1123_W2_S185_R2_cuta_noprim.fastq.gz,CO1,run1
11240_HH_1123_W3_S186,/hdd0/laucoo/fastq/V0347/COI/15_no_primers/11240_HH_1123_W3_S186_R1_cuta_noprim.fastq.gz,/hdd0/laucoo/fastq/V0347/COI/15_no_primers/11240_HH_1123_W3_S186_R2_cuta_noprim.fastq.gz,CO1,run1
11240_HH_323_W1_S187,/hdd0/laucoo/fastq/V0347/COI/15_no_primers/11240_HH_323_W1_S187_R1_cuta_noprim.fastq.gz,/hdd0/laucoo/fastq/V0347/COI/15_no_primers/11240_HH_323_W1_S187_R2_cuta_noprim.fastq.gz,CO1,run1
11240_HH_323_W2_S188,/hdd0/laucoo/fastq/V0347/COI/15_no_primers/11240_HH_323_W2_S188_R1_cuta_noprim.fastq.gz,/hdd0/laucoo/fastq/V0347/COI/15_no_primers/11240_HH_323_W2_S188_R2_cuta_noprim.fastq.gz,CO1,run1
11240_HH_323_W3_S189,/hdd0/laucoo/fastq/V0347/COI/15_no_primers/11240_HH_323_W3_S189_R1_cuta_noprim.fastq.gz,/hdd0/laucoo/fastq/V0347/COI/15_no_primers/11240_HH_323_W3_S189_R2_cuta_noprim.fastq.gz,CO1,run1
11240_HH_722_S10_S191,/hdd0/laucoo/fastq/V0347/COI/15_no_primers/11240_HH_722_S10_S191_R1_cuta_noprim.fastq.gz,/hdd0/laucoo/fastq/V0347/COI/15_no_primers/11240_HH_722_S10_S191_R2_cuta_noprim.fastq.gz,CO1,run1
11240_HH_722_S11_S192,/hdd0/laucoo/fastq/V0347/COI/15_no_primers/11240_HH_722_S11_S192_R1_cuta_noprim.fastq.gz,/hdd0/laucoo/fastq/V0347/COI/15_no_primers/11240_HH_722_S11_S192_R2_cuta_noprim.fastq.gz,CO1,run1
11240_HH_722_S12_S193,/hdd0/laucoo/fastq/V0347/COI/15_no_primers/11240_HH_722_S12_S193_R1_cuta_noprim.fastq.gz,/hdd0/laucoo/fastq/V0347/COI/15_no_primers/11240_HH_722_S12_S193_R2_cuta_noprim.fastq.gz,CO1,run1
11240_HH_722_S1_S190,/hdd0/laucoo/fastq/V0347/COI/15_no_primers/11240_HH_722_S1_S190_R1_cuta_noprim.fastq.gz,/hdd0/laucoo/fastq/V0347/COI/15_no_primers/11240_HH_722_S1_S190_R2_cuta_noprim.fastq.gz,CO1,run1
11240_HH_722_S2_S194,/hdd0/laucoo/fastq/V0347/COI/15_no_primers/11240_HH_722_S2_S194_R1_cuta_noprim.fastq.gz,/hdd0/laucoo/fastq/V0347/COI/15_no_primers/11240_HH_722_S2_S194_R2_cuta_noprim.fastq.gz,CO1,run1
11240_HH_722_S3_S195,/hdd0/laucoo/fastq/V0347/COI/15_no_primers/11240_HH_722_S3_S195_R1_cuta_noprim.fastq.gz,/hdd0/laucoo/fastq/V0347/COI/15_no_primers/11240_HH_722_S3_S195_R2_cuta_noprim.fastq.gz,CO1,run1
11240_HH_722_S4_S196,/hdd0/laucoo/fastq/V0347/COI/15_no_primers/11240_HH_722_S4_S196_R1_cuta_noprim.fastq.gz,/hdd0/laucoo/fastq/V0347/COI/15_no_primers/11240_HH_722_S4_S196_R2_cuta_noprim.fastq.gz,CO1,run1
11240_HH_722_S5_S197,/hdd0/laucoo/fastq/V0347/COI/15_no_primers/11240_HH_722_S5_S197_R1_cuta_noprim.fastq.gz,/hdd0/laucoo/fastq/V0347/COI/15_no_primers/11240_HH_722_S5_S197_R2_cuta_noprim.fastq.gz,CO1,run1
11240_HH_722_S6_S198,/hdd0/laucoo/fastq/V0347/COI/15_no_primers/11240_HH_722_S6_S198_R1_cuta_noprim.fastq.gz,/hdd0/laucoo/fastq/V0347/COI/15_no_primers/11240_HH_722_S6_S198_R2_cuta_noprim.fastq.gz,CO1,run1
11240_HH_722_S7_S199,/hdd0/laucoo/fastq/V0347/COI/15_no_primers/11240_HH_722_S7_S199_R1_cuta_noprim.fastq.gz,/hdd0/laucoo/fastq/V0347/COI/15_no_primers/11240_HH_722_S7_S199_R2_cuta_noprim.fastq.gz,CO1,run1
11240_HH_722_S8_S200,/hdd0/laucoo/fastq/V0347/COI/15_no_primers/11240_HH_722_S8_S200_R1_cuta_noprim.fastq.gz,/hdd0/laucoo/fastq/V0347/COI/15_no_primers/11240_HH_722_S8_S200_R2_cuta_noprim.fastq.gz,CO1,run1
11240_HH_722_S9_S201,/hdd0/laucoo/fastq/V0347/COI/15_no_primers/11240_HH_722_S9_S201_R1_cuta_noprim.fastq.gz,/hdd0/laucoo/fastq/V0347/COI/15_no_primers/11240_HH_722_S9_S201_R2_cuta_noprim.fastq.gz,CO1,run1
11240_HH_722_W1_S202,/hdd0/laucoo/fastq/V0347/COI/15_no_primers/11240_HH_722_W1_S202_R1_cuta_noprim.fastq.gz,/hdd0/laucoo/fastq/V0347/COI/15_no_primers/11240_HH_722_W1_S202_R2_cuta_noprim.fastq.gz,CO1,run1
11240_HH_722_W2_S203,/hdd0/laucoo/fastq/V0347/COI/15_no_primers/11240_HH_722_W2_S203_R1_cuta_noprim.fastq.gz,/hdd0/laucoo/fastq/V0347/COI/15_no_primers/11240_HH_722_W2_S203_R2_cuta_noprim.fastq.gz,CO1,run1
11240_HH_722_W3_S204,/hdd0/laucoo/fastq/V0347/COI/15_no_primers/11240_HH_722_W3_S204_R1_cuta_noprim.fastq.gz,/hdd0/laucoo/fastq/V0347/COI/15_no_primers/11240_HH_722_W3_S204_R2_cuta_noprim.fastq.gz,CO1,run1
11240_HR6_21_S10_S205,/hdd0/laucoo/fastq/V0347/COI/15_no_primers/11240_HR6_21_S10_S205_R1_cuta_noprim.fastq.gz,/hdd0/laucoo/fastq/V0347/COI/15_no_primers/11240_HR6_21_S10_S205_R2_cuta_noprim.fastq.gz,CO1,run1
11240_HR6_21_S11_S206,/hdd0/laucoo/fastq/V0347/COI/15_no_primers/11240_HR6_21_S11_S206_R1_cuta_noprim.fastq.gz,/hdd0/laucoo/fastq/V0347/COI/15_no_primers/11240_HR6_21_S11_S206_R2_cuta_noprim.fastq.gz,CO1,run1
11240_HR6_21_S12_S207,/hdd0/laucoo/fastq/V0347/COI/15_no_primers/11240_HR6_21_S12_S207_R1_cuta_noprim.fastq.gz,/hdd0/laucoo/fastq/V0347/COI/15_no_primers/11240_HR6_21_S12_S207_R2_cuta_noprim.fastq.gz,CO1,run1
11240_HR6_21_S9_S208,/hdd0/laucoo/fastq/V0347/COI/15_no_primers/11240_HR6_21_S9_S208_R1_cuta_noprim.fastq.gz,/hdd0/laucoo/fastq/V0347/COI/15_no_primers/11240_HR6_21_S9_S208_R2_cuta_noprim.fastq.gz,CO1,run1
11240_HR_1123_W1_S209,/hdd0/laucoo/fastq/V0347/COI/15_no_primers/11240_HR_1123_W1_S209_R1_cuta_noprim.fastq.gz,/hdd0/laucoo/fastq/V0347/COI/15_no_primers/11240_HR_1123_W1_S209_R2_cuta_noprim.fastq.gz,CO1,run1
11240_HR_1123_W2_S210,/hdd0/laucoo/fastq/V0347/COI/15_no_primers/11240_HR_1123_W2_S210_R1_cuta_noprim.fastq.gz,/hdd0/laucoo/fastq/V0347/COI/15_no_primers/11240_HR_1123_W2_S210_R2_cuta_noprim.fastq.gz,CO1,run1
11240_HR_1123_W3_S211,/hdd0/laucoo/fastq/V0347/COI/15_no_primers/11240_HR_1123_W3_S211_R1_cuta_noprim.fastq.gz,/hdd0/laucoo/fastq/V0347/COI/15_no_primers/11240_HR_1123_W3_S211_R2_cuta_noprim.fastq.gz,CO1,run1
11240_HR_323_S10_S213,/hdd0/laucoo/fastq/V0347/COI/15_no_primers/11240_HR_323_S10_S213_R1_cuta_noprim.fastq.gz,/hdd0/laucoo/fastq/V0347/COI/15_no_primers/11240_HR_323_S10_S213_R2_cuta_noprim.fastq.gz,CO1,run1
11240_HR_323_S11_S214,/hdd0/laucoo/fastq/V0347/COI/15_no_primers/11240_HR_323_S11_S214_R1_cuta_noprim.fastq.gz,/hdd0/laucoo/fastq/V0347/COI/15_no_primers/11240_HR_323_S11_S214_R2_cuta_noprim.fastq.gz,CO1,run1
11240_HR_323_S12_S215,/hdd0/laucoo/fastq/V0347/COI/15_no_primers/11240_HR_323_S12_S215_R1_cuta_noprim.fastq.gz,/hdd0/laucoo/fastq/V0347/COI/15_no_primers/11240_HR_323_S12_S215_R2_cuta_noprim.fastq.gz,CO1,run1
11240_HR_323_S1_S212,/hdd0/laucoo/fastq/V0347/COI/15_no_primers/11240_HR_323_S1_S212_R1_cuta_noprim.fastq.gz,/hdd0/laucoo/fastq/V0347/COI/15_no_primers/11240_HR_323_S1_S212_R2_cuta_noprim.fastq.gz,CO1,run1
11240_HR_323_S2_S216,/hdd0/laucoo/fastq/V0347/COI/15_no_primers/11240_HR_323_S2_S216_R1_cuta_noprim.fastq.gz,/hdd0/laucoo/fastq/V0347/COI/15_no_primers/11240_HR_323_S2_S216_R2_cuta_noprim.fastq.gz,CO1,run1
11240_HR_323_S3_S217,/hdd0/laucoo/fastq/V0347/COI/15_no_primers/11240_HR_323_S3_S217_R1_cuta_noprim.fastq.gz,/hdd0/laucoo/fastq/V0347/COI/15_no_primers/11240_HR_323_S3_S217_R2_cuta_noprim.fastq.gz,CO1,run1
11240_HR_323_S4_S218,/hdd0/laucoo/fastq/V0347/COI/15_no_primers/11240_HR_323_S4_S218_R1_cuta_noprim.fastq.gz,/hdd0/laucoo/fastq/V0347/COI/15_no_primers/11240_HR_323_S4_S218_R2_cuta_noprim.fastq.gz,CO1,run1
11240_HR_323_S5_S219,/hdd0/laucoo/fastq/V0347/COI/15_no_primers/11240_HR_323_S5_S219_R1_cuta_noprim.fastq.gz,/hdd0/laucoo/fastq/V0347/COI/15_no_primers/11240_HR_323_S5_S219_R2_cuta_noprim.fastq.gz,CO1,run1
11240_HR_323_S6_S220,/hdd0/laucoo/fastq/V0347/COI/15_no_primers/11240_HR_323_S6_S220_R1_cuta_noprim.fastq.gz,/hdd0/laucoo/fastq/V0347/COI/15_no_primers/11240_HR_323_S6_S220_R2_cuta_noprim.fastq.gz,CO1,run1
11240_HR_323_S7_S221,/hdd0/laucoo/fastq/V0347/COI/15_no_primers/11240_HR_323_S7_S221_R1_cuta_noprim.fastq.gz,/hdd0/laucoo/fastq/V0347/COI/15_no_primers/11240_HR_323_S7_S221_R2_cuta_noprim.fastq.gz,CO1,run1
11240_HR_323_S8_S222,/hdd0/laucoo/fastq/V0347/COI/15_no_primers/11240_HR_323_S8_S222_R1_cuta_noprim.fastq.gz,/hdd0/laucoo/fastq/V0347/COI/15_no_primers/11240_HR_323_S8_S222_R2_cuta_noprim.fastq.gz,CO1,run1
11240_HR_323_S9_S223,/hdd0/laucoo/fastq/V0347/COI/15_no_primers/11240_HR_323_S9_S223_R1_cuta_noprim.fastq.gz,/hdd0/laucoo/fastq/V0347/COI/15_no_primers/11240_HR_323_S9_S223_R2_cuta_noprim.fastq.gz,CO1,run1
11240_HR_323_W1_S224,/hdd0/laucoo/fastq/V0347/COI/15_no_primers/11240_HR_323_W1_S224_R1_cuta_noprim.fastq.gz,/hdd0/laucoo/fastq/V0347/COI/15_no_primers/11240_HR_323_W1_S224_R2_cuta_noprim.fastq.gz,CO1,run1
11240_HR_323_W2_S225,/hdd0/laucoo/fastq/V0347/COI/15_no_primers/11240_HR_323_W2_S225_R1_cuta_noprim.fastq.gz,/hdd0/laucoo/fastq/V0347/COI/15_no_primers/11240_HR_323_W2_S225_R2_cuta_noprim.fastq.gz,CO1,run1
11240_HR_323_W3_S226,/hdd0/laucoo/fastq/V0347/COI/15_no_primers/11240_HR_323_W3_S226_R1_cuta_noprim.fastq.gz,/hdd0/laucoo/fastq/V0347/COI/15_no_primers/11240_HR_323_W3_S226_R2_cuta_noprim.fastq.gz,CO1,run1
11240_HR_621_S1_S227,/hdd0/laucoo/fastq/V0347/COI/15_no_primers/11240_HR_621_S1_S227_R1_cuta_noprim.fastq.gz,/hdd0/laucoo/fastq/V0347/COI/15_no_primers/11240_HR_621_S1_S227_R2_cuta_noprim.fastq.gz,CO1,run1
11240_HR_621_S2_S228,/hdd0/laucoo/fastq/V0347/COI/15_no_primers/11240_HR_621_S2_S228_R1_cuta_noprim.fastq.gz,/hdd0/laucoo/fastq/V0347/COI/15_no_primers/11240_HR_621_S2_S228_R2_cuta_noprim.fastq.gz,CO1,run1
11240_HR_621_S3_S229,/hdd0/laucoo/fastq/V0347/COI/15_no_primers/11240_HR_621_S3_S229_R1_cuta_noprim.fastq.gz,/hdd0/laucoo/fastq/V0347/COI/15_no_primers/11240_HR_621_S3_S229_R2_cuta_noprim.fastq.gz,CO1,run1
11240_HR_621_S4_S230,/hdd0/laucoo/fastq/V0347/COI/15_no_primers/11240_HR_621_S4_S230_R1_cuta_noprim.fastq.gz,/hdd0/laucoo/fastq/V0347/COI/15_no_primers/11240_HR_621_S4_S230_R2_cuta_noprim.fastq.gz,CO1,run1
11240_HR_621_S5_S231,/hdd0/laucoo/fastq/V0347/COI/15_no_primers/11240_HR_621_S5_S231_R1_cuta_noprim.fastq.gz,/hdd0/laucoo/fastq/V0347/COI/15_no_primers/11240_HR_621_S5_S231_R2_cuta_noprim.fastq.gz,CO1,run1
11240_HR_621_S6_S232,/hdd0/laucoo/fastq/V0347/COI/15_no_primers/11240_HR_621_S6_S232_R1_cuta_noprim.fastq.gz,/hdd0/laucoo/fastq/V0347/COI/15_no_primers/11240_HR_621_S6_S232_R2_cuta_noprim.fastq.gz,CO1,run1
11240_HR_621_S7_S233,/hdd0/laucoo/fastq/V0347/COI/15_no_primers/11240_HR_621_S7_S233_R1_cuta_noprim.fastq.gz,/hdd0/laucoo/fastq/V0347/COI/15_no_primers/11240_HR_621_S7_S233_R2_cuta_noprim.fastq.gz,CO1,run1
11240_HR_621_S8_S234,/hdd0/laucoo/fastq/V0347/COI/15_no_primers/11240_HR_621_S8_S234_R1_cuta_noprim.fastq.gz,/hdd0/laucoo/fastq/V0347/COI/15_no_primers/11240_HR_621_S8_S234_R2_cuta_noprim.fastq.gz,CO1,run1
11240_HR_721_W1_S235,/hdd0/laucoo/fastq/V0347/COI/15_no_primers/11240_HR_721_W1_S235_R1_cuta_noprim.fastq.gz,/hdd0/laucoo/fastq/V0347/COI/15_no_primers/11240_HR_721_W1_S235_R2_cuta_noprim.fastq.gz,CO1,run1
11240_HR_721_W2_S236,/hdd0/laucoo/fastq/V0347/COI/15_no_primers/11240_HR_721_W2_S236_R1_cuta_noprim.fastq.gz,/hdd0/laucoo/fastq/V0347/COI/15_no_primers/11240_HR_721_W2_S236_R2_cuta_noprim.fastq.gz,CO1,run1
11240_HR_721_W3_S237,/hdd0/laucoo/fastq/V0347/COI/15_no_primers/11240_HR_721_W3_S237_R1_cuta_noprim.fastq.gz,/hdd0/laucoo/fastq/V0347/COI/15_no_primers/11240_HR_721_W3_S237_R2_cuta_noprim.fastq.gz,CO1,run1
11240_HR_722_S10_S239,/hdd0/laucoo/fastq/V0347/COI/15_no_primers/11240_HR_722_S10_S239_R1_cuta_noprim.fastq.gz,/hdd0/laucoo/fastq/V0347/COI/15_no_primers/11240_HR_722_S10_S239_R2_cuta_noprim.fastq.gz,CO1,run1
11240_HR_722_S11_S240,/hdd0/laucoo/fastq/V0347/COI/15_no_primers/11240_HR_722_S11_S240_R1_cuta_noprim.fastq.gz,/hdd0/laucoo/fastq/V0347/COI/15_no_primers/11240_HR_722_S11_S240_R2_cuta_noprim.fastq.gz,CO1,run1
11240_HR_722_S12_S241,/hdd0/laucoo/fastq/V0347/COI/15_no_primers/11240_HR_722_S12_S241_R1_cuta_noprim.fastq.gz,/hdd0/laucoo/fastq/V0347/COI/15_no_primers/11240_HR_722_S12_S241_R2_cuta_noprim.fastq.gz,CO1,run1
11240_HR_722_S1_S238,/hdd0/laucoo/fastq/V0347/COI/15_no_primers/11240_HR_722_S1_S238_R1_cuta_noprim.fastq.gz,/hdd0/laucoo/fastq/V0347/COI/15_no_primers/11240_HR_722_S1_S238_R2_cuta_noprim.fastq.gz,CO1,run1
11240_HR_722_S2_S242,/hdd0/laucoo/fastq/V0347/COI/15_no_primers/11240_HR_722_S2_S242_R1_cuta_noprim.fastq.gz,/hdd0/laucoo/fastq/V0347/COI/15_no_primers/11240_HR_722_S2_S242_R2_cuta_noprim.fastq.gz,CO1,run1
11240_HR_722_S3_S243,/hdd0/laucoo/fastq/V0347/COI/15_no_primers/11240_HR_722_S3_S243_R1_cuta_noprim.fastq.gz,/hdd0/laucoo/fastq/V0347/COI/15_no_primers/11240_HR_722_S3_S243_R2_cuta_noprim.fastq.gz,CO1,run1
11240_HR_722_S4_S244,/hdd0/laucoo/fastq/V0347/COI/15_no_primers/11240_HR_722_S4_S244_R1_cuta_noprim.fastq.gz,/hdd0/laucoo/fastq/V0347/COI/15_no_primers/11240_HR_722_S4_S244_R2_cuta_noprim.fastq.gz,CO1,run1
11240_HR_722_S5_S245,/hdd0/laucoo/fastq/V0347/COI/15_no_primers/11240_HR_722_S5_S245_R1_cuta_noprim.fastq.gz,/hdd0/laucoo/fastq/V0347/COI/15_no_primers/11240_HR_722_S5_S245_R2_cuta_noprim.fastq.gz,CO1,run1
11240_HR_722_S6_S246,/hdd0/laucoo/fastq/V0347/COI/15_no_primers/11240_HR_722_S6_S246_R1_cuta_noprim.fastq.gz,/hdd0/laucoo/fastq/V0347/COI/15_no_primers/11240_HR_722_S6_S246_R2_cuta_noprim.fastq.gz,CO1,run1
11240_HR_722_S7_S247,/hdd0/laucoo/fastq/V0347/COI/15_no_primers/11240_HR_722_S7_S247_R1_cuta_noprim.fastq.gz,/hdd0/laucoo/fastq/V0347/COI/15_no_primers/11240_HR_722_S7_S247_R2_cuta_noprim.fastq.gz,CO1,run1
11240_HR_722_S8_S248,/hdd0/laucoo/fastq/V0347/COI/15_no_primers/11240_HR_722_S8_S248_R1_cuta_noprim.fastq.gz,/hdd0/laucoo/fastq/V0347/COI/15_no_primers/11240_HR_722_S8_S248_R2_cuta_noprim.fastq.gz,CO1,run1
11240_HR_722_S9_S249,/hdd0/laucoo/fastq/V0347/COI/15_no_primers/11240_HR_722_S9_S249_R1_cuta_noprim.fastq.gz,/hdd0/laucoo/fastq/V0347/COI/15_no_primers/11240_HR_722_S9_S249_R2_cuta_noprim.fastq.gz,CO1,run1
11240_HR_722_W1_S250,/hdd0/laucoo/fastq/V0347/COI/15_no_primers/11240_HR_722_W1_S250_R1_cuta_noprim.fastq.gz,/hdd0/laucoo/fastq/V0347/COI/15_no_primers/11240_HR_722_W1_S250_R2_cuta_noprim.fastq.gz,CO1,run1
11240_HR_722_W2_S251,/hdd0/laucoo/fastq/V0347/COI/15_no_primers/11240_HR_722_W2_S251_R1_cuta_noprim.fastq.gz,/hdd0/laucoo/fastq/V0347/COI/15_no_primers/11240_HR_722_W2_S251_R2_cuta_noprim.fastq.gz,CO1,run1
11240_HR_722_W3_S252,/hdd0/laucoo/fastq/V0347/COI/15_no_primers/11240_HR_722_W3_S252_R1_cuta_noprim.fastq.gz,/hdd0/laucoo/fastq/V0347/COI/15_no_primers/11240_HR_722_W3_S252_R2_cuta_noprim.fastq.gz,CO1,run1
11240_LC_1121_S10_S254,/hdd0/laucoo/fastq/V0347/COI/15_no_primers/11240_LC_1121_S10_S254_R1_cuta_noprim.fastq.gz,/hdd0/laucoo/fastq/V0347/COI/15_no_primers/11240_LC_1121_S10_S254_R2_cuta_noprim.fastq.gz,CO1,run1
11240_LC_1121_S11_S255,/hdd0/laucoo/fastq/V0347/COI/15_no_primers/11240_LC_1121_S11_S255_R1_cuta_noprim.fastq.gz,/hdd0/laucoo/fastq/V0347/COI/15_no_primers/11240_LC_1121_S11_S255_R2_cuta_noprim.fastq.gz,CO1,run1
11240_LC_1121_S12_S256,/hdd0/laucoo/fastq/V0347/COI/15_no_primers/11240_LC_1121_S12_S256_R1_cuta_noprim.fastq.gz,/hdd0/laucoo/fastq/V0347/COI/15_no_primers/11240_LC_1121_S12_S256_R2_cuta_noprim.fastq.gz,CO1,run1
11240_LC_1121_S1_S253,/hdd0/laucoo/fastq/V0347/COI/15_no_primers/11240_LC_1121_S1_S253_R1_cuta_noprim.fastq.gz,/hdd0/laucoo/fastq/V0347/COI/15_no_primers/11240_LC_1121_S1_S253_R2_cuta_noprim.fastq.gz,CO1,run1
11240_LC_1121_S2_S257,/hdd0/laucoo/fastq/V0347/COI/15_no_primers/11240_LC_1121_S2_S257_R1_cuta_noprim.fastq.gz,/hdd0/laucoo/fastq/V0347/COI/15_no_primers/11240_LC_1121_S2_S257_R2_cuta_noprim.fastq.gz,CO1,run1
11240_LC_1121_S3_S258,/hdd0/laucoo/fastq/V0347/COI/15_no_primers/11240_LC_1121_S3_S258_R1_cuta_noprim.fastq.gz,/hdd0/laucoo/fastq/V0347/COI/15_no_primers/11240_LC_1121_S3_S258_R2_cuta_noprim.fastq.gz,CO1,run1
11240_LC_1121_S4_S259,/hdd0/laucoo/fastq/V0347/COI/15_no_primers/11240_LC_1121_S4_S259_R1_cuta_noprim.fastq.gz,/hdd0/laucoo/fastq/V0347/COI/15_no_primers/11240_LC_1121_S4_S259_R2_cuta_noprim.fastq.gz,CO1,run1
11240_LC_1121_S5_S260,/hdd0/laucoo/fastq/V0347/COI/15_no_primers/11240_LC_1121_S5_S260_R1_cuta_noprim.fastq.gz,/hdd0/laucoo/fastq/V0347/COI/15_no_primers/11240_LC_1121_S5_S260_R2_cuta_noprim.fastq.gz,CO1,run1
11240_LC_1121_S6_S261,/hdd0/laucoo/fastq/V0347/COI/15_no_primers/11240_LC_1121_S6_S261_R1_cuta_noprim.fastq.gz,/hdd0/laucoo/fastq/V0347/COI/15_no_primers/11240_LC_1121_S6_S261_R2_cuta_noprim.fastq.gz,CO1,run1
11240_LC_1121_S7_S262,/hdd0/laucoo/fastq/V0347/COI/15_no_primers/11240_LC_1121_S7_S262_R1_cuta_noprim.fastq.gz,/hdd0/laucoo/fastq/V0347/COI/15_no_primers/11240_LC_1121_S7_S262_R2_cuta_noprim.fastq.gz,CO1,run1
11240_LC_1121_S8_S263,/hdd0/laucoo/fastq/V0347/COI/15_no_primers/11240_LC_1121_S8_S263_R1_cuta_noprim.fastq.gz,/hdd0/laucoo/fastq/V0347/COI/15_no_primers/11240_LC_1121_S8_S263_R2_cuta_noprim.fastq.gz,CO1,run1
11240_LC_1121_S9_S264,/hdd0/laucoo/fastq/V0347/COI/15_no_primers/11240_LC_1121_S9_S264_R1_cuta_noprim.fastq.gz,/hdd0/laucoo/fastq/V0347/COI/15_no_primers/11240_LC_1121_S9_S264_R2_cuta_noprim.fastq.gz,CO1,run1
11240_LC_1121_W1_S265,/hdd0/laucoo/fastq/V0347/COI/15_no_primers/11240_LC_1121_W1_S265_R1_cuta_noprim.fastq.gz,/hdd0/laucoo/fastq/V0347/COI/15_no_primers/11240_LC_1121_W1_S265_R2_cuta_noprim.fastq.gz,CO1,run1
11240_LC_1121_W2_S266,/hdd0/laucoo/fastq/V0347/COI/15_no_primers/11240_LC_1121_W2_S266_R1_cuta_noprim.fastq.gz,/hdd0/laucoo/fastq/V0347/COI/15_no_primers/11240_LC_1121_W2_S266_R2_cuta_noprim.fastq.gz,CO1,run1
11240_LC_1121_W3_S267,/hdd0/laucoo/fastq/V0347/COI/15_no_primers/11240_LC_1121_W3_S267_R1_cuta_noprim.fastq.gz,/hdd0/laucoo/fastq/V0347/COI/15_no_primers/11240_LC_1121_W3_S267_R2_cuta_noprim.fastq.gz,CO1,run1
11240_LC_323_S10_S269,/hdd0/laucoo/fastq/V0347/COI/15_no_primers/11240_LC_323_S10_S269_R1_cuta_noprim.fastq.gz,/hdd0/laucoo/fastq/V0347/COI/15_no_primers/11240_LC_323_S10_S269_R2_cuta_noprim.fastq.gz,CO1,run1
11240_LC_323_S11_S270,/hdd0/laucoo/fastq/V0347/COI/15_no_primers/11240_LC_323_S11_S270_R1_cuta_noprim.fastq.gz,/hdd0/laucoo/fastq/V0347/COI/15_no_primers/11240_LC_323_S11_S270_R2_cuta_noprim.fastq.gz,CO1,run1
11240_LC_323_S12_S271,/hdd0/laucoo/fastq/V0347/COI/15_no_primers/11240_LC_323_S12_S271_R1_cuta_noprim.fastq.gz,/hdd0/laucoo/fastq/V0347/COI/15_no_primers/11240_LC_323_S12_S271_R2_cuta_noprim.fastq.gz,CO1,run1
11240_LC_323_S1_S268,/hdd0/laucoo/fastq/V0347/COI/15_no_primers/11240_LC_323_S1_S268_R1_cuta_noprim.fastq.gz,/hdd0/laucoo/fastq/V0347/COI/15_no_primers/11240_LC_323_S1_S268_R2_cuta_noprim.fastq.gz,CO1,run1
11240_LC_323_S2_S272,/hdd0/laucoo/fastq/V0347/COI/15_no_primers/11240_LC_323_S2_S272_R1_cuta_noprim.fastq.gz,/hdd0/laucoo/fastq/V0347/COI/15_no_primers/11240_LC_323_S2_S272_R2_cuta_noprim.fastq.gz,CO1,run1
11240_LC_323_S3_S273,/hdd0/laucoo/fastq/V0347/COI/15_no_primers/11240_LC_323_S3_S273_R1_cuta_noprim.fastq.gz,/hdd0/laucoo/fastq/V0347/COI/15_no_primers/11240_LC_323_S3_S273_R2_cuta_noprim.fastq.gz,CO1,run1
11240_LC_323_S4_S274,/hdd0/laucoo/fastq/V0347/COI/15_no_primers/11240_LC_323_S4_S274_R1_cuta_noprim.fastq.gz,/hdd0/laucoo/fastq/V0347/COI/15_no_primers/11240_LC_323_S4_S274_R2_cuta_noprim.fastq.gz,CO1,run1
11240_LC_323_S5_S275,/hdd0/laucoo/fastq/V0347/COI/15_no_primers/11240_LC_323_S5_S275_R1_cuta_noprim.fastq.gz,/hdd0/laucoo/fastq/V0347/COI/15_no_primers/11240_LC_323_S5_S275_R2_cuta_noprim.fastq.gz,CO1,run1
11240_LC_323_S6_S276,/hdd0/laucoo/fastq/V0347/COI/15_no_primers/11240_LC_323_S6_S276_R1_cuta_noprim.fastq.gz,/hdd0/laucoo/fastq/V0347/COI/15_no_primers/11240_LC_323_S6_S276_R2_cuta_noprim.fastq.gz,CO1,run1
11240_LC_323_S7_S277,/hdd0/laucoo/fastq/V0347/COI/15_no_primers/11240_LC_323_S7_S277_R1_cuta_noprim.fastq.gz,/hdd0/laucoo/fastq/V0347/COI/15_no_primers/11240_LC_323_S7_S277_R2_cuta_noprim.fastq.gz,CO1,run1
11240_LC_323_S8_S278,/hdd0/laucoo/fastq/V0347/COI/15_no_primers/11240_LC_323_S8_S278_R1_cuta_noprim.fastq.gz,/hdd0/laucoo/fastq/V0347/COI/15_no_primers/11240_LC_323_S8_S278_R2_cuta_noprim.fastq.gz,CO1,run1
11240_LC_323_S9_S279,/hdd0/laucoo/fastq/V0347/COI/15_no_primers/11240_LC_323_S9_S279_R1_cuta_noprim.fastq.gz,/hdd0/laucoo/fastq/V0347/COI/15_no_primers/11240_LC_323_S9_S279_R2_cuta_noprim.fastq.gz,CO1,run1
11240_LC_323_W1_S280,/hdd0/laucoo/fastq/V0347/COI/15_no_primers/11240_LC_323_W1_S280_R1_cuta_noprim.fastq.gz,/hdd0/laucoo/fastq/V0347/COI/15_no_primers/11240_LC_323_W1_S280_R2_cuta_noprim.fastq.gz,CO1,run1
11240_LC_323_W2_S281,/hdd0/laucoo/fastq/V0347/COI/15_no_primers/11240_LC_323_W2_S281_R1_cuta_noprim.fastq.gz,/hdd0/laucoo/fastq/V0347/COI/15_no_primers/11240_LC_323_W2_S281_R2_cuta_noprim.fastq.gz,CO1,run1
11240_LC_621_S1_S282,/hdd0/laucoo/fastq/V0347/COI/15_no_primers/11240_LC_621_S1_S282_R1_cuta_noprim.fastq.gz,/hdd0/laucoo/fastq/V0347/COI/15_no_primers/11240_LC_621_S1_S282_R2_cuta_noprim.fastq.gz,CO1,run1
11240_LC_621_S2_S283,/hdd0/laucoo/fastq/V0347/COI/15_no_primers/11240_LC_621_S2_S283_R1_cuta_noprim.fastq.gz,/hdd0/laucoo/fastq/V0347/COI/15_no_primers/11240_LC_621_S2_S283_R2_cuta_noprim.fastq.gz,CO1,run1
11240_LC_621_S3_S284,/hdd0/laucoo/fastq/V0347/COI/15_no_primers/11240_LC_621_S3_S284_R1_cuta_noprim.fastq.gz,/hdd0/laucoo/fastq/V0347/COI/15_no_primers/11240_LC_621_S3_S284_R2_cuta_noprim.fastq.gz,CO1,run1
11240_LC_621_S4_S285,/hdd0/laucoo/fastq/V0347/COI/15_no_primers/11240_LC_621_S4_S285_R1_cuta_noprim.fastq.gz,/hdd0/laucoo/fastq/V0347/COI/15_no_primers/11240_LC_621_S4_S285_R2_cuta_noprim.fastq.gz,CO1,run1
11240_LC_621_S5_S286,/hdd0/laucoo/fastq/V0347/COI/15_no_primers/11240_LC_621_S5_S286_R1_cuta_noprim.fastq.gz,/hdd0/laucoo/fastq/V0347/COI/15_no_primers/11240_LC_621_S5_S286_R2_cuta_noprim.fastq.gz,CO1,run1
11240_LC_621_S6_S287,/hdd0/laucoo/fastq/V0347/COI/15_no_primers/11240_LC_621_S6_S287_R1_cuta_noprim.fastq.gz,/hdd0/laucoo/fastq/V0347/COI/15_no_primers/11240_LC_621_S6_S287_R2_cuta_noprim.fastq.gz,CO1,run1
11240_LC_621_S7_S288,/hdd0/laucoo/fastq/V0347/COI/15_no_primers/11240_LC_621_S7_S288_R1_cuta_noprim.fastq.gz,/hdd0/laucoo/fastq/V0347/COI/15_no_primers/11240_LC_621_S7_S288_R2_cuta_noprim.fastq.gz,CO1,run1
11240_LC_721_W1_S289,/hdd0/laucoo/fastq/V0347/COI/15_no_primers/11240_LC_721_W1_S289_R1_cuta_noprim.fastq.gz,/hdd0/laucoo/fastq/V0347/COI/15_no_primers/11240_LC_721_W1_S289_R2_cuta_noprim.fastq.gz,CO1,run1
11240_LC_721_W2_S290,/hdd0/laucoo/fastq/V0347/COI/15_no_primers/11240_LC_721_W2_S290_R1_cuta_noprim.fastq.gz,/hdd0/laucoo/fastq/V0347/COI/15_no_primers/11240_LC_721_W2_S290_R2_cuta_noprim.fastq.gz,CO1,run1
11240_LC_721_W3_S291,/hdd0/laucoo/fastq/V0347/COI/15_no_primers/11240_LC_721_W3_S291_R1_cuta_noprim.fastq.gz,/hdd0/laucoo/fastq/V0347/COI/15_no_primers/11240_LC_721_W3_S291_R2_cuta_noprim.fastq.gz,CO1,run1
11240_LC_722_S10_S293,/hdd0/laucoo/fastq/V0347/COI/15_no_primers/11240_LC_722_S10_S293_R1_cuta_noprim.fastq.gz,/hdd0/laucoo/fastq/V0347/COI/15_no_primers/11240_LC_722_S10_S293_R2_cuta_noprim.fastq.gz,CO1,run1
11240_LC_722_S11_S294,/hdd0/laucoo/fastq/V0347/COI/15_no_primers/11240_LC_722_S11_S294_R1_cuta_noprim.fastq.gz,/hdd0/laucoo/fastq/V0347/COI/15_no_primers/11240_LC_722_S11_S294_R2_cuta_noprim.fastq.gz,CO1,run1
11240_LC_722_S12_S295,/hdd0/laucoo/fastq/V0347/COI/15_no_primers/11240_LC_722_S12_S295_R1_cuta_noprim.fastq.gz,/hdd0/laucoo/fastq/V0347/COI/15_no_primers/11240_LC_722_S12_S295_R2_cuta_noprim.fastq.gz,CO1,run1
11240_LC_722_S1_S292,/hdd0/laucoo/fastq/V0347/COI/15_no_primers/11240_LC_722_S1_S292_R1_cuta_noprim.fastq.gz,/hdd0/laucoo/fastq/V0347/COI/15_no_primers/11240_LC_722_S1_S292_R2_cuta_noprim.fastq.gz,CO1,run1
11240_LC_722_S2_S296,/hdd0/laucoo/fastq/V0347/COI/15_no_primers/11240_LC_722_S2_S296_R1_cuta_noprim.fastq.gz,/hdd0/laucoo/fastq/V0347/COI/15_no_primers/11240_LC_722_S2_S296_R2_cuta_noprim.fastq.gz,CO1,run1
11240_LC_722_S3_S297,/hdd0/laucoo/fastq/V0347/COI/15_no_primers/11240_LC_722_S3_S297_R1_cuta_noprim.fastq.gz,/hdd0/laucoo/fastq/V0347/COI/15_no_primers/11240_LC_722_S3_S297_R2_cuta_noprim.fastq.gz,CO1,run1
11240_LC_722_S4_S298,/hdd0/laucoo/fastq/V0347/COI/15_no_primers/11240_LC_722_S4_S298_R1_cuta_noprim.fastq.gz,/hdd0/laucoo/fastq/V0347/COI/15_no_primers/11240_LC_722_S4_S298_R2_cuta_noprim.fastq.gz,CO1,run1
11240_LC_722_S5_S299,/hdd0/laucoo/fastq/V0347/COI/15_no_primers/11240_LC_722_S5_S299_R1_cuta_noprim.fastq.gz,/hdd0/laucoo/fastq/V0347/COI/15_no_primers/11240_LC_722_S5_S299_R2_cuta_noprim.fastq.gz,CO1,run1
11240_LC_722_S6_S300,/hdd0/laucoo/fastq/V0347/COI/15_no_primers/11240_LC_722_S6_S300_R1_cuta_noprim.fastq.gz,/hdd0/laucoo/fastq/V0347/COI/15_no_primers/11240_LC_722_S6_S300_R2_cuta_noprim.fastq.gz,CO1,run1
11240_LC_722_S7_S301,/hdd0/laucoo/fastq/V0347/COI/15_no_primers/11240_LC_722_S7_S301_R1_cuta_noprim.fastq.gz,/hdd0/laucoo/fastq/V0347/COI/15_no_primers/11240_LC_722_S7_S301_R2_cuta_noprim.fastq.gz,CO1,run1
11240_LC_722_S8_S302,/hdd0/laucoo/fastq/V0347/COI/15_no_primers/11240_LC_722_S8_S302_R1_cuta_noprim.fastq.gz,/hdd0/laucoo/fastq/V0347/COI/15_no_primers/11240_LC_722_S8_S302_R2_cuta_noprim.fastq.gz,CO1,run1
11240_LC_722_S9_S303,/hdd0/laucoo/fastq/V0347/COI/15_no_primers/11240_LC_722_S9_S303_R1_cuta_noprim.fastq.gz,/hdd0/laucoo/fastq/V0347/COI/15_no_primers/11240_LC_722_S9_S303_R2_cuta_noprim.fastq.gz,CO1,run1
11240_LC_722_W1_S304,/hdd0/laucoo/fastq/V0347/COI/15_no_primers/11240_LC_722_W1_S304_R1_cuta_noprim.fastq.gz,/hdd0/laucoo/fastq/V0347/COI/15_no_primers/11240_LC_722_W1_S304_R2_cuta_noprim.fastq.gz,CO1,run1
11240_LC_722_W2_S305,/hdd0/laucoo/fastq/V0347/COI/15_no_primers/11240_LC_722_W2_S305_R1_cuta_noprim.fastq.gz,/hdd0/laucoo/fastq/V0347/COI/15_no_primers/11240_LC_722_W2_S305_R2_cuta_noprim.fastq.gz,CO1,run1
11240_LC_722_W3_S306,/hdd0/laucoo/fastq/V0347/COI/15_no_primers/11240_LC_722_W3_S306_R1_cuta_noprim.fastq.gz,/hdd0/laucoo/fastq/V0347/COI/15_no_primers/11240_LC_722_W3_S306_R2_cuta_noprim.fastq.gz,CO1,run1
11240_LR_1121_S10_S308,/hdd0/laucoo/fastq/V0347/COI/15_no_primers/11240_LR_1121_S10_S308_R1_cuta_noprim.fastq.gz,/hdd0/laucoo/fastq/V0347/COI/15_no_primers/11240_LR_1121_S10_S308_R2_cuta_noprim.fastq.gz,CO1,run1
11240_LR_1121_S11_S309,/hdd0/laucoo/fastq/V0347/COI/15_no_primers/11240_LR_1121_S11_S309_R1_cuta_noprim.fastq.gz,/hdd0/laucoo/fastq/V0347/COI/15_no_primers/11240_LR_1121_S11_S309_R2_cuta_noprim.fastq.gz,CO1,run1
11240_LR_1121_S12_S310,/hdd0/laucoo/fastq/V0347/COI/15_no_primers/11240_LR_1121_S12_S310_R1_cuta_noprim.fastq.gz,/hdd0/laucoo/fastq/V0347/COI/15_no_primers/11240_LR_1121_S12_S310_R2_cuta_noprim.fastq.gz,CO1,run1
11240_LR_1121_S1_S307,/hdd0/laucoo/fastq/V0347/COI/15_no_primers/11240_LR_1121_S1_S307_R1_cuta_noprim.fastq.gz,/hdd0/laucoo/fastq/V0347/COI/15_no_primers/11240_LR_1121_S1_S307_R2_cuta_noprim.fastq.gz,CO1,run1
11240_LR_1121_S2_S311,/hdd0/laucoo/fastq/V0347/COI/15_no_primers/11240_LR_1121_S2_S311_R1_cuta_noprim.fastq.gz,/hdd0/laucoo/fastq/V0347/COI/15_no_primers/11240_LR_1121_S2_S311_R2_cuta_noprim.fastq.gz,CO1,run1
11240_LR_1121_S3_S312,/hdd0/laucoo/fastq/V0347/COI/15_no_primers/11240_LR_1121_S3_S312_R1_cuta_noprim.fastq.gz,/hdd0/laucoo/fastq/V0347/COI/15_no_primers/11240_LR_1121_S3_S312_R2_cuta_noprim.fastq.gz,CO1,run1
11240_LR_1121_S4_S313,/hdd0/laucoo/fastq/V0347/COI/15_no_primers/11240_LR_1121_S4_S313_R1_cuta_noprim.fastq.gz,/hdd0/laucoo/fastq/V0347/COI/15_no_primers/11240_LR_1121_S4_S313_R2_cuta_noprim.fastq.gz,CO1,run1
11240_LR_1121_S5_S314,/hdd0/laucoo/fastq/V0347/COI/15_no_primers/11240_LR_1121_S5_S314_R1_cuta_noprim.fastq.gz,/hdd0/laucoo/fastq/V0347/COI/15_no_primers/11240_LR_1121_S5_S314_R2_cuta_noprim.fastq.gz,CO1,run1
11240_LR_1121_S6_S315,/hdd0/laucoo/fastq/V0347/COI/15_no_primers/11240_LR_1121_S6_S315_R1_cuta_noprim.fastq.gz,/hdd0/laucoo/fastq/V0347/COI/15_no_primers/11240_LR_1121_S6_S315_R2_cuta_noprim.fastq.gz,CO1,run1
11240_LR_1121_S7_S316,/hdd0/laucoo/fastq/V0347/COI/15_no_primers/11240_LR_1121_S7_S316_R1_cuta_noprim.fastq.gz,/hdd0/laucoo/fastq/V0347/COI/15_no_primers/11240_LR_1121_S7_S316_R2_cuta_noprim.fastq.gz,CO1,run1
11240_LR_1121_S8_S317,/hdd0/laucoo/fastq/V0347/COI/15_no_primers/11240_LR_1121_S8_S317_R1_cuta_noprim.fastq.gz,/hdd0/laucoo/fastq/V0347/COI/15_no_primers/11240_LR_1121_S8_S317_R2_cuta_noprim.fastq.gz,CO1,run1
11240_LR_1121_S9_S318,/hdd0/laucoo/fastq/V0347/COI/15_no_primers/11240_LR_1121_S9_S318_R1_cuta_noprim.fastq.gz,/hdd0/laucoo/fastq/V0347/COI/15_no_primers/11240_LR_1121_S9_S318_R2_cuta_noprim.fastq.gz,CO1,run1
11240_LR_1121_W1_S319,/hdd0/laucoo/fastq/V0347/COI/15_no_primers/11240_LR_1121_W1_S319_R1_cuta_noprim.fastq.gz,/hdd0/laucoo/fastq/V0347/COI/15_no_primers/11240_LR_1121_W1_S319_R2_cuta_noprim.fastq.gz,CO1,run1
11240_LR_1121_W2_S320,/hdd0/laucoo/fastq/V0347/COI/15_no_primers/11240_LR_1121_W2_S320_R1_cuta_noprim.fastq.gz,/hdd0/laucoo/fastq/V0347/COI/15_no_primers/11240_LR_1121_W2_S320_R2_cuta_noprim.fastq.gz,CO1,run1
11240_LR_1121_W3_S321,/hdd0/laucoo/fastq/V0347/COI/15_no_primers/11240_LR_1121_W3_S321_R1_cuta_noprim.fastq.gz,/hdd0/laucoo/fastq/V0347/COI/15_no_primers/11240_LR_1121_W3_S321_R2_cuta_noprim.fastq.gz,CO1,run1
11240_LR_323_S10_S323,/hdd0/laucoo/fastq/V0347/COI/15_no_primers/11240_LR_323_S10_S323_R1_cuta_noprim.fastq.gz,/hdd0/laucoo/fastq/V0347/COI/15_no_primers/11240_LR_323_S10_S323_R2_cuta_noprim.fastq.gz,CO1,run1
11240_LR_323_S11_S324,/hdd0/laucoo/fastq/V0347/COI/15_no_primers/11240_LR_323_S11_S324_R1_cuta_noprim.fastq.gz,/hdd0/laucoo/fastq/V0347/COI/15_no_primers/11240_LR_323_S11_S324_R2_cuta_noprim.fastq.gz,CO1,run1
11240_LR_323_S12_S325,/hdd0/laucoo/fastq/V0347/COI/15_no_primers/11240_LR_323_S12_S325_R1_cuta_noprim.fastq.gz,/hdd0/laucoo/fastq/V0347/COI/15_no_primers/11240_LR_323_S12_S325_R2_cuta_noprim.fastq.gz,CO1,run1
11240_LR_323_S1_S322,/hdd0/laucoo/fastq/V0347/COI/15_no_primers/11240_LR_323_S1_S322_R1_cuta_noprim.fastq.gz,/hdd0/laucoo/fastq/V0347/COI/15_no_primers/11240_LR_323_S1_S322_R2_cuta_noprim.fastq.gz,CO1,run1
11240_LR_323_S2_S326,/hdd0/laucoo/fastq/V0347/COI/15_no_primers/11240_LR_323_S2_S326_R1_cuta_noprim.fastq.gz,/hdd0/laucoo/fastq/V0347/COI/15_no_primers/11240_LR_323_S2_S326_R2_cuta_noprim.fastq.gz,CO1,run1
11240_LR_323_S3_S327,/hdd0/laucoo/fastq/V0347/COI/15_no_primers/11240_LR_323_S3_S327_R1_cuta_noprim.fastq.gz,/hdd0/laucoo/fastq/V0347/COI/15_no_primers/11240_LR_323_S3_S327_R2_cuta_noprim.fastq.gz,CO1,run1
11240_LR_323_S4_S328,/hdd0/laucoo/fastq/V0347/COI/15_no_primers/11240_LR_323_S4_S328_R1_cuta_noprim.fastq.gz,/hdd0/laucoo/fastq/V0347/COI/15_no_primers/11240_LR_323_S4_S328_R2_cuta_noprim.fastq.gz,CO1,run1
11240_LR_323_S5_S329,/hdd0/laucoo/fastq/V0347/COI/15_no_primers/11240_LR_323_S5_S329_R1_cuta_noprim.fastq.gz,/hdd0/laucoo/fastq/V0347/COI/15_no_primers/11240_LR_323_S5_S329_R2_cuta_noprim.fastq.gz,CO1,run1
11240_LR_323_S6_S330,/hdd0/laucoo/fastq/V0347/COI/15_no_primers/11240_LR_323_S6_S330_R1_cuta_noprim.fastq.gz,/hdd0/laucoo/fastq/V0347/COI/15_no_primers/11240_LR_323_S6_S330_R2_cuta_noprim.fastq.gz,CO1,run1
11240_LR_323_S7_S331,/hdd0/laucoo/fastq/V0347/COI/15_no_primers/11240_LR_323_S7_S331_R1_cuta_noprim.fastq.gz,/hdd0/laucoo/fastq/V0347/COI/15_no_primers/11240_LR_323_S7_S331_R2_cuta_noprim.fastq.gz,CO1,run1
11240_LR_323_S8_S332,/hdd0/laucoo/fastq/V0347/COI/15_no_primers/11240_LR_323_S8_S332_R1_cuta_noprim.fastq.gz,/hdd0/laucoo/fastq/V0347/COI/15_no_primers/11240_LR_323_S8_S332_R2_cuta_noprim.fastq.gz,CO1,run1
11240_LR_323_S9_S333,/hdd0/laucoo/fastq/V0347/COI/15_no_primers/11240_LR_323_S9_S333_R1_cuta_noprim.fastq.gz,/hdd0/laucoo/fastq/V0347/COI/15_no_primers/11240_LR_323_S9_S333_R2_cuta_noprim.fastq.gz,CO1,run1
11240_LR_323_W1_S334,/hdd0/laucoo/fastq/V0347/COI/15_no_primers/11240_LR_323_W1_S334_R1_cuta_noprim.fastq.gz,/hdd0/laucoo/fastq/V0347/COI/15_no_primers/11240_LR_323_W1_S334_R2_cuta_noprim.fastq.gz,CO1,run1
11240_LR_323_W3_S335,/hdd0/laucoo/fastq/V0347/COI/15_no_primers/11240_LR_323_W3_S335_R1_cuta_noprim.fastq.gz,/hdd0/laucoo/fastq/V0347/COI/15_no_primers/11240_LR_323_W3_S335_R2_cuta_noprim.fastq.gz,CO1,run1
11240_LR_621_S10_S337,/hdd0/laucoo/fastq/V0347/COI/15_no_primers/11240_LR_621_S10_S337_R1_cuta_noprim.fastq.gz,/hdd0/laucoo/fastq/V0347/COI/15_no_primers/11240_LR_621_S10_S337_R2_cuta_noprim.fastq.gz,CO1,run1
11240_LR_621_S11_S338,/hdd0/laucoo/fastq/V0347/COI/15_no_primers/11240_LR_621_S11_S338_R1_cuta_noprim.fastq.gz,/hdd0/laucoo/fastq/V0347/COI/15_no_primers/11240_LR_621_S11_S338_R2_cuta_noprim.fastq.gz,CO1,run1
11240_LR_621_S12_S339,/hdd0/laucoo/fastq/V0347/COI/15_no_primers/11240_LR_621_S12_S339_R1_cuta_noprim.fastq.gz,/hdd0/laucoo/fastq/V0347/COI/15_no_primers/11240_LR_621_S12_S339_R2_cuta_noprim.fastq.gz,CO1,run1
11240_LR_621_S1_S336,/hdd0/laucoo/fastq/V0347/COI/15_no_primers/11240_LR_621_S1_S336_R1_cuta_noprim.fastq.gz,/hdd0/laucoo/fastq/V0347/COI/15_no_primers/11240_LR_621_S1_S336_R2_cuta_noprim.fastq.gz,CO1,run1
11240_LR_621_S2_S340,/hdd0/laucoo/fastq/V0347/COI/15_no_primers/11240_LR_621_S2_S340_R1_cuta_noprim.fastq.gz,/hdd0/laucoo/fastq/V0347/COI/15_no_primers/11240_LR_621_S2_S340_R2_cuta_noprim.fastq.gz,CO1,run1
11240_LR_621_S3_S341,/hdd0/laucoo/fastq/V0347/COI/15_no_primers/11240_LR_621_S3_S341_R1_cuta_noprim.fastq.gz,/hdd0/laucoo/fastq/V0347/COI/15_no_primers/11240_LR_621_S3_S341_R2_cuta_noprim.fastq.gz,CO1,run1
11240_LR_621_S4_S342,/hdd0/laucoo/fastq/V0347/COI/15_no_primers/11240_LR_621_S4_S342_R1_cuta_noprim.fastq.gz,/hdd0/laucoo/fastq/V0347/COI/15_no_primers/11240_LR_621_S4_S342_R2_cuta_noprim.fastq.gz,CO1,run1
11240_LR_621_S5_S343,/hdd0/laucoo/fastq/V0347/COI/15_no_primers/11240_LR_621_S5_S343_R1_cuta_noprim.fastq.gz,/hdd0/laucoo/fastq/V0347/COI/15_no_primers/11240_LR_621_S5_S343_R2_cuta_noprim.fastq.gz,CO1,run1
11240_LR_621_S6_S344,/hdd0/laucoo/fastq/V0347/COI/15_no_primers/11240_LR_621_S6_S344_R1_cuta_noprim.fastq.gz,/hdd0/laucoo/fastq/V0347/COI/15_no_primers/11240_LR_621_S6_S344_R2_cuta_noprim.fastq.gz,CO1,run1
11240_LR_621_S7_S345,/hdd0/laucoo/fastq/V0347/COI/15_no_primers/11240_LR_621_S7_S345_R1_cuta_noprim.fastq.gz,/hdd0/laucoo/fastq/V0347/COI/15_no_primers/11240_LR_621_S7_S345_R2_cuta_noprim.fastq.gz,CO1,run1
11240_LR_621_S8_S346,/hdd0/laucoo/fastq/V0347/COI/15_no_primers/11240_LR_621_S8_S346_R1_cuta_noprim.fastq.gz,/hdd0/laucoo/fastq/V0347/COI/15_no_primers/11240_LR_621_S8_S346_R2_cuta_noprim.fastq.gz,CO1,run1
11240_LR_621_S9_S347,/hdd0/laucoo/fastq/V0347/COI/15_no_primers/11240_LR_621_S9_S347_R1_cuta_noprim.fastq.gz,/hdd0/laucoo/fastq/V0347/COI/15_no_primers/11240_LR_621_S9_S347_R2_cuta_noprim.fastq.gz,CO1,run1
11240_LR_721_W1_S348,/hdd0/laucoo/fastq/V0347/COI/15_no_primers/11240_LR_721_W1_S348_R1_cuta_noprim.fastq.gz,/hdd0/laucoo/fastq/V0347/COI/15_no_primers/11240_LR_721_W1_S348_R2_cuta_noprim.fastq.gz,CO1,run1
11240_LR_721_W2_S349,/hdd0/laucoo/fastq/V0347/COI/15_no_primers/11240_LR_721_W2_S349_R1_cuta_noprim.fastq.gz,/hdd0/laucoo/fastq/V0347/COI/15_no_primers/11240_LR_721_W2_S349_R2_cuta_noprim.fastq.gz,CO1,run1
11240_LR_721_W3_S350,/hdd0/laucoo/fastq/V0347/COI/15_no_primers/11240_LR_721_W3_S350_R1_cuta_noprim.fastq.gz,/hdd0/laucoo/fastq/V0347/COI/15_no_primers/11240_LR_721_W3_S350_R2_cuta_noprim.fastq.gz,CO1,run1
11240_LR_722_S10_S352,/hdd0/laucoo/fastq/V0347/COI/15_no_primers/11240_LR_722_S10_S352_R1_cuta_noprim.fastq.gz,/hdd0/laucoo/fastq/V0347/COI/15_no_primers/11240_LR_722_S10_S352_R2_cuta_noprim.fastq.gz,CO1,run1
11240_LR_722_S11_S353,/hdd0/laucoo/fastq/V0347/COI/15_no_primers/11240_LR_722_S11_S353_R1_cuta_noprim.fastq.gz,/hdd0/laucoo/fastq/V0347/COI/15_no_primers/11240_LR_722_S11_S353_R2_cuta_noprim.fastq.gz,CO1,run1
11240_LR_722_S12_S354,/hdd0/laucoo/fastq/V0347/COI/15_no_primers/11240_LR_722_S12_S354_R1_cuta_noprim.fastq.gz,/hdd0/laucoo/fastq/V0347/COI/15_no_primers/11240_LR_722_S12_S354_R2_cuta_noprim.fastq.gz,CO1,run1
11240_LR_722_S1_S351,/hdd0/laucoo/fastq/V0347/COI/15_no_primers/11240_LR_722_S1_S351_R1_cuta_noprim.fastq.gz,/hdd0/laucoo/fastq/V0347/COI/15_no_primers/11240_LR_722_S1_S351_R2_cuta_noprim.fastq.gz,CO1,run1
11240_LR_722_S2_S355,/hdd0/laucoo/fastq/V0347/COI/15_no_primers/11240_LR_722_S2_S355_R1_cuta_noprim.fastq.gz,/hdd0/laucoo/fastq/V0347/COI/15_no_primers/11240_LR_722_S2_S355_R2_cuta_noprim.fastq.gz,CO1,run1
11240_LR_722_S3_S356,/hdd0/laucoo/fastq/V0347/COI/15_no_primers/11240_LR_722_S3_S356_R1_cuta_noprim.fastq.gz,/hdd0/laucoo/fastq/V0347/COI/15_no_primers/11240_LR_722_S3_S356_R2_cuta_noprim.fastq.gz,CO1,run1
11240_LR_722_S4_S357,/hdd0/laucoo/fastq/V0347/COI/15_no_primers/11240_LR_722_S4_S357_R1_cuta_noprim.fastq.gz,/hdd0/laucoo/fastq/V0347/COI/15_no_primers/11240_LR_722_S4_S357_R2_cuta_noprim.fastq.gz,CO1,run1
11240_LR_722_S5_S358,/hdd0/laucoo/fastq/V0347/COI/15_no_primers/11240_LR_722_S5_S358_R1_cuta_noprim.fastq.gz,/hdd0/laucoo/fastq/V0347/COI/15_no_primers/11240_LR_722_S5_S358_R2_cuta_noprim.fastq.gz,CO1,run1
11240_LR_722_S6_S359,/hdd0/laucoo/fastq/V0347/COI/15_no_primers/11240_LR_722_S6_S359_R1_cuta_noprim.fastq.gz,/hdd0/laucoo/fastq/V0347/COI/15_no_primers/11240_LR_722_S6_S359_R2_cuta_noprim.fastq.gz,CO1,run1
11240_LR_722_S7_S360,/hdd0/laucoo/fastq/V0347/COI/15_no_primers/11240_LR_722_S7_S360_R1_cuta_noprim.fastq.gz,/hdd0/laucoo/fastq/V0347/COI/15_no_primers/11240_LR_722_S7_S360_R2_cuta_noprim.fastq.gz,CO1,run1
11240_LR_722_S8_S361,/hdd0/laucoo/fastq/V0347/COI/15_no_primers/11240_LR_722_S8_S361_R1_cuta_noprim.fastq.gz,/hdd0/laucoo/fastq/V0347/COI/15_no_primers/11240_LR_722_S8_S361_R2_cuta_noprim.fastq.gz,CO1,run1
11240_LR_722_S9_S362,/hdd0/laucoo/fastq/V0347/COI/15_no_primers/11240_LR_722_S9_S362_R1_cuta_noprim.fastq.gz,/hdd0/laucoo/fastq/V0347/COI/15_no_primers/11240_LR_722_S9_S362_R2_cuta_noprim.fastq.gz,CO1,run1
11240_LR_722_W1_S363,/hdd0/laucoo/fastq/V0347/COI/15_no_primers/11240_LR_722_W1_S363_R1_cuta_noprim.fastq.gz,/hdd0/laucoo/fastq/V0347/COI/15_no_primers/11240_LR_722_W1_S363_R2_cuta_noprim.fastq.gz,CO1,run1
11240_LR_722_W2_S364,/hdd0/laucoo/fastq/V0347/COI/15_no_primers/11240_LR_722_W2_S364_R1_cuta_noprim.fastq.gz,/hdd0/laucoo/fastq/V0347/COI/15_no_primers/11240_LR_722_W2_S364_R2_cuta_noprim.fastq.gz,CO1,run1
11240_LR_722_W3_S365,/hdd0/laucoo/fastq/V0347/COI/15_no_primers/11240_LR_722_W3_S365_R1_cuta_noprim.fastq.gz,/hdd0/laucoo/fastq/V0347/COI/15_no_primers/11240_LR_722_W3_S365_R2_cuta_noprim.fastq.gz,CO1,run1
